> Task :notification-service:compileJava UP-TO-DATE
> Task :notification-service:processResources UP-TO-DATE
> Task :notification-service:classes UP-TO-DATE
> Task :notification-service:resolveMainClassName

> Task :notification-service:bootRun

  .   ____          _            __ _ _
 /\\ / ___'_ __ _ _(_)_ __  __ _ \ \ \ \
( ( )\___ | '_ | '_| | '_ \/ _` | \ \ \ \
 \\/  ___)| |_)| | | | | || (_| |  ) ) ) )
  '  |____| .__|_| |_|_| |_\__, | / / / /
 =========|_|==============|___/=/_/_/_/

 :: Spring Boot ::                (v3.4.2)

2026-02-28T16:41:39.777+01:00  INFO 42770 --- [notification-service] [           main] c.s.n.NotificationServiceApplication     : Starting NotificationServiceApplication using Java 21.0.10 with PID 42770 (/home/messali/Polytech_Ing2/JVM/SouqStationStore/notification-service/build/classes/java/main started by messali in /home/messali/Polytech_Ing2/JVM/SouqStationStore/notification-service)
2026-02-28T16:41:39.778+01:00  INFO 42770 --- [notification-service] [           main] c.s.n.NotificationServiceApplication     : No active profile set, falling back to 1 default profile: "default"
2026-02-28T16:41:40.022+01:00  INFO 42770 --- [notification-service] [           main] .s.d.r.c.RepositoryConfigurationDelegate : Bootstrapping Spring Data JPA repositories in DEFAULT mode.
2026-02-28T16:41:40.046+01:00  INFO 42770 --- [notification-service] [           main] .s.d.r.c.RepositoryConfigurationDelegate : Finished Spring Data repository scanning in 20 ms. Found 2 JPA repository interfaces.
2026-02-28T16:41:40.255+01:00  INFO 42770 --- [notification-service] [           main] o.s.b.w.embedded.tomcat.TomcatWebServer  : Tomcat initialized with port 8083 (http)
2026-02-28T16:41:40.261+01:00  INFO 42770 --- [notification-service] [           main] o.apache.catalina.core.StandardService   : Starting service [Tomcat]
2026-02-28T16:41:40.261+01:00  INFO 42770 --- [notification-service] [           main] o.apache.catalina.core.StandardEngine    : Starting Servlet engine: [Apache Tomcat/10.1.34]
2026-02-28T16:41:40.281+01:00  INFO 42770 --- [notification-service] [           main] o.a.c.c.C.[Tomcat].[localhost].[/]       : Initializing Spring embedded WebApplicationContext
2026-02-28T16:41:40.282+01:00  INFO 42770 --- [notification-service] [           main] w.s.c.ServletWebServerApplicationContext : Root WebApplicationContext: initialization completed in 487 ms
2026-02-28T16:41:40.345+01:00  INFO 42770 --- [notification-service] [           main] o.hibernate.jpa.internal.util.LogHelper  : HHH000204: Processing PersistenceUnitInfo [name: default]
2026-02-28T16:41:40.370+01:00  INFO 42770 --- [notification-service] [           main] org.hibernate.Version                    : HHH000412: Hibernate ORM core version 6.6.5.Final
2026-02-28T16:41:40.387+01:00  INFO 42770 --- [notification-service] [           main] o.h.c.internal.RegionFactoryInitiator    : HHH000026: Second-level cache disabled
2026-02-28T16:41:40.496+01:00  INFO 42770 --- [notification-service] [           main] o.s.o.j.p.SpringPersistenceUnitInfo      : No LoadTimeWeaver setup: ignoring JPA class transformer
2026-02-28T16:41:40.508+01:00  INFO 42770 --- [notification-service] [           main] com.zaxxer.hikari.HikariDataSource       : HikariPool-1 - Starting...
2026-02-28T16:41:40.577+01:00  INFO 42770 --- [notification-service] [           main] com.zaxxer.hikari.pool.HikariPool        : HikariPool-1 - Added connection org.postgresql.jdbc.PgConnection@76af34b5
2026-02-28T16:41:40.577+01:00  INFO 42770 --- [notification-service] [           main] com.zaxxer.hikari.HikariDataSource       : HikariPool-1 - Start completed.
2026-02-28T16:41:40.604+01:00  INFO 42770 --- [notification-service] [           main] org.hibernate.orm.connections.pooling    : HHH10001005: Database info:
	Database JDBC URL [Connecting through datasource 'HikariDataSource (HikariPool-1)']
	Database driver: undefined/unknown
	Database version: 16.12
	Autocommit mode: undefined/unknown
	Isolation level: undefined/unknown
	Minimum pool size: undefined/unknown
	Maximum pool size: undefined/unknown
2026-02-28T16:41:40.953+01:00  INFO 42770 --- [notification-service] [           main] o.h.e.t.j.p.i.JtaPlatformInitiator       : HHH000489: No JTA platform available (set 'hibernate.transaction.jta.platform' to enable JTA platform integration)
2026-02-28T16:41:41.000+01:00  INFO 42770 --- [notification-service] [           main] j.LocalContainerEntityManagerFactoryBean : Initialized JPA EntityManagerFactory for persistence unit 'default'
2026-02-28T16:41:41.196+01:00  WARN 42770 --- [notification-service] [           main] JpaBaseConfiguration$JpaWebConfiguration : spring.jpa.open-in-view is enabled by default. Therefore, database queries may be performed during view rendering. Explicitly configure spring.jpa.open-in-view to disable this warning
2026-02-28T16:41:41.344+01:00  INFO 42770 --- [notification-service] [           main] o.s.b.w.embedded.tomcat.TomcatWebServer  : Tomcat started on port 8083 (http) with context path '/'
2026-02-28T16:41:41.360+01:00  INFO 42770 --- [notification-service] [           main] o.a.k.clients.consumer.ConsumerConfig    : ConsumerConfig values: 
	allow.auto.create.topics = true
	auto.commit.interval.ms = 5000
	auto.include.jmx.reporter = true
	auto.offset.reset = earliest
	bootstrap.servers = [localhost:29092]
	check.crcs = true
	client.dns.lookup = use_all_dns_ips
	client.id = consumer-notification-service-1
	client.rack = 
	connections.max.idle.ms = 540000
	default.api.timeout.ms = 60000
	enable.auto.commit = false
	enable.metrics.push = true
	exclude.internal.topics = true
	fetch.max.bytes = 52428800
	fetch.max.wait.ms = 500
	fetch.min.bytes = 1
	group.id = notification-service
	group.instance.id = null
	group.protocol = classic
	group.remote.assignor = null
	heartbeat.interval.ms = 3000
	interceptor.classes = []
	internal.leave.group.on.close = true
	internal.throw.on.fetch.stable.offset.unsupported = false
	isolation.level = read_uncommitted
	key.deserializer = class org.apache.kafka.common.serialization.StringDeserializer
	max.partition.fetch.bytes = 1048576
	max.poll.interval.ms = 300000
	max.poll.records = 500
	metadata.max.age.ms = 300000
	metadata.recovery.strategy = none
	metric.reporters = []
	metrics.num.samples = 2
	metrics.recording.level = INFO
	metrics.sample.window.ms = 30000
	partition.assignment.strategy = [class org.apache.kafka.clients.consumer.RangeAssignor, class org.apache.kafka.clients.consumer.CooperativeStickyAssignor]
	receive.buffer.bytes = 65536
	reconnect.backoff.max.ms = 1000
	reconnect.backoff.ms = 50
	request.timeout.ms = 30000
	retry.backoff.max.ms = 1000
	retry.backoff.ms = 100
	sasl.client.callback.handler.class = null
	sasl.jaas.config = null
	sasl.kerberos.kinit.cmd = /usr/bin/kinit
	sasl.kerberos.min.time.before.relogin = 60000
	sasl.kerberos.service.name = null
	sasl.kerberos.ticket.renew.jitter = 0.05
	sasl.kerberos.ticket.renew.window.factor = 0.8
	sasl.login.callback.handler.class = null
	sasl.login.class = null
	sasl.login.connect.timeout.ms = null
	sasl.login.read.timeout.ms = null
	sasl.login.refresh.buffer.seconds = 300
	sasl.login.refresh.min.period.seconds = 60
	sasl.login.refresh.window.factor = 0.8
	sasl.login.refresh.window.jitter = 0.05
	sasl.login.retry.backoff.max.ms = 10000
	sasl.login.retry.backoff.ms = 100
	sasl.mechanism = GSSAPI
	sasl.oauthbearer.clock.skew.seconds = 30
	sasl.oauthbearer.expected.audience = null
	sasl.oauthbearer.expected.issuer = null
	sasl.oauthbearer.jwks.endpoint.refresh.ms = 3600000
	sasl.oauthbearer.jwks.endpoint.retry.backoff.max.ms = 10000
	sasl.oauthbearer.jwks.endpoint.retry.backoff.ms = 100
	sasl.oauthbearer.jwks.endpoint.url = null
	sasl.oauthbearer.scope.claim.name = scope
	sasl.oauthbearer.sub.claim.name = sub
	sasl.oauthbearer.token.endpoint.url = null
	security.protocol = PLAINTEXT
	security.providers = null
	send.buffer.bytes = 131072
	session.timeout.ms = 45000
	socket.connection.setup.timeout.max.ms = 30000
	socket.connection.setup.timeout.ms = 10000
	ssl.cipher.suites = null
	ssl.enabled.protocols = [TLSv1.2, TLSv1.3]
	ssl.endpoint.identification.algorithm = https
	ssl.engine.factory.class = null
	ssl.key.password = null
	ssl.keymanager.algorithm = SunX509
	ssl.keystore.certificate.chain = null
	ssl.keystore.key = null
	ssl.keystore.location = null
	ssl.keystore.password = null
	ssl.keystore.type = JKS
	ssl.protocol = TLSv1.3
	ssl.provider = null
	ssl.secure.random.implementation = null
	ssl.trustmanager.algorithm = PKIX
	ssl.truststore.certificates = null
	ssl.truststore.location = null
	ssl.truststore.password = null
	ssl.truststore.type = JKS
	value.deserializer = class org.apache.kafka.common.serialization.StringDeserializer

2026-02-28T16:41:41.379+01:00  INFO 42770 --- [notification-service] [           main] o.a.k.c.t.i.KafkaMetricsCollector        : initializing Kafka metrics collector
2026-02-28T16:41:41.441+01:00  INFO 42770 --- [notification-service] [           main] o.a.kafka.common.utils.AppInfoParser     : Kafka version: 3.8.1
2026-02-28T16:41:41.441+01:00  INFO 42770 --- [notification-service] [           main] o.a.kafka.common.utils.AppInfoParser     : Kafka commitId: 70d6ff42debf7e17
2026-02-28T16:41:41.441+01:00  INFO 42770 --- [notification-service] [           main] o.a.kafka.common.utils.AppInfoParser     : Kafka startTimeMs: 1772293301440
2026-02-28T16:41:41.442+01:00  INFO 42770 --- [notification-service] [           main] o.a.k.c.c.internals.LegacyKafkaConsumer  : [Consumer clientId=consumer-notification-service-1, groupId=notification-service] Subscribed to topic(s): souq.publisher.events, souq.platform.events
2026-02-28T16:41:41.451+01:00  INFO 42770 --- [notification-service] [           main] c.s.n.NotificationServiceApplication     : Started NotificationServiceApplication in 1.866 seconds (process running for 2.004)
2026-02-28T16:41:41.580+01:00  WARN 42770 --- [notification-service] [ntainer#0-0-C-1] org.apache.kafka.clients.NetworkClient   : [Consumer clientId=consumer-notification-service-1, groupId=notification-service] Error while fetching metadata with correlation id 2 : {souq.platform.events=UNKNOWN_TOPIC_OR_PARTITION, souq.publisher.events=UNKNOWN_TOPIC_OR_PARTITION}
2026-02-28T16:41:41.581+01:00  INFO 42770 --- [notification-service] [ntainer#0-0-C-1] org.apache.kafka.clients.Metadata        : [Consumer clientId=consumer-notification-service-1, groupId=notification-service] Cluster ID: gqaaAFyrTu6fkwYAsBeUaw
2026-02-28T16:41:41.582+01:00  INFO 42770 --- [notification-service] [ntainer#0-0-C-1] o.a.k.c.c.internals.ConsumerCoordinator  : [Consumer clientId=consumer-notification-service-1, groupId=notification-service] Discovered group coordinator localhost:29092 (id: 2147483646 rack: null)
2026-02-28T16:41:41.583+01:00  INFO 42770 --- [notification-service] [ntainer#0-0-C-1] o.a.k.c.c.internals.ConsumerCoordinator  : [Consumer clientId=consumer-notification-service-1, groupId=notification-service] (Re-)joining group
2026-02-28T16:41:41.589+01:00  INFO 42770 --- [notification-service] [ntainer#0-0-C-1] o.a.k.c.c.internals.ConsumerCoordinator  : [Consumer clientId=consumer-notification-service-1, groupId=notification-service] Request joining group due to: need to re-join with the given member-id: consumer-notification-service-1-e83d4f6f-60c0-4d06-913b-ab9ac059a674
2026-02-28T16:41:41.589+01:00  INFO 42770 --- [notification-service] [ntainer#0-0-C-1] o.a.k.c.c.internals.ConsumerCoordinator  : [Consumer clientId=consumer-notification-service-1, groupId=notification-service] (Re-)joining group
2026-02-28T16:41:41.688+01:00  WARN 42770 --- [notification-service] [ntainer#0-0-C-1] org.apache.kafka.clients.NetworkClient   : [Consumer clientId=consumer-notification-service-1, groupId=notification-service] Error while fetching metadata with correlation id 8 : {souq.platform.events=UNKNOWN_TOPIC_OR_PARTITION, souq.publisher.events=UNKNOWN_TOPIC_OR_PARTITION}
2026-02-28T16:41:41.878+01:00  WARN 42770 --- [notification-service] [ntainer#0-0-C-1] org.apache.kafka.clients.NetworkClient   : [Consumer clientId=consumer-notification-service-1, groupId=notification-service] Error while fetching metadata with correlation id 9 : {souq.platform.events=UNKNOWN_TOPIC_OR_PARTITION, souq.publisher.events=UNKNOWN_TOPIC_OR_PARTITION}
2026-02-28T16:41:42.307+01:00  WARN 42770 --- [notification-service] [ntainer#0-0-C-1] org.apache.kafka.clients.NetworkClient   : [Consumer clientId=consumer-notification-service-1, groupId=notification-service] Error while fetching metadata with correlation id 10 : {souq.platform.events=UNKNOWN_TOPIC_OR_PARTITION, souq.publisher.events=UNKNOWN_TOPIC_OR_PARTITION}
2026-02-28T16:41:43.103+01:00  WARN 42770 --- [notification-service] [ntainer#0-0-C-1] org.apache.kafka.clients.NetworkClient   : [Consumer clientId=consumer-notification-service-1, groupId=notification-service] Error while fetching metadata with correlation id 11 : {souq.platform.events=UNKNOWN_TOPIC_OR_PARTITION, souq.publisher.events=UNKNOWN_TOPIC_OR_PARTITION}
2026-02-28T16:41:44.014+01:00  WARN 42770 --- [notification-service] [ntainer#0-0-C-1] org.apache.kafka.clients.NetworkClient   : [Consumer clientId=consumer-notification-service-1, groupId=notification-service] Error while fetching metadata with correlation id 12 : {souq.platform.events=UNKNOWN_TOPIC_OR_PARTITION, souq.publisher.events=UNKNOWN_TOPIC_OR_PARTITION}
2026-02-28T16:41:44.590+01:00  INFO 42770 --- [notification-service] [ntainer#0-0-C-1] o.a.k.c.c.internals.ConsumerCoordinator  : [Consumer clientId=consumer-notification-service-1, groupId=notification-service] Successfully joined group with generation Generation{generationId=1, memberId='consumer-notification-service-1-e83d4f6f-60c0-4d06-913b-ab9ac059a674', protocol='range'}
2026-02-28T16:41:45.014+01:00  WARN 42770 --- [notification-service] [ntainer#0-0-C-1] org.apache.kafka.clients.NetworkClient   : [Consumer clientId=consumer-notification-service-1, groupId=notification-service] Error while fetching metadata with correlation id 13 : {souq.platform.events=UNKNOWN_TOPIC_OR_PARTITION, souq.publisher.events=UNKNOWN_TOPIC_OR_PARTITION}
2026-02-28T16:41:45.016+01:00  INFO 42770 --- [notification-service] [ntainer#0-0-C-1] o.a.k.c.c.internals.ConsumerCoordinator  : [Consumer clientId=consumer-notification-service-1, groupId=notification-service] Finished assignment for group at generation 1: {consumer-notification-service-1-e83d4f6f-60c0-4d06-913b-ab9ac059a674=Assignment(partitions=[])}
2026-02-28T16:41:45.019+01:00  INFO 42770 --- [notification-service] [ntainer#0-0-C-1] o.a.k.c.c.internals.ConsumerCoordinator  : [Consumer clientId=consumer-notification-service-1, groupId=notification-service] Successfully synced group in generation Generation{generationId=1, memberId='consumer-notification-service-1-e83d4f6f-60c0-4d06-913b-ab9ac059a674', protocol='range'}
2026-02-28T16:41:45.019+01:00  INFO 42770 --- [notification-service] [ntainer#0-0-C-1] o.a.k.c.c.internals.ConsumerCoordinator  : [Consumer clientId=consumer-notification-service-1, groupId=notification-service] Notifying assignor about the new Assignment(partitions=[])
2026-02-28T16:41:45.019+01:00  INFO 42770 --- [notification-service] [ntainer#0-0-C-1] k.c.c.i.ConsumerRebalanceListenerInvoker : [Consumer clientId=consumer-notification-service-1, groupId=notification-service] Adding newly assigned partitions: 
2026-02-28T16:41:45.020+01:00  INFO 42770 --- [notification-service] [ntainer#0-0-C-1] o.s.k.l.KafkaMessageListenerContainer    : notification-service: partitions assigned: []
2026-02-28T16:41:46.015+01:00  WARN 42770 --- [notification-service] [ntainer#0-0-C-1] org.apache.kafka.clients.NetworkClient   : [Consumer clientId=consumer-notification-service-1, groupId=notification-service] Error while fetching metadata with correlation id 15 : {souq.platform.events=UNKNOWN_TOPIC_OR_PARTITION, souq.publisher.events=UNKNOWN_TOPIC_OR_PARTITION}
2026-02-28T16:41:46.953+01:00  WARN 42770 --- [notification-service] [ntainer#0-0-C-1] org.apache.kafka.clients.NetworkClient   : [Consumer clientId=consumer-notification-service-1, groupId=notification-service] Error while fetching metadata with correlation id 16 : {souq.platform.events=UNKNOWN_TOPIC_OR_PARTITION, souq.publisher.events=UNKNOWN_TOPIC_OR_PARTITION}
2026-02-28T16:41:47.894+01:00  WARN 42770 --- [notification-service] [ntainer#0-0-C-1] org.apache.kafka.clients.NetworkClient   : [Consumer clientId=consumer-notification-service-1, groupId=notification-service] Error while fetching metadata with correlation id 18 : {souq.platform.events=UNKNOWN_TOPIC_OR_PARTITION, souq.publisher.events=UNKNOWN_TOPIC_OR_PARTITION}
2026-02-28T16:41:48.896+01:00  WARN 42770 --- [notification-service] [ntainer#0-0-C-1] org.apache.kafka.clients.NetworkClient   : [Consumer clientId=consumer-notification-service-1, groupId=notification-service] Error while fetching metadata with correlation id 19 : {souq.platform.events=UNKNOWN_TOPIC_OR_PARTITION, souq.publisher.events=UNKNOWN_TOPIC_OR_PARTITION}
2026-02-28T16:41:49.809+01:00  WARN 42770 --- [notification-service] [ntainer#0-0-C-1] org.apache.kafka.clients.NetworkClient   : [Consumer clientId=consumer-notification-service-1, groupId=notification-service] Error while fetching metadata with correlation id 20 : {souq.platform.events=UNKNOWN_TOPIC_OR_PARTITION, souq.publisher.events=UNKNOWN_TOPIC_OR_PARTITION}
2026-02-28T16:41:50.728+01:00  WARN 42770 --- [notification-service] [ntainer#0-0-C-1] org.apache.kafka.clients.NetworkClient   : [Consumer clientId=consumer-notification-service-1, groupId=notification-service] Error while fetching metadata with correlation id 22 : {souq.platform.events=UNKNOWN_TOPIC_OR_PARTITION, souq.publisher.events=UNKNOWN_TOPIC_OR_PARTITION}
2026-02-28T16:41:51.652+01:00  WARN 42770 --- [notification-service] [ntainer#0-0-C-1] org.apache.kafka.clients.NetworkClient   : [Consumer clientId=consumer-notification-service-1, groupId=notification-service] Error while fetching metadata with correlation id 23 : {souq.platform.events=UNKNOWN_TOPIC_OR_PARTITION, souq.publisher.events=UNKNOWN_TOPIC_OR_PARTITION}
2026-02-28T16:41:52.559+01:00  WARN 42770 --- [notification-service] [ntainer#0-0-C-1] org.apache.kafka.clients.NetworkClient   : [Consumer clientId=consumer-notification-service-1, groupId=notification-service] Error while fetching metadata with correlation id 24 : {souq.platform.events=UNKNOWN_TOPIC_OR_PARTITION, souq.publisher.events=UNKNOWN_TOPIC_OR_PARTITION}
2026-02-28T16:41:53.475+01:00  WARN 42770 --- [notification-service] [ntainer#0-0-C-1] org.apache.kafka.clients.NetworkClient   : [Consumer clientId=consumer-notification-service-1, groupId=notification-service] Error while fetching metadata with correlation id 25 : {souq.platform.events=UNKNOWN_TOPIC_OR_PARTITION, souq.publisher.events=UNKNOWN_TOPIC_OR_PARTITION}
2026-02-28T16:41:54.417+01:00  WARN 42770 --- [notification-service] [ntainer#0-0-C-1] org.apache.kafka.clients.NetworkClient   : [Consumer clientId=consumer-notification-service-1, groupId=notification-service] Error while fetching metadata with correlation id 27 : {souq.platform.events=UNKNOWN_TOPIC_OR_PARTITION, souq.publisher.events=UNKNOWN_TOPIC_OR_PARTITION}
2026-02-28T16:41:55.323+01:00  WARN 42770 --- [notification-service] [ntainer#0-0-C-1] org.apache.kafka.clients.NetworkClient   : [Consumer clientId=consumer-notification-service-1, groupId=notification-service] Error while fetching metadata with correlation id 28 : {souq.platform.events=UNKNOWN_TOPIC_OR_PARTITION, souq.publisher.events=UNKNOWN_TOPIC_OR_PARTITION}
2026-02-28T16:41:56.128+01:00  WARN 42770 --- [notification-service] [ntainer#0-0-C-1] org.apache.kafka.clients.NetworkClient   : [Consumer clientId=consumer-notification-service-1, groupId=notification-service] Error while fetching metadata with correlation id 29 : {souq.platform.events=UNKNOWN_TOPIC_OR_PARTITION, souq.publisher.events=UNKNOWN_TOPIC_OR_PARTITION}
2026-02-28T16:41:57.128+01:00  WARN 42770 --- [notification-service] [ntainer#0-0-C-1] org.apache.kafka.clients.NetworkClient   : [Consumer clientId=consumer-notification-service-1, groupId=notification-service] Error while fetching metadata with correlation id 31 : {souq.platform.events=UNKNOWN_TOPIC_OR_PARTITION, souq.publisher.events=UNKNOWN_TOPIC_OR_PARTITION}
2026-02-28T16:41:58.035+01:00  WARN 42770 --- [notification-service] [ntainer#0-0-C-1] org.apache.kafka.clients.NetworkClient   : [Consumer clientId=consumer-notification-service-1, groupId=notification-service] Error while fetching metadata with correlation id 32 : {souq.platform.events=UNKNOWN_TOPIC_OR_PARTITION, souq.publisher.events=UNKNOWN_TOPIC_OR_PARTITION}
2026-02-28T16:41:59.035+01:00  WARN 42770 --- [notification-service] [ntainer#0-0-C-1] org.apache.kafka.clients.NetworkClient   : [Consumer clientId=consumer-notification-service-1, groupId=notification-service] Error while fetching metadata with correlation id 33 : {souq.platform.events=UNKNOWN_TOPIC_OR_PARTITION, souq.publisher.events=UNKNOWN_TOPIC_OR_PARTITION}
2026-02-28T16:42:00.036+01:00  WARN 42770 --- [notification-service] [ntainer#0-0-C-1] org.apache.kafka.clients.NetworkClient   : [Consumer clientId=consumer-notification-service-1, groupId=notification-service] Error while fetching metadata with correlation id 35 : {souq.platform.events=UNKNOWN_TOPIC_OR_PARTITION, souq.publisher.events=UNKNOWN_TOPIC_OR_PARTITION}
2026-02-28T16:42:00.942+01:00  WARN 42770 --- [notification-service] [ntainer#0-0-C-1] org.apache.kafka.clients.NetworkClient   : [Consumer clientId=consumer-notification-service-1, groupId=notification-service] Error while fetching metadata with correlation id 36 : {souq.platform.events=UNKNOWN_TOPIC_OR_PARTITION, souq.publisher.events=UNKNOWN_TOPIC_OR_PARTITION}
2026-02-28T16:42:01.857+01:00  WARN 42770 --- [notification-service] [ntainer#0-0-C-1] org.apache.kafka.clients.NetworkClient   : [Consumer clientId=consumer-notification-service-1, groupId=notification-service] Error while fetching metadata with correlation id 37 : {souq.platform.events=UNKNOWN_TOPIC_OR_PARTITION, souq.publisher.events=UNKNOWN_TOPIC_OR_PARTITION}
2026-02-28T16:42:02.859+01:00  WARN 42770 --- [notification-service] [ntainer#0-0-C-1] org.apache.kafka.clients.NetworkClient   : [Consumer clientId=consumer-notification-service-1, groupId=notification-service] Error while fetching metadata with correlation id 39 : {souq.platform.events=UNKNOWN_TOPIC_OR_PARTITION, souq.publisher.events=UNKNOWN_TOPIC_OR_PARTITION}
2026-02-28T16:42:03.764+01:00  WARN 42770 --- [notification-service] [ntainer#0-0-C-1] org.apache.kafka.clients.NetworkClient   : [Consumer clientId=consumer-notification-service-1, groupId=notification-service] Error while fetching metadata with correlation id 40 : {souq.platform.events=UNKNOWN_TOPIC_OR_PARTITION, souq.publisher.events=UNKNOWN_TOPIC_OR_PARTITION}
2026-02-28T16:42:04.670+01:00  WARN 42770 --- [notification-service] [ntainer#0-0-C-1] org.apache.kafka.clients.NetworkClient   : [Consumer clientId=consumer-notification-service-1, groupId=notification-service] Error while fetching metadata with correlation id 41 : {souq.platform.events=UNKNOWN_TOPIC_OR_PARTITION, souq.publisher.events=UNKNOWN_TOPIC_OR_PARTITION}
2026-02-28T16:42:05.575+01:00  WARN 42770 --- [notification-service] [ntainer#0-0-C-1] org.apache.kafka.clients.NetworkClient   : [Consumer clientId=consumer-notification-service-1, groupId=notification-service] Error while fetching metadata with correlation id 42 : {souq.platform.events=UNKNOWN_TOPIC_OR_PARTITION, souq.publisher.events=UNKNOWN_TOPIC_OR_PARTITION}
2026-02-28T16:42:06.453+01:00  WARN 42770 --- [notification-service] [ntainer#0-0-C-1] org.apache.kafka.clients.NetworkClient   : [Consumer clientId=consumer-notification-service-1, groupId=notification-service] Error while fetching metadata with correlation id 44 : {souq.platform.events=UNKNOWN_TOPIC_OR_PARTITION, souq.publisher.events=UNKNOWN_TOPIC_OR_PARTITION}
2026-02-28T16:42:07.359+01:00  WARN 42770 --- [notification-service] [ntainer#0-0-C-1] org.apache.kafka.clients.NetworkClient   : [Consumer clientId=consumer-notification-service-1, groupId=notification-service] Error while fetching metadata with correlation id 45 : {souq.platform.events=UNKNOWN_TOPIC_OR_PARTITION, souq.publisher.events=UNKNOWN_TOPIC_OR_PARTITION}
2026-02-28T16:42:08.361+01:00  WARN 42770 --- [notification-service] [ntainer#0-0-C-1] org.apache.kafka.clients.NetworkClient   : [Consumer clientId=consumer-notification-service-1, groupId=notification-service] Error while fetching metadata with correlation id 46 : {souq.platform.events=UNKNOWN_TOPIC_OR_PARTITION, souq.publisher.events=UNKNOWN_TOPIC_OR_PARTITION}
2026-02-28T16:42:09.300+01:00  WARN 42770 --- [notification-service] [ntainer#0-0-C-1] org.apache.kafka.clients.NetworkClient   : [Consumer clientId=consumer-notification-service-1, groupId=notification-service] Error while fetching metadata with correlation id 48 : {souq.platform.events=UNKNOWN_TOPIC_OR_PARTITION, souq.publisher.events=UNKNOWN_TOPIC_OR_PARTITION}
2026-02-28T16:42:10.301+01:00  WARN 42770 --- [notification-service] [ntainer#0-0-C-1] org.apache.kafka.clients.NetworkClient   : [Consumer clientId=consumer-notification-service-1, groupId=notification-service] Error while fetching metadata with correlation id 49 : {souq.platform.events=UNKNOWN_TOPIC_OR_PARTITION, souq.publisher.events=UNKNOWN_TOPIC_OR_PARTITION}
2026-02-28T16:42:11.106+01:00  WARN 42770 --- [notification-service] [ntainer#0-0-C-1] org.apache.kafka.clients.NetworkClient   : [Consumer clientId=consumer-notification-service-1, groupId=notification-service] Error while fetching metadata with correlation id 50 : {souq.platform.events=UNKNOWN_TOPIC_OR_PARTITION, souq.publisher.events=UNKNOWN_TOPIC_OR_PARTITION}
2026-02-28T16:42:11.998+01:00  WARN 42770 --- [notification-service] [ntainer#0-0-C-1] org.apache.kafka.clients.NetworkClient   : [Consumer clientId=consumer-notification-service-1, groupId=notification-service] Error while fetching metadata with correlation id 52 : {souq.platform.events=UNKNOWN_TOPIC_OR_PARTITION, souq.publisher.events=UNKNOWN_TOPIC_OR_PARTITION}
2026-02-28T16:42:12.902+01:00  WARN 42770 --- [notification-service] [ntainer#0-0-C-1] org.apache.kafka.clients.NetworkClient   : [Consumer clientId=consumer-notification-service-1, groupId=notification-service] Error while fetching metadata with correlation id 53 : {souq.platform.events=UNKNOWN_TOPIC_OR_PARTITION, souq.publisher.events=UNKNOWN_TOPIC_OR_PARTITION}
2026-02-28T16:42:13.840+01:00  WARN 42770 --- [notification-service] [ntainer#0-0-C-1] org.apache.kafka.clients.NetworkClient   : [Consumer clientId=consumer-notification-service-1, groupId=notification-service] Error while fetching metadata with correlation id 54 : {souq.platform.events=UNKNOWN_TOPIC_OR_PARTITION, souq.publisher.events=UNKNOWN_TOPIC_OR_PARTITION}
2026-02-28T16:42:14.697+01:00  WARN 42770 --- [notification-service] [ntainer#0-0-C-1] org.apache.kafka.clients.NetworkClient   : [Consumer clientId=consumer-notification-service-1, groupId=notification-service] Error while fetching metadata with correlation id 56 : {souq.platform.events=UNKNOWN_TOPIC_OR_PARTITION, souq.publisher.events=UNKNOWN_TOPIC_OR_PARTITION}
2026-02-28T16:42:15.502+01:00  WARN 42770 --- [notification-service] [ntainer#0-0-C-1] org.apache.kafka.clients.NetworkClient   : [Consumer clientId=consumer-notification-service-1, groupId=notification-service] Error while fetching metadata with correlation id 57 : {souq.platform.events=UNKNOWN_TOPIC_OR_PARTITION, souq.publisher.events=UNKNOWN_TOPIC_OR_PARTITION}
2026-02-28T16:42:16.415+01:00  WARN 42770 --- [notification-service] [ntainer#0-0-C-1] org.apache.kafka.clients.NetworkClient   : [Consumer clientId=consumer-notification-service-1, groupId=notification-service] Error while fetching metadata with correlation id 58 : {souq.platform.events=UNKNOWN_TOPIC_OR_PARTITION, souq.publisher.events=UNKNOWN_TOPIC_OR_PARTITION}
2026-02-28T16:42:17.333+01:00  WARN 42770 --- [notification-service] [ntainer#0-0-C-1] org.apache.kafka.clients.NetworkClient   : [Consumer clientId=consumer-notification-service-1, groupId=notification-service] Error while fetching metadata with correlation id 59 : {souq.platform.events=UNKNOWN_TOPIC_OR_PARTITION, souq.publisher.events=UNKNOWN_TOPIC_OR_PARTITION}
2026-02-28T16:42:18.300+01:00  WARN 42770 --- [notification-service] [ntainer#0-0-C-1] org.apache.kafka.clients.NetworkClient   : [Consumer clientId=consumer-notification-service-1, groupId=notification-service] Error while fetching metadata with correlation id 61 : {souq.platform.events=UNKNOWN_TOPIC_OR_PARTITION, souq.publisher.events=UNKNOWN_TOPIC_OR_PARTITION}
2026-02-28T16:42:19.206+01:00  WARN 42770 --- [notification-service] [ntainer#0-0-C-1] org.apache.kafka.clients.NetworkClient   : [Consumer clientId=consumer-notification-service-1, groupId=notification-service] Error while fetching metadata with correlation id 62 : {souq.platform.events=UNKNOWN_TOPIC_OR_PARTITION, souq.publisher.events=UNKNOWN_TOPIC_OR_PARTITION}
2026-02-28T16:42:20.196+01:00  WARN 42770 --- [notification-service] [ntainer#0-0-C-1] org.apache.kafka.clients.NetworkClient   : [Consumer clientId=consumer-notification-service-1, groupId=notification-service] Error while fetching metadata with correlation id 63 : {souq.platform.events=UNKNOWN_TOPIC_OR_PARTITION, souq.publisher.events=UNKNOWN_TOPIC_OR_PARTITION}
2026-02-28T16:42:21.100+01:00  WARN 42770 --- [notification-service] [ntainer#0-0-C-1] org.apache.kafka.clients.NetworkClient   : [Consumer clientId=consumer-notification-service-1, groupId=notification-service] Error while fetching metadata with correlation id 65 : {souq.platform.events=UNKNOWN_TOPIC_OR_PARTITION, souq.publisher.events=UNKNOWN_TOPIC_OR_PARTITION}
2026-02-28T16:42:22.057+01:00  WARN 42770 --- [notification-service] [ntainer#0-0-C-1] org.apache.kafka.clients.NetworkClient   : [Consumer clientId=consumer-notification-service-1, groupId=notification-service] Error while fetching metadata with correlation id 66 : {souq.platform.events=UNKNOWN_TOPIC_OR_PARTITION, souq.publisher.events=UNKNOWN_TOPIC_OR_PARTITION}
2026-02-28T16:42:22.962+01:00  WARN 42770 --- [notification-service] [ntainer#0-0-C-1] org.apache.kafka.clients.NetworkClient   : [Consumer clientId=consumer-notification-service-1, groupId=notification-service] Error while fetching metadata with correlation id 67 : {souq.platform.events=UNKNOWN_TOPIC_OR_PARTITION, souq.publisher.events=UNKNOWN_TOPIC_OR_PARTITION}
2026-02-28T16:42:23.900+01:00  WARN 42770 --- [notification-service] [ntainer#0-0-C-1] org.apache.kafka.clients.NetworkClient   : [Consumer clientId=consumer-notification-service-1, groupId=notification-service] Error while fetching metadata with correlation id 69 : {souq.platform.events=UNKNOWN_TOPIC_OR_PARTITION, souq.publisher.events=UNKNOWN_TOPIC_OR_PARTITION}
2026-02-28T16:42:24.901+01:00  WARN 42770 --- [notification-service] [ntainer#0-0-C-1] org.apache.kafka.clients.NetworkClient   : [Consumer clientId=consumer-notification-service-1, groupId=notification-service] Error while fetching metadata with correlation id 70 : {souq.platform.events=UNKNOWN_TOPIC_OR_PARTITION, souq.publisher.events=UNKNOWN_TOPIC_OR_PARTITION}
2026-02-28T16:42:25.808+01:00  WARN 42770 --- [notification-service] [ntainer#0-0-C-1] org.apache.kafka.clients.NetworkClient   : [Consumer clientId=consumer-notification-service-1, groupId=notification-service] Error while fetching metadata with correlation id 71 : {souq.platform.events=UNKNOWN_TOPIC_OR_PARTITION, souq.publisher.events=UNKNOWN_TOPIC_OR_PARTITION}
2026-02-28T16:42:26.800+01:00  WARN 42770 --- [notification-service] [ntainer#0-0-C-1] org.apache.kafka.clients.NetworkClient   : [Consumer clientId=consumer-notification-service-1, groupId=notification-service] Error while fetching metadata with correlation id 73 : {souq.platform.events=UNKNOWN_TOPIC_OR_PARTITION, souq.publisher.events=UNKNOWN_TOPIC_OR_PARTITION}
2026-02-28T16:42:27.801+01:00  WARN 42770 --- [notification-service] [ntainer#0-0-C-1] org.apache.kafka.clients.NetworkClient   : [Consumer clientId=consumer-notification-service-1, groupId=notification-service] Error while fetching metadata with correlation id 74 : {souq.platform.events=UNKNOWN_TOPIC_OR_PARTITION, souq.publisher.events=UNKNOWN_TOPIC_OR_PARTITION}
2026-02-28T16:42:28.766+01:00  WARN 42770 --- [notification-service] [ntainer#0-0-C-1] org.apache.kafka.clients.NetworkClient   : [Consumer clientId=consumer-notification-service-1, groupId=notification-service] Error while fetching metadata with correlation id 75 : {souq.platform.events=UNKNOWN_TOPIC_OR_PARTITION, souq.publisher.events=UNKNOWN_TOPIC_OR_PARTITION}
2026-02-28T16:42:29.599+01:00  WARN 42770 --- [notification-service] [ntainer#0-0-C-1] org.apache.kafka.clients.NetworkClient   : [Consumer clientId=consumer-notification-service-1, groupId=notification-service] Error while fetching metadata with correlation id 77 : {souq.platform.events=UNKNOWN_TOPIC_OR_PARTITION, souq.publisher.events=UNKNOWN_TOPIC_OR_PARTITION}
2026-02-28T16:42:30.590+01:00  WARN 42770 --- [notification-service] [ntainer#0-0-C-1] org.apache.kafka.clients.NetworkClient   : [Consumer clientId=consumer-notification-service-1, groupId=notification-service] Error while fetching metadata with correlation id 78 : {souq.platform.events=UNKNOWN_TOPIC_OR_PARTITION, souq.publisher.events=UNKNOWN_TOPIC_OR_PARTITION}
2026-02-28T16:42:31.395+01:00  WARN 42770 --- [notification-service] [ntainer#0-0-C-1] org.apache.kafka.clients.NetworkClient   : [Consumer clientId=consumer-notification-service-1, groupId=notification-service] Error while fetching metadata with correlation id 79 : {souq.platform.events=UNKNOWN_TOPIC_OR_PARTITION, souq.publisher.events=UNKNOWN_TOPIC_OR_PARTITION}
2026-02-28T16:42:32.358+01:00  WARN 42770 --- [notification-service] [ntainer#0-0-C-1] org.apache.kafka.clients.NetworkClient   : [Consumer clientId=consumer-notification-service-1, groupId=notification-service] Error while fetching metadata with correlation id 80 : {souq.platform.events=UNKNOWN_TOPIC_OR_PARTITION, souq.publisher.events=UNKNOWN_TOPIC_OR_PARTITION}
2026-02-28T16:42:33.343+01:00  WARN 42770 --- [notification-service] [ntainer#0-0-C-1] org.apache.kafka.clients.NetworkClient   : [Consumer clientId=consumer-notification-service-1, groupId=notification-service] Error while fetching metadata with correlation id 82 : {souq.platform.events=UNKNOWN_TOPIC_OR_PARTITION, souq.publisher.events=UNKNOWN_TOPIC_OR_PARTITION}
2026-02-28T16:42:34.345+01:00  WARN 42770 --- [notification-service] [ntainer#0-0-C-1] org.apache.kafka.clients.NetworkClient   : [Consumer clientId=consumer-notification-service-1, groupId=notification-service] Error while fetching metadata with correlation id 83 : {souq.platform.events=UNKNOWN_TOPIC_OR_PARTITION, souq.publisher.events=UNKNOWN_TOPIC_OR_PARTITION}
2026-02-28T16:42:35.347+01:00  WARN 42770 --- [notification-service] [ntainer#0-0-C-1] org.apache.kafka.clients.NetworkClient   : [Consumer clientId=consumer-notification-service-1, groupId=notification-service] Error while fetching metadata with correlation id 84 : {souq.platform.events=UNKNOWN_TOPIC_OR_PARTITION, souq.publisher.events=UNKNOWN_TOPIC_OR_PARTITION}
2026-02-28T16:42:36.204+01:00  WARN 42770 --- [notification-service] [ntainer#0-0-C-1] org.apache.kafka.clients.NetworkClient   : [Consumer clientId=consumer-notification-service-1, groupId=notification-service] Error while fetching metadata with correlation id 86 : {souq.platform.events=UNKNOWN_TOPIC_OR_PARTITION, souq.publisher.events=UNKNOWN_TOPIC_OR_PARTITION}
2026-02-28T16:42:37.158+01:00  WARN 42770 --- [notification-service] [ntainer#0-0-C-1] org.apache.kafka.clients.NetworkClient   : [Consumer clientId=consumer-notification-service-1, groupId=notification-service] Error while fetching metadata with correlation id 87 : {souq.platform.events=UNKNOWN_TOPIC_OR_PARTITION, souq.publisher.events=UNKNOWN_TOPIC_OR_PARTITION}
2026-02-28T16:42:38.159+01:00  WARN 42770 --- [notification-service] [ntainer#0-0-C-1] org.apache.kafka.clients.NetworkClient   : [Consumer clientId=consumer-notification-service-1, groupId=notification-service] Error while fetching metadata with correlation id 88 : {souq.platform.events=UNKNOWN_TOPIC_OR_PARTITION, souq.publisher.events=UNKNOWN_TOPIC_OR_PARTITION}
2026-02-28T16:42:39.003+01:00  WARN 42770 --- [notification-service] [ntainer#0-0-C-1] org.apache.kafka.clients.NetworkClient   : [Consumer clientId=consumer-notification-service-1, groupId=notification-service] Error while fetching metadata with correlation id 90 : {souq.platform.events=UNKNOWN_TOPIC_OR_PARTITION, souq.publisher.events=UNKNOWN_TOPIC_OR_PARTITION}
2026-02-28T16:42:40.004+01:00  WARN 42770 --- [notification-service] [ntainer#0-0-C-1] org.apache.kafka.clients.NetworkClient   : [Consumer clientId=consumer-notification-service-1, groupId=notification-service] Error while fetching metadata with correlation id 91 : {souq.platform.events=UNKNOWN_TOPIC_OR_PARTITION, souq.publisher.events=UNKNOWN_TOPIC_OR_PARTITION}
2026-02-28T16:42:40.910+01:00  WARN 42770 --- [notification-service] [ntainer#0-0-C-1] org.apache.kafka.clients.NetworkClient   : [Consumer clientId=consumer-notification-service-1, groupId=notification-service] Error while fetching metadata with correlation id 92 : {souq.platform.events=UNKNOWN_TOPIC_OR_PARTITION, souq.publisher.events=UNKNOWN_TOPIC_OR_PARTITION}
2026-02-28T16:42:41.903+01:00  WARN 42770 --- [notification-service] [ntainer#0-0-C-1] org.apache.kafka.clients.NetworkClient   : [Consumer clientId=consumer-notification-service-1, groupId=notification-service] Error while fetching metadata with correlation id 94 : {souq.platform.events=UNKNOWN_TOPIC_OR_PARTITION, souq.publisher.events=UNKNOWN_TOPIC_OR_PARTITION}
2026-02-28T16:42:42.905+01:00  WARN 42770 --- [notification-service] [ntainer#0-0-C-1] org.apache.kafka.clients.NetworkClient   : [Consumer clientId=consumer-notification-service-1, groupId=notification-service] Error while fetching metadata with correlation id 95 : {souq.platform.events=UNKNOWN_TOPIC_OR_PARTITION, souq.publisher.events=UNKNOWN_TOPIC_OR_PARTITION}
2026-02-28T16:42:43.810+01:00  WARN 42770 --- [notification-service] [ntainer#0-0-C-1] org.apache.kafka.clients.NetworkClient   : [Consumer clientId=consumer-notification-service-1, groupId=notification-service] Error while fetching metadata with correlation id 96 : {souq.platform.events=UNKNOWN_TOPIC_OR_PARTITION, souq.publisher.events=UNKNOWN_TOPIC_OR_PARTITION}
2026-02-28T16:42:44.630+01:00  WARN 42770 --- [notification-service] [ntainer#0-0-C-1] org.apache.kafka.clients.NetworkClient   : [Consumer clientId=consumer-notification-service-1, groupId=notification-service] Error while fetching metadata with correlation id 98 : {souq.platform.events=UNKNOWN_TOPIC_OR_PARTITION, souq.publisher.events=UNKNOWN_TOPIC_OR_PARTITION}
2026-02-28T16:42:45.523+01:00  WARN 42770 --- [notification-service] [ntainer#0-0-C-1] org.apache.kafka.clients.NetworkClient   : [Consumer clientId=consumer-notification-service-1, groupId=notification-service] Error while fetching metadata with correlation id 99 : {souq.platform.events=UNKNOWN_TOPIC_OR_PARTITION, souq.publisher.events=UNKNOWN_TOPIC_OR_PARTITION}
2026-02-28T16:42:46.523+01:00  WARN 42770 --- [notification-service] [ntainer#0-0-C-1] org.apache.kafka.clients.NetworkClient   : [Consumer clientId=consumer-notification-service-1, groupId=notification-service] Error while fetching metadata with correlation id 100 : {souq.platform.events=UNKNOWN_TOPIC_OR_PARTITION, souq.publisher.events=UNKNOWN_TOPIC_OR_PARTITION}
2026-02-28T16:42:47.404+01:00  WARN 42770 --- [notification-service] [ntainer#0-0-C-1] org.apache.kafka.clients.NetworkClient   : [Consumer clientId=consumer-notification-service-1, groupId=notification-service] Error while fetching metadata with correlation id 101 : {souq.platform.events=UNKNOWN_TOPIC_OR_PARTITION, souq.publisher.events=UNKNOWN_TOPIC_OR_PARTITION}
2026-02-28T16:42:48.405+01:00  WARN 42770 --- [notification-service] [ntainer#0-0-C-1] org.apache.kafka.clients.NetworkClient   : [Consumer clientId=consumer-notification-service-1, groupId=notification-service] Error while fetching metadata with correlation id 103 : {souq.platform.events=UNKNOWN_TOPIC_OR_PARTITION, souq.publisher.events=UNKNOWN_TOPIC_OR_PARTITION}
2026-02-28T16:42:49.340+01:00  WARN 42770 --- [notification-service] [ntainer#0-0-C-1] org.apache.kafka.clients.NetworkClient   : [Consumer clientId=consumer-notification-service-1, groupId=notification-service] Error while fetching metadata with correlation id 104 : {souq.platform.events=UNKNOWN_TOPIC_OR_PARTITION, souq.publisher.events=UNKNOWN_TOPIC_OR_PARTITION}
2026-02-28T16:42:50.324+01:00  WARN 42770 --- [notification-service] [ntainer#0-0-C-1] org.apache.kafka.clients.NetworkClient   : [Consumer clientId=consumer-notification-service-1, groupId=notification-service] Error while fetching metadata with correlation id 105 : {souq.platform.events=UNKNOWN_TOPIC_OR_PARTITION, souq.publisher.events=UNKNOWN_TOPIC_OR_PARTITION}
2026-02-28T16:42:51.324+01:00  WARN 42770 --- [notification-service] [ntainer#0-0-C-1] org.apache.kafka.clients.NetworkClient   : [Consumer clientId=consumer-notification-service-1, groupId=notification-service] Error while fetching metadata with correlation id 107 : {souq.platform.events=UNKNOWN_TOPIC_OR_PARTITION, souq.publisher.events=UNKNOWN_TOPIC_OR_PARTITION}
2026-02-28T16:42:52.260+01:00  WARN 42770 --- [notification-service] [ntainer#0-0-C-1] org.apache.kafka.clients.NetworkClient   : [Consumer clientId=consumer-notification-service-1, groupId=notification-service] Error while fetching metadata with correlation id 108 : {souq.platform.events=UNKNOWN_TOPIC_OR_PARTITION, souq.publisher.events=UNKNOWN_TOPIC_OR_PARTITION}
2026-02-28T16:42:53.165+01:00  WARN 42770 --- [notification-service] [ntainer#0-0-C-1] org.apache.kafka.clients.NetworkClient   : [Consumer clientId=consumer-notification-service-1, groupId=notification-service] Error while fetching metadata with correlation id 109 : {souq.platform.events=UNKNOWN_TOPIC_OR_PARTITION, souq.publisher.events=UNKNOWN_TOPIC_OR_PARTITION}
2026-02-28T16:42:54.046+01:00  WARN 42770 --- [notification-service] [ntainer#0-0-C-1] org.apache.kafka.clients.NetworkClient   : [Consumer clientId=consumer-notification-service-1, groupId=notification-service] Error while fetching metadata with correlation id 111 : {souq.platform.events=UNKNOWN_TOPIC_OR_PARTITION, souq.publisher.events=UNKNOWN_TOPIC_OR_PARTITION}
2026-02-28T16:42:54.951+01:00  WARN 42770 --- [notification-service] [ntainer#0-0-C-1] org.apache.kafka.clients.NetworkClient   : [Consumer clientId=consumer-notification-service-1, groupId=notification-service] Error while fetching metadata with correlation id 112 : {souq.platform.events=UNKNOWN_TOPIC_OR_PARTITION, souq.publisher.events=UNKNOWN_TOPIC_OR_PARTITION}
2026-02-28T16:42:55.932+01:00  WARN 42770 --- [notification-service] [ntainer#0-0-C-1] org.apache.kafka.clients.NetworkClient   : [Consumer clientId=consumer-notification-service-1, groupId=notification-service] Error while fetching metadata with correlation id 113 : {souq.platform.events=UNKNOWN_TOPIC_OR_PARTITION, souq.publisher.events=UNKNOWN_TOPIC_OR_PARTITION}
2026-02-28T16:42:56.934+01:00  WARN 42770 --- [notification-service] [ntainer#0-0-C-1] org.apache.kafka.clients.NetworkClient   : [Consumer clientId=consumer-notification-service-1, groupId=notification-service] Error while fetching metadata with correlation id 115 : {souq.platform.events=UNKNOWN_TOPIC_OR_PARTITION, souq.publisher.events=UNKNOWN_TOPIC_OR_PARTITION}
2026-02-28T16:42:57.934+01:00  WARN 42770 --- [notification-service] [ntainer#0-0-C-1] org.apache.kafka.clients.NetworkClient   : [Consumer clientId=consumer-notification-service-1, groupId=notification-service] Error while fetching metadata with correlation id 116 : {souq.platform.events=UNKNOWN_TOPIC_OR_PARTITION, souq.publisher.events=UNKNOWN_TOPIC_OR_PARTITION}
2026-02-28T16:42:58.839+01:00  WARN 42770 --- [notification-service] [ntainer#0-0-C-1] org.apache.kafka.clients.NetworkClient   : [Consumer clientId=consumer-notification-service-1, groupId=notification-service] Error while fetching metadata with correlation id 117 : {souq.platform.events=UNKNOWN_TOPIC_OR_PARTITION, souq.publisher.events=UNKNOWN_TOPIC_OR_PARTITION}
2026-02-28T16:42:59.740+01:00  WARN 42770 --- [notification-service] [ntainer#0-0-C-1] org.apache.kafka.clients.NetworkClient   : [Consumer clientId=consumer-notification-service-1, groupId=notification-service] Error while fetching metadata with correlation id 119 : {souq.platform.events=UNKNOWN_TOPIC_OR_PARTITION, souq.publisher.events=UNKNOWN_TOPIC_OR_PARTITION}
2026-02-28T16:43:00.646+01:00  WARN 42770 --- [notification-service] [ntainer#0-0-C-1] org.apache.kafka.clients.NetworkClient   : [Consumer clientId=consumer-notification-service-1, groupId=notification-service] Error while fetching metadata with correlation id 120 : {souq.platform.events=UNKNOWN_TOPIC_OR_PARTITION, souq.publisher.events=UNKNOWN_TOPIC_OR_PARTITION}
2026-02-28T16:43:01.646+01:00  WARN 42770 --- [notification-service] [ntainer#0-0-C-1] org.apache.kafka.clients.NetworkClient   : [Consumer clientId=consumer-notification-service-1, groupId=notification-service] Error while fetching metadata with correlation id 121 : {souq.platform.events=UNKNOWN_TOPIC_OR_PARTITION, souq.publisher.events=UNKNOWN_TOPIC_OR_PARTITION}
2026-02-28T16:43:02.602+01:00  WARN 42770 --- [notification-service] [ntainer#0-0-C-1] org.apache.kafka.clients.NetworkClient   : [Consumer clientId=consumer-notification-service-1, groupId=notification-service] Error while fetching metadata with correlation id 122 : {souq.platform.events=UNKNOWN_TOPIC_OR_PARTITION, souq.publisher.events=UNKNOWN_TOPIC_OR_PARTITION}
2026-02-28T16:43:03.508+01:00  WARN 42770 --- [notification-service] [ntainer#0-0-C-1] org.apache.kafka.clients.NetworkClient   : [Consumer clientId=consumer-notification-service-1, groupId=notification-service] Error while fetching metadata with correlation id 124 : {souq.platform.events=UNKNOWN_TOPIC_OR_PARTITION, souq.publisher.events=UNKNOWN_TOPIC_OR_PARTITION}
2026-02-28T16:43:04.424+01:00  WARN 42770 --- [notification-service] [ntainer#0-0-C-1] org.apache.kafka.clients.NetworkClient   : [Consumer clientId=consumer-notification-service-1, groupId=notification-service] Error while fetching metadata with correlation id 125 : {souq.platform.events=UNKNOWN_TOPIC_OR_PARTITION, souq.publisher.events=UNKNOWN_TOPIC_OR_PARTITION}
2026-02-28T16:43:05.425+01:00  WARN 42770 --- [notification-service] [ntainer#0-0-C-1] org.apache.kafka.clients.NetworkClient   : [Consumer clientId=consumer-notification-service-1, groupId=notification-service] Error while fetching metadata with correlation id 126 : {souq.platform.events=UNKNOWN_TOPIC_OR_PARTITION, souq.publisher.events=UNKNOWN_TOPIC_OR_PARTITION}
2026-02-28T16:43:06.307+01:00  WARN 42770 --- [notification-service] [ntainer#0-0-C-1] org.apache.kafka.clients.NetworkClient   : [Consumer clientId=consumer-notification-service-1, groupId=notification-service] Error while fetching metadata with correlation id 128 : {souq.platform.events=UNKNOWN_TOPIC_OR_PARTITION, souq.publisher.events=UNKNOWN_TOPIC_OR_PARTITION}
2026-02-28T16:43:07.160+01:00  WARN 42770 --- [notification-service] [ntainer#0-0-C-1] org.apache.kafka.clients.NetworkClient   : [Consumer clientId=consumer-notification-service-1, groupId=notification-service] Error while fetching metadata with correlation id 129 : {souq.platform.events=UNKNOWN_TOPIC_OR_PARTITION, souq.publisher.events=UNKNOWN_TOPIC_OR_PARTITION}
2026-02-28T16:43:08.161+01:00  WARN 42770 --- [notification-service] [ntainer#0-0-C-1] org.apache.kafka.clients.NetworkClient   : [Consumer clientId=consumer-notification-service-1, groupId=notification-service] Error while fetching metadata with correlation id 130 : {souq.platform.events=UNKNOWN_TOPIC_OR_PARTITION, souq.publisher.events=UNKNOWN_TOPIC_OR_PARTITION}
2026-02-28T16:43:09.006+01:00  WARN 42770 --- [notification-service] [ntainer#0-0-C-1] org.apache.kafka.clients.NetworkClient   : [Consumer clientId=consumer-notification-service-1, groupId=notification-service] Error while fetching metadata with correlation id 132 : {souq.platform.events=UNKNOWN_TOPIC_OR_PARTITION, souq.publisher.events=UNKNOWN_TOPIC_OR_PARTITION}
2026-02-28T16:43:09.911+01:00  WARN 42770 --- [notification-service] [ntainer#0-0-C-1] org.apache.kafka.clients.NetworkClient   : [Consumer clientId=consumer-notification-service-1, groupId=notification-service] Error while fetching metadata with correlation id 133 : {souq.platform.events=UNKNOWN_TOPIC_OR_PARTITION, souq.publisher.events=UNKNOWN_TOPIC_OR_PARTITION}
2026-02-28T16:43:10.872+01:00  WARN 42770 --- [notification-service] [ntainer#0-0-C-1] org.apache.kafka.clients.NetworkClient   : [Consumer clientId=consumer-notification-service-1, groupId=notification-service] Error while fetching metadata with correlation id 134 : {souq.platform.events=UNKNOWN_TOPIC_OR_PARTITION, souq.publisher.events=UNKNOWN_TOPIC_OR_PARTITION}
2026-02-28T16:43:11.873+01:00  WARN 42770 --- [notification-service] [ntainer#0-0-C-1] org.apache.kafka.clients.NetworkClient   : [Consumer clientId=consumer-notification-service-1, groupId=notification-service] Error while fetching metadata with correlation id 136 : {souq.platform.events=UNKNOWN_TOPIC_OR_PARTITION, souq.publisher.events=UNKNOWN_TOPIC_OR_PARTITION}
2026-02-28T16:43:12.778+01:00  WARN 42770 --- [notification-service] [ntainer#0-0-C-1] org.apache.kafka.clients.NetworkClient   : [Consumer clientId=consumer-notification-service-1, groupId=notification-service] Error while fetching metadata with correlation id 137 : {souq.platform.events=UNKNOWN_TOPIC_OR_PARTITION, souq.publisher.events=UNKNOWN_TOPIC_OR_PARTITION}
2026-02-28T16:43:13.779+01:00  WARN 42770 --- [notification-service] [ntainer#0-0-C-1] org.apache.kafka.clients.NetworkClient   : [Consumer clientId=consumer-notification-service-1, groupId=notification-service] Error while fetching metadata with correlation id 138 : {souq.platform.events=UNKNOWN_TOPIC_OR_PARTITION, souq.publisher.events=UNKNOWN_TOPIC_OR_PARTITION}
2026-02-28T16:43:14.603+01:00  WARN 42770 --- [notification-service] [ntainer#0-0-C-1] org.apache.kafka.clients.NetworkClient   : [Consumer clientId=consumer-notification-service-1, groupId=notification-service] Error while fetching metadata with correlation id 140 : {souq.platform.events=UNKNOWN_TOPIC_OR_PARTITION, souq.publisher.events=UNKNOWN_TOPIC_OR_PARTITION}
2026-02-28T16:43:15.509+01:00  WARN 42770 --- [notification-service] [ntainer#0-0-C-1] org.apache.kafka.clients.NetworkClient   : [Consumer clientId=consumer-notification-service-1, groupId=notification-service] Error while fetching metadata with correlation id 141 : {souq.platform.events=UNKNOWN_TOPIC_OR_PARTITION, souq.publisher.events=UNKNOWN_TOPIC_OR_PARTITION}
2026-02-28T16:43:16.414+01:00  WARN 42770 --- [notification-service] [ntainer#0-0-C-1] org.apache.kafka.clients.NetworkClient   : [Consumer clientId=consumer-notification-service-1, groupId=notification-service] Error while fetching metadata with correlation id 142 : {souq.platform.events=UNKNOWN_TOPIC_OR_PARTITION, souq.publisher.events=UNKNOWN_TOPIC_OR_PARTITION}
2026-02-28T16:43:17.361+01:00  WARN 42770 --- [notification-service] [ntainer#0-0-C-1] org.apache.kafka.clients.NetworkClient   : [Consumer clientId=consumer-notification-service-1, groupId=notification-service] Error while fetching metadata with correlation id 143 : {souq.platform.events=UNKNOWN_TOPIC_OR_PARTITION, souq.publisher.events=UNKNOWN_TOPIC_OR_PARTITION}
2026-02-28T16:43:18.208+01:00  WARN 42770 --- [notification-service] [ntainer#0-0-C-1] org.apache.kafka.clients.NetworkClient   : [Consumer clientId=consumer-notification-service-1, groupId=notification-service] Error while fetching metadata with correlation id 145 : {souq.platform.events=UNKNOWN_TOPIC_OR_PARTITION, souq.publisher.events=UNKNOWN_TOPIC_OR_PARTITION}
2026-02-28T16:43:19.209+01:00  WARN 42770 --- [notification-service] [ntainer#0-0-C-1] org.apache.kafka.clients.NetworkClient   : [Consumer clientId=consumer-notification-service-1, groupId=notification-service] Error while fetching metadata with correlation id 146 : {souq.platform.events=UNKNOWN_TOPIC_OR_PARTITION, souq.publisher.events=UNKNOWN_TOPIC_OR_PARTITION}
2026-02-28T16:43:20.112+01:00  WARN 42770 --- [notification-service] [ntainer#0-0-C-1] org.apache.kafka.clients.NetworkClient   : [Consumer clientId=consumer-notification-service-1, groupId=notification-service] Error while fetching metadata with correlation id 147 : {souq.platform.events=UNKNOWN_TOPIC_OR_PARTITION, souq.publisher.events=UNKNOWN_TOPIC_OR_PARTITION}
2026-02-28T16:43:21.112+01:00  WARN 42770 --- [notification-service] [ntainer#0-0-C-1] org.apache.kafka.clients.NetworkClient   : [Consumer clientId=consumer-notification-service-1, groupId=notification-service] Error while fetching metadata with correlation id 149 : {souq.platform.events=UNKNOWN_TOPIC_OR_PARTITION, souq.publisher.events=UNKNOWN_TOPIC_OR_PARTITION}
2026-02-28T16:43:22.104+01:00  WARN 42770 --- [notification-service] [ntainer#0-0-C-1] org.apache.kafka.clients.NetworkClient   : [Consumer clientId=consumer-notification-service-1, groupId=notification-service] Error while fetching metadata with correlation id 150 : {souq.platform.events=UNKNOWN_TOPIC_OR_PARTITION, souq.publisher.events=UNKNOWN_TOPIC_OR_PARTITION}
2026-02-28T16:43:23.105+01:00  WARN 42770 --- [notification-service] [ntainer#0-0-C-1] org.apache.kafka.clients.NetworkClient   : [Consumer clientId=consumer-notification-service-1, groupId=notification-service] Error while fetching metadata with correlation id 151 : {souq.platform.events=UNKNOWN_TOPIC_OR_PARTITION, souq.publisher.events=UNKNOWN_TOPIC_OR_PARTITION}
2026-02-28T16:43:23.906+01:00  WARN 42770 --- [notification-service] [ntainer#0-0-C-1] org.apache.kafka.clients.NetworkClient   : [Consumer clientId=consumer-notification-service-1, groupId=notification-service] Error while fetching metadata with correlation id 153 : {souq.platform.events=UNKNOWN_TOPIC_OR_PARTITION, souq.publisher.events=UNKNOWN_TOPIC_OR_PARTITION}
2026-02-28T16:43:24.866+01:00  WARN 42770 --- [notification-service] [ntainer#0-0-C-1] org.apache.kafka.clients.NetworkClient   : [Consumer clientId=consumer-notification-service-1, groupId=notification-service] Error while fetching metadata with correlation id 154 : {souq.platform.events=UNKNOWN_TOPIC_OR_PARTITION, souq.publisher.events=UNKNOWN_TOPIC_OR_PARTITION}
2026-02-28T16:43:25.670+01:00  WARN 42770 --- [notification-service] [ntainer#0-0-C-1] org.apache.kafka.clients.NetworkClient   : [Consumer clientId=consumer-notification-service-1, groupId=notification-service] Error while fetching metadata with correlation id 155 : {souq.platform.events=UNKNOWN_TOPIC_OR_PARTITION, souq.publisher.events=UNKNOWN_TOPIC_OR_PARTITION}
2026-02-28T16:43:26.559+01:00  WARN 42770 --- [notification-service] [ntainer#0-0-C-1] org.apache.kafka.clients.NetworkClient   : [Consumer clientId=consumer-notification-service-1, groupId=notification-service] Error while fetching metadata with correlation id 156 : {souq.platform.events=UNKNOWN_TOPIC_OR_PARTITION, souq.publisher.events=UNKNOWN_TOPIC_OR_PARTITION}
2026-02-28T16:43:27.409+01:00  WARN 42770 --- [notification-service] [ntainer#0-0-C-1] org.apache.kafka.clients.NetworkClient   : [Consumer clientId=consumer-notification-service-1, groupId=notification-service] Error while fetching metadata with correlation id 158 : {souq.platform.events=UNKNOWN_TOPIC_OR_PARTITION, souq.publisher.events=UNKNOWN_TOPIC_OR_PARTITION}
2026-02-28T16:43:28.411+01:00  WARN 42770 --- [notification-service] [ntainer#0-0-C-1] org.apache.kafka.clients.NetworkClient   : [Consumer clientId=consumer-notification-service-1, groupId=notification-service] Error while fetching metadata with correlation id 159 : {souq.platform.events=UNKNOWN_TOPIC_OR_PARTITION, souq.publisher.events=UNKNOWN_TOPIC_OR_PARTITION}
2026-02-28T16:43:29.410+01:00  WARN 42770 --- [notification-service] [ntainer#0-0-C-1] org.apache.kafka.clients.NetworkClient   : [Consumer clientId=consumer-notification-service-1, groupId=notification-service] Error while fetching metadata with correlation id 160 : {souq.platform.events=UNKNOWN_TOPIC_OR_PARTITION, souq.publisher.events=UNKNOWN_TOPIC_OR_PARTITION}
2026-02-28T16:43:30.411+01:00  WARN 42770 --- [notification-service] [ntainer#0-0-C-1] org.apache.kafka.clients.NetworkClient   : [Consumer clientId=consumer-notification-service-1, groupId=notification-service] Error while fetching metadata with correlation id 162 : {souq.platform.events=UNKNOWN_TOPIC_OR_PARTITION, souq.publisher.events=UNKNOWN_TOPIC_OR_PARTITION}
2026-02-28T16:43:31.316+01:00  WARN 42770 --- [notification-service] [ntainer#0-0-C-1] org.apache.kafka.clients.NetworkClient   : [Consumer clientId=consumer-notification-service-1, groupId=notification-service] Error while fetching metadata with correlation id 163 : {souq.platform.events=UNKNOWN_TOPIC_OR_PARTITION, souq.publisher.events=UNKNOWN_TOPIC_OR_PARTITION}
2026-02-28T16:43:32.317+01:00  WARN 42770 --- [notification-service] [ntainer#0-0-C-1] org.apache.kafka.clients.NetworkClient   : [Consumer clientId=consumer-notification-service-1, groupId=notification-service] Error while fetching metadata with correlation id 164 : {souq.platform.events=UNKNOWN_TOPIC_OR_PARTITION, souq.publisher.events=UNKNOWN_TOPIC_OR_PARTITION}
2026-02-28T16:43:33.296+01:00  WARN 42770 --- [notification-service] [ntainer#0-0-C-1] org.apache.kafka.clients.NetworkClient   : [Consumer clientId=consumer-notification-service-1, groupId=notification-service] Error while fetching metadata with correlation id 166 : {souq.platform.events=UNKNOWN_TOPIC_OR_PARTITION, souq.publisher.events=UNKNOWN_TOPIC_OR_PARTITION}
2026-02-28T16:43:34.297+01:00  WARN 42770 --- [notification-service] [ntainer#0-0-C-1] org.apache.kafka.clients.NetworkClient   : [Consumer clientId=consumer-notification-service-1, groupId=notification-service] Error while fetching metadata with correlation id 167 : {souq.platform.events=UNKNOWN_TOPIC_OR_PARTITION, souq.publisher.events=UNKNOWN_TOPIC_OR_PARTITION}
2026-02-28T16:43:35.298+01:00  WARN 42770 --- [notification-service] [ntainer#0-0-C-1] org.apache.kafka.clients.NetworkClient   : [Consumer clientId=consumer-notification-service-1, groupId=notification-service] Error while fetching metadata with correlation id 168 : {souq.platform.events=UNKNOWN_TOPIC_OR_PARTITION, souq.publisher.events=UNKNOWN_TOPIC_OR_PARTITION}
2026-02-28T16:43:36.299+01:00  WARN 42770 --- [notification-service] [ntainer#0-0-C-1] org.apache.kafka.clients.NetworkClient   : [Consumer clientId=consumer-notification-service-1, groupId=notification-service] Error while fetching metadata with correlation id 170 : {souq.platform.events=UNKNOWN_TOPIC_OR_PARTITION, souq.publisher.events=UNKNOWN_TOPIC_OR_PARTITION}
2026-02-28T16:43:37.246+01:00  WARN 42770 --- [notification-service] [ntainer#0-0-C-1] org.apache.kafka.clients.NetworkClient   : [Consumer clientId=consumer-notification-service-1, groupId=notification-service] Error while fetching metadata with correlation id 171 : {souq.platform.events=UNKNOWN_TOPIC_OR_PARTITION, souq.publisher.events=UNKNOWN_TOPIC_OR_PARTITION}
2026-02-28T16:43:38.247+01:00  WARN 42770 --- [notification-service] [ntainer#0-0-C-1] org.apache.kafka.clients.NetworkClient   : [Consumer clientId=consumer-notification-service-1, groupId=notification-service] Error while fetching metadata with correlation id 172 : {souq.platform.events=UNKNOWN_TOPIC_OR_PARTITION, souq.publisher.events=UNKNOWN_TOPIC_OR_PARTITION}
2026-02-28T16:43:39.109+01:00  WARN 42770 --- [notification-service] [ntainer#0-0-C-1] org.apache.kafka.clients.NetworkClient   : [Consumer clientId=consumer-notification-service-1, groupId=notification-service] Error while fetching metadata with correlation id 174 : {souq.platform.events=UNKNOWN_TOPIC_OR_PARTITION, souq.publisher.events=UNKNOWN_TOPIC_OR_PARTITION}
2026-02-28T16:43:40.014+01:00  WARN 42770 --- [notification-service] [ntainer#0-0-C-1] org.apache.kafka.clients.NetworkClient   : [Consumer clientId=consumer-notification-service-1, groupId=notification-service] Error while fetching metadata with correlation id 175 : {souq.platform.events=UNKNOWN_TOPIC_OR_PARTITION, souq.publisher.events=UNKNOWN_TOPIC_OR_PARTITION}
2026-02-28T16:43:40.916+01:00  WARN 42770 --- [notification-service] [ntainer#0-0-C-1] org.apache.kafka.clients.NetworkClient   : [Consumer clientId=consumer-notification-service-1, groupId=notification-service] Error while fetching metadata with correlation id 176 : {souq.platform.events=UNKNOWN_TOPIC_OR_PARTITION, souq.publisher.events=UNKNOWN_TOPIC_OR_PARTITION}
2026-02-28T16:43:41.775+01:00  WARN 42770 --- [notification-service] [ntainer#0-0-C-1] org.apache.kafka.clients.NetworkClient   : [Consumer clientId=consumer-notification-service-1, groupId=notification-service] Error while fetching metadata with correlation id 178 : {souq.platform.events=UNKNOWN_TOPIC_OR_PARTITION, souq.publisher.events=UNKNOWN_TOPIC_OR_PARTITION}
2026-02-28T16:43:42.776+01:00  WARN 42770 --- [notification-service] [ntainer#0-0-C-1] org.apache.kafka.clients.NetworkClient   : [Consumer clientId=consumer-notification-service-1, groupId=notification-service] Error while fetching metadata with correlation id 179 : {souq.platform.events=UNKNOWN_TOPIC_OR_PARTITION, souq.publisher.events=UNKNOWN_TOPIC_OR_PARTITION}
2026-02-28T16:43:43.777+01:00  WARN 42770 --- [notification-service] [ntainer#0-0-C-1] org.apache.kafka.clients.NetworkClient   : [Consumer clientId=consumer-notification-service-1, groupId=notification-service] Error while fetching metadata with correlation id 180 : {souq.platform.events=UNKNOWN_TOPIC_OR_PARTITION, souq.publisher.events=UNKNOWN_TOPIC_OR_PARTITION}
2026-02-28T16:43:44.646+01:00  WARN 42770 --- [notification-service] [ntainer#0-0-C-1] org.apache.kafka.clients.NetworkClient   : [Consumer clientId=consumer-notification-service-1, groupId=notification-service] Error while fetching metadata with correlation id 182 : {souq.platform.events=UNKNOWN_TOPIC_OR_PARTITION, souq.publisher.events=UNKNOWN_TOPIC_OR_PARTITION}
2026-02-28T16:43:45.627+01:00  WARN 42770 --- [notification-service] [ntainer#0-0-C-1] org.apache.kafka.clients.NetworkClient   : [Consumer clientId=consumer-notification-service-1, groupId=notification-service] Error while fetching metadata with correlation id 183 : {souq.platform.events=UNKNOWN_TOPIC_OR_PARTITION, souq.publisher.events=UNKNOWN_TOPIC_OR_PARTITION}
2026-02-28T16:43:46.558+01:00  WARN 42770 --- [notification-service] [ntainer#0-0-C-1] org.apache.kafka.clients.NetworkClient   : [Consumer clientId=consumer-notification-service-1, groupId=notification-service] Error while fetching metadata with correlation id 184 : {souq.platform.events=UNKNOWN_TOPIC_OR_PARTITION, souq.publisher.events=UNKNOWN_TOPIC_OR_PARTITION}
2026-02-28T16:43:47.560+01:00  WARN 42770 --- [notification-service] [ntainer#0-0-C-1] org.apache.kafka.clients.NetworkClient   : [Consumer clientId=consumer-notification-service-1, groupId=notification-service] Error while fetching metadata with correlation id 185 : {souq.platform.events=UNKNOWN_TOPIC_OR_PARTITION, souq.publisher.events=UNKNOWN_TOPIC_OR_PARTITION}
2026-02-28T16:43:48.560+01:00  WARN 42770 --- [notification-service] [ntainer#0-0-C-1] org.apache.kafka.clients.NetworkClient   : [Consumer clientId=consumer-notification-service-1, groupId=notification-service] Error while fetching metadata with correlation id 187 : {souq.platform.events=UNKNOWN_TOPIC_OR_PARTITION, souq.publisher.events=UNKNOWN_TOPIC_OR_PARTITION}
2026-02-28T16:43:49.466+01:00  WARN 42770 --- [notification-service] [ntainer#0-0-C-1] org.apache.kafka.clients.NetworkClient   : [Consumer clientId=consumer-notification-service-1, groupId=notification-service] Error while fetching metadata with correlation id 188 : {souq.platform.events=UNKNOWN_TOPIC_OR_PARTITION, souq.publisher.events=UNKNOWN_TOPIC_OR_PARTITION}
2026-02-28T16:43:50.467+01:00  WARN 42770 --- [notification-service] [ntainer#0-0-C-1] org.apache.kafka.clients.NetworkClient   : [Consumer clientId=consumer-notification-service-1, groupId=notification-service] Error while fetching metadata with correlation id 189 : {souq.platform.events=UNKNOWN_TOPIC_OR_PARTITION, souq.publisher.events=UNKNOWN_TOPIC_OR_PARTITION}
2026-02-28T16:43:51.433+01:00  WARN 42770 --- [notification-service] [ntainer#0-0-C-1] org.apache.kafka.clients.NetworkClient   : [Consumer clientId=consumer-notification-service-1, groupId=notification-service] Error while fetching metadata with correlation id 191 : {souq.platform.events=UNKNOWN_TOPIC_OR_PARTITION, souq.publisher.events=UNKNOWN_TOPIC_OR_PARTITION}
2026-02-28T16:43:52.262+01:00  WARN 42770 --- [notification-service] [ntainer#0-0-C-1] org.apache.kafka.clients.NetworkClient   : [Consumer clientId=consumer-notification-service-1, groupId=notification-service] Error while fetching metadata with correlation id 192 : {souq.platform.events=UNKNOWN_TOPIC_OR_PARTITION, souq.publisher.events=UNKNOWN_TOPIC_OR_PARTITION}
2026-02-28T16:43:53.263+01:00  WARN 42770 --- [notification-service] [ntainer#0-0-C-1] org.apache.kafka.clients.NetworkClient   : [Consumer clientId=consumer-notification-service-1, groupId=notification-service] Error while fetching metadata with correlation id 193 : {souq.platform.events=UNKNOWN_TOPIC_OR_PARTITION, souq.publisher.events=UNKNOWN_TOPIC_OR_PARTITION}
2026-02-28T16:43:54.110+01:00  WARN 42770 --- [notification-service] [ntainer#0-0-C-1] org.apache.kafka.clients.NetworkClient   : [Consumer clientId=consumer-notification-service-1, groupId=notification-service] Error while fetching metadata with correlation id 195 : {souq.platform.events=UNKNOWN_TOPIC_OR_PARTITION, souq.publisher.events=UNKNOWN_TOPIC_OR_PARTITION}
2026-02-28T16:43:55.015+01:00  WARN 42770 --- [notification-service] [ntainer#0-0-C-1] org.apache.kafka.clients.NetworkClient   : [Consumer clientId=consumer-notification-service-1, groupId=notification-service] Error while fetching metadata with correlation id 196 : {souq.platform.events=UNKNOWN_TOPIC_OR_PARTITION, souq.publisher.events=UNKNOWN_TOPIC_OR_PARTITION}
2026-02-28T16:43:55.920+01:00  WARN 42770 --- [notification-service] [ntainer#0-0-C-1] org.apache.kafka.clients.NetworkClient   : [Consumer clientId=consumer-notification-service-1, groupId=notification-service] Error while fetching metadata with correlation id 197 : {souq.platform.events=UNKNOWN_TOPIC_OR_PARTITION, souq.publisher.events=UNKNOWN_TOPIC_OR_PARTITION}
2026-02-28T16:43:56.921+01:00  WARN 42770 --- [notification-service] [ntainer#0-0-C-1] org.apache.kafka.clients.NetworkClient   : [Consumer clientId=consumer-notification-service-1, groupId=notification-service] Error while fetching metadata with correlation id 199 : {souq.platform.events=UNKNOWN_TOPIC_OR_PARTITION, souq.publisher.events=UNKNOWN_TOPIC_OR_PARTITION}
2026-02-28T16:43:57.922+01:00  WARN 42770 --- [notification-service] [ntainer#0-0-C-1] org.apache.kafka.clients.NetworkClient   : [Consumer clientId=consumer-notification-service-1, groupId=notification-service] Error while fetching metadata with correlation id 200 : {souq.platform.events=UNKNOWN_TOPIC_OR_PARTITION, souq.publisher.events=UNKNOWN_TOPIC_OR_PARTITION}
2026-02-28T16:43:58.827+01:00  WARN 42770 --- [notification-service] [ntainer#0-0-C-1] org.apache.kafka.clients.NetworkClient   : [Consumer clientId=consumer-notification-service-1, groupId=notification-service] Error while fetching metadata with correlation id 201 : {souq.platform.events=UNKNOWN_TOPIC_OR_PARTITION, souq.publisher.events=UNKNOWN_TOPIC_OR_PARTITION}
2026-02-28T16:43:59.709+01:00  WARN 42770 --- [notification-service] [ntainer#0-0-C-1] org.apache.kafka.clients.NetworkClient   : [Consumer clientId=consumer-notification-service-1, groupId=notification-service] Error while fetching metadata with correlation id 203 : {souq.platform.events=UNKNOWN_TOPIC_OR_PARTITION, souq.publisher.events=UNKNOWN_TOPIC_OR_PARTITION}
2026-02-28T16:44:00.638+01:00  WARN 42770 --- [notification-service] [ntainer#0-0-C-1] org.apache.kafka.clients.NetworkClient   : [Consumer clientId=consumer-notification-service-1, groupId=notification-service] Error while fetching metadata with correlation id 204 : {souq.platform.events=UNKNOWN_TOPIC_OR_PARTITION, souq.publisher.events=UNKNOWN_TOPIC_OR_PARTITION}
2026-02-28T16:44:01.560+01:00  WARN 42770 --- [notification-service] [ntainer#0-0-C-1] org.apache.kafka.clients.NetworkClient   : [Consumer clientId=consumer-notification-service-1, groupId=notification-service] Error while fetching metadata with correlation id 205 : {souq.platform.events=UNKNOWN_TOPIC_OR_PARTITION, souq.publisher.events=UNKNOWN_TOPIC_OR_PARTITION}
2026-02-28T16:44:02.561+01:00  WARN 42770 --- [notification-service] [ntainer#0-0-C-1] org.apache.kafka.clients.NetworkClient   : [Consumer clientId=consumer-notification-service-1, groupId=notification-service] Error while fetching metadata with correlation id 206 : {souq.platform.events=UNKNOWN_TOPIC_OR_PARTITION, souq.publisher.events=UNKNOWN_TOPIC_OR_PARTITION}
2026-02-28T16:44:03.562+01:00  WARN 42770 --- [notification-service] [ntainer#0-0-C-1] org.apache.kafka.clients.NetworkClient   : [Consumer clientId=consumer-notification-service-1, groupId=notification-service] Error while fetching metadata with correlation id 208 : {souq.platform.events=UNKNOWN_TOPIC_OR_PARTITION, souq.publisher.events=UNKNOWN_TOPIC_OR_PARTITION}
2026-02-28T16:44:04.563+01:00  WARN 42770 --- [notification-service] [ntainer#0-0-C-1] org.apache.kafka.clients.NetworkClient   : [Consumer clientId=consumer-notification-service-1, groupId=notification-service] Error while fetching metadata with correlation id 209 : {souq.platform.events=UNKNOWN_TOPIC_OR_PARTITION, souq.publisher.events=UNKNOWN_TOPIC_OR_PARTITION}
2026-02-28T16:44:05.564+01:00  WARN 42770 --- [notification-service] [ntainer#0-0-C-1] org.apache.kafka.clients.NetworkClient   : [Consumer clientId=consumer-notification-service-1, groupId=notification-service] Error while fetching metadata with correlation id 210 : {souq.platform.events=UNKNOWN_TOPIC_OR_PARTITION, souq.publisher.events=UNKNOWN_TOPIC_OR_PARTITION}
2026-02-28T16:44:06.560+01:00  WARN 42770 --- [notification-service] [ntainer#0-0-C-1] org.apache.kafka.clients.NetworkClient   : [Consumer clientId=consumer-notification-service-1, groupId=notification-service] Error while fetching metadata with correlation id 212 : {souq.platform.events=UNKNOWN_TOPIC_OR_PARTITION, souq.publisher.events=UNKNOWN_TOPIC_OR_PARTITION}
2026-02-28T16:44:07.561+01:00  WARN 42770 --- [notification-service] [ntainer#0-0-C-1] org.apache.kafka.clients.NetworkClient   : [Consumer clientId=consumer-notification-service-1, groupId=notification-service] Error while fetching metadata with correlation id 213 : {souq.platform.events=UNKNOWN_TOPIC_OR_PARTITION, souq.publisher.events=UNKNOWN_TOPIC_OR_PARTITION}
2026-02-28T16:44:08.544+01:00  WARN 42770 --- [notification-service] [ntainer#0-0-C-1] org.apache.kafka.clients.NetworkClient   : [Consumer clientId=consumer-notification-service-1, groupId=notification-service] Error while fetching metadata with correlation id 214 : {souq.platform.events=UNKNOWN_TOPIC_OR_PARTITION, souq.publisher.events=UNKNOWN_TOPIC_OR_PARTITION}
2026-02-28T16:44:09.545+01:00  WARN 42770 --- [notification-service] [ntainer#0-0-C-1] org.apache.kafka.clients.NetworkClient   : [Consumer clientId=consumer-notification-service-1, groupId=notification-service] Error while fetching metadata with correlation id 216 : {souq.platform.events=UNKNOWN_TOPIC_OR_PARTITION, souq.publisher.events=UNKNOWN_TOPIC_OR_PARTITION}
2026-02-28T16:44:10.451+01:00  WARN 42770 --- [notification-service] [ntainer#0-0-C-1] org.apache.kafka.clients.NetworkClient   : [Consumer clientId=consumer-notification-service-1, groupId=notification-service] Error while fetching metadata with correlation id 217 : {souq.platform.events=UNKNOWN_TOPIC_OR_PARTITION, souq.publisher.events=UNKNOWN_TOPIC_OR_PARTITION}
2026-02-28T16:44:11.356+01:00  WARN 42770 --- [notification-service] [ntainer#0-0-C-1] org.apache.kafka.clients.NetworkClient   : [Consumer clientId=consumer-notification-service-1, groupId=notification-service] Error while fetching metadata with correlation id 218 : {souq.platform.events=UNKNOWN_TOPIC_OR_PARTITION, souq.publisher.events=UNKNOWN_TOPIC_OR_PARTITION}
2026-02-28T16:44:12.213+01:00  WARN 42770 --- [notification-service] [ntainer#0-0-C-1] org.apache.kafka.clients.NetworkClient   : [Consumer clientId=consumer-notification-service-1, groupId=notification-service] Error while fetching metadata with correlation id 220 : {souq.platform.events=UNKNOWN_TOPIC_OR_PARTITION, souq.publisher.events=UNKNOWN_TOPIC_OR_PARTITION}
2026-02-28T16:44:13.118+01:00  WARN 42770 --- [notification-service] [ntainer#0-0-C-1] org.apache.kafka.clients.NetworkClient   : [Consumer clientId=consumer-notification-service-1, groupId=notification-service] Error while fetching metadata with correlation id 221 : {souq.platform.events=UNKNOWN_TOPIC_OR_PARTITION, souq.publisher.events=UNKNOWN_TOPIC_OR_PARTITION}
2026-02-28T16:44:14.023+01:00  WARN 42770 --- [notification-service] [ntainer#0-0-C-1] org.apache.kafka.clients.NetworkClient   : [Consumer clientId=consumer-notification-service-1, groupId=notification-service] Error while fetching metadata with correlation id 222 : {souq.platform.events=UNKNOWN_TOPIC_OR_PARTITION, souq.publisher.events=UNKNOWN_TOPIC_OR_PARTITION}
2026-02-28T16:44:15.024+01:00  WARN 42770 --- [notification-service] [ntainer#0-0-C-1] org.apache.kafka.clients.NetworkClient   : [Consumer clientId=consumer-notification-service-1, groupId=notification-service] Error while fetching metadata with correlation id 224 : {souq.platform.events=UNKNOWN_TOPIC_OR_PARTITION, souq.publisher.events=UNKNOWN_TOPIC_OR_PARTITION}
2026-02-28T16:44:15.929+01:00  WARN 42770 --- [notification-service] [ntainer#0-0-C-1] org.apache.kafka.clients.NetworkClient   : [Consumer clientId=consumer-notification-service-1, groupId=notification-service] Error while fetching metadata with correlation id 225 : {souq.platform.events=UNKNOWN_TOPIC_OR_PARTITION, souq.publisher.events=UNKNOWN_TOPIC_OR_PARTITION}
2026-02-28T16:44:16.862+01:00  WARN 42770 --- [notification-service] [ntainer#0-0-C-1] org.apache.kafka.clients.NetworkClient   : [Consumer clientId=consumer-notification-service-1, groupId=notification-service] Error while fetching metadata with correlation id 226 : {souq.platform.events=UNKNOWN_TOPIC_OR_PARTITION, souq.publisher.events=UNKNOWN_TOPIC_OR_PARTITION}
2026-02-28T16:44:17.812+01:00  WARN 42770 --- [notification-service] [ntainer#0-0-C-1] org.apache.kafka.clients.NetworkClient   : [Consumer clientId=consumer-notification-service-1, groupId=notification-service] Error while fetching metadata with correlation id 228 : {souq.platform.events=UNKNOWN_TOPIC_OR_PARTITION, souq.publisher.events=UNKNOWN_TOPIC_OR_PARTITION}
2026-02-28T16:44:18.682+01:00  WARN 42770 --- [notification-service] [ntainer#0-0-C-1] org.apache.kafka.clients.NetworkClient   : [Consumer clientId=consumer-notification-service-1, groupId=notification-service] Error while fetching metadata with correlation id 229 : {souq.platform.events=UNKNOWN_TOPIC_OR_PARTITION, souq.publisher.events=UNKNOWN_TOPIC_OR_PARTITION}
2026-02-28T16:44:19.683+01:00  WARN 42770 --- [notification-service] [ntainer#0-0-C-1] org.apache.kafka.clients.NetworkClient   : [Consumer clientId=consumer-notification-service-1, groupId=notification-service] Error while fetching metadata with correlation id 230 : {souq.platform.events=UNKNOWN_TOPIC_OR_PARTITION, souq.publisher.events=UNKNOWN_TOPIC_OR_PARTITION}
2026-02-28T16:44:20.611+01:00  WARN 42770 --- [notification-service] [ntainer#0-0-C-1] org.apache.kafka.clients.NetworkClient   : [Consumer clientId=consumer-notification-service-1, groupId=notification-service] Error while fetching metadata with correlation id 231 : {souq.platform.events=UNKNOWN_TOPIC_OR_PARTITION, souq.publisher.events=UNKNOWN_TOPIC_OR_PARTITION}
2026-02-28T16:44:21.561+01:00  WARN 42770 --- [notification-service] [ntainer#0-0-C-1] org.apache.kafka.clients.NetworkClient   : [Consumer clientId=consumer-notification-service-1, groupId=notification-service] Error while fetching metadata with correlation id 233 : {souq.platform.events=UNKNOWN_TOPIC_OR_PARTITION, souq.publisher.events=UNKNOWN_TOPIC_OR_PARTITION}
2026-02-28T16:44:22.366+01:00  WARN 42770 --- [notification-service] [ntainer#0-0-C-1] org.apache.kafka.clients.NetworkClient   : [Consumer clientId=consumer-notification-service-1, groupId=notification-service] Error while fetching metadata with correlation id 234 : {souq.platform.events=UNKNOWN_TOPIC_OR_PARTITION, souq.publisher.events=UNKNOWN_TOPIC_OR_PARTITION}
2026-02-28T16:44:23.272+01:00  WARN 42770 --- [notification-service] [ntainer#0-0-C-1] org.apache.kafka.clients.NetworkClient   : [Consumer clientId=consumer-notification-service-1, groupId=notification-service] Error while fetching metadata with correlation id 235 : {souq.platform.events=UNKNOWN_TOPIC_OR_PARTITION, souq.publisher.events=UNKNOWN_TOPIC_OR_PARTITION}
2026-02-28T16:44:24.216+01:00  WARN 42770 --- [notification-service] [ntainer#0-0-C-1] org.apache.kafka.clients.NetworkClient   : [Consumer clientId=consumer-notification-service-1, groupId=notification-service] Error while fetching metadata with correlation id 237 : {souq.platform.events=UNKNOWN_TOPIC_OR_PARTITION, souq.publisher.events=UNKNOWN_TOPIC_OR_PARTITION}
2026-02-28T16:44:25.021+01:00  WARN 42770 --- [notification-service] [ntainer#0-0-C-1] org.apache.kafka.clients.NetworkClient   : [Consumer clientId=consumer-notification-service-1, groupId=notification-service] Error while fetching metadata with correlation id 238 : {souq.platform.events=UNKNOWN_TOPIC_OR_PARTITION, souq.publisher.events=UNKNOWN_TOPIC_OR_PARTITION}
2026-02-28T16:44:25.926+01:00  WARN 42770 --- [notification-service] [ntainer#0-0-C-1] org.apache.kafka.clients.NetworkClient   : [Consumer clientId=consumer-notification-service-1, groupId=notification-service] Error while fetching metadata with correlation id 239 : {souq.platform.events=UNKNOWN_TOPIC_OR_PARTITION, souq.publisher.events=UNKNOWN_TOPIC_OR_PARTITION}
2026-02-28T16:44:26.839+01:00  WARN 42770 --- [notification-service] [ntainer#0-0-C-1] org.apache.kafka.clients.NetworkClient   : [Consumer clientId=consumer-notification-service-1, groupId=notification-service] Error while fetching metadata with correlation id 241 : {souq.platform.events=UNKNOWN_TOPIC_OR_PARTITION, souq.publisher.events=UNKNOWN_TOPIC_OR_PARTITION}
2026-02-28T16:44:27.803+01:00  WARN 42770 --- [notification-service] [ntainer#0-0-C-1] org.apache.kafka.clients.NetworkClient   : [Consumer clientId=consumer-notification-service-1, groupId=notification-service] Error while fetching metadata with correlation id 242 : {souq.platform.events=UNKNOWN_TOPIC_OR_PARTITION, souq.publisher.events=UNKNOWN_TOPIC_OR_PARTITION}
2026-02-28T16:44:28.708+01:00  WARN 42770 --- [notification-service] [ntainer#0-0-C-1] org.apache.kafka.clients.NetworkClient   : [Consumer clientId=consumer-notification-service-1, groupId=notification-service] Error while fetching metadata with correlation id 243 : {souq.platform.events=UNKNOWN_TOPIC_OR_PARTITION, souq.publisher.events=UNKNOWN_TOPIC_OR_PARTITION}
2026-02-28T16:44:29.709+01:00  WARN 42770 --- [notification-service] [ntainer#0-0-C-1] org.apache.kafka.clients.NetworkClient   : [Consumer clientId=consumer-notification-service-1, groupId=notification-service] Error while fetching metadata with correlation id 245 : {souq.platform.events=UNKNOWN_TOPIC_OR_PARTITION, souq.publisher.events=UNKNOWN_TOPIC_OR_PARTITION}
2026-02-28T16:44:30.708+01:00  WARN 42770 --- [notification-service] [ntainer#0-0-C-1] org.apache.kafka.clients.NetworkClient   : [Consumer clientId=consumer-notification-service-1, groupId=notification-service] Error while fetching metadata with correlation id 246 : {souq.platform.events=UNKNOWN_TOPIC_OR_PARTITION, souq.publisher.events=UNKNOWN_TOPIC_OR_PARTITION}
2026-02-28T16:44:31.709+01:00  WARN 42770 --- [notification-service] [ntainer#0-0-C-1] org.apache.kafka.clients.NetworkClient   : [Consumer clientId=consumer-notification-service-1, groupId=notification-service] Error while fetching metadata with correlation id 247 : {souq.platform.events=UNKNOWN_TOPIC_OR_PARTITION, souq.publisher.events=UNKNOWN_TOPIC_OR_PARTITION}
2026-02-28T16:44:32.615+01:00  WARN 42770 --- [notification-service] [ntainer#0-0-C-1] org.apache.kafka.clients.NetworkClient   : [Consumer clientId=consumer-notification-service-1, groupId=notification-service] Error while fetching metadata with correlation id 249 : {souq.platform.events=UNKNOWN_TOPIC_OR_PARTITION, souq.publisher.events=UNKNOWN_TOPIC_OR_PARTITION}
2026-02-28T16:44:33.614+01:00  WARN 42770 --- [notification-service] [ntainer#0-0-C-1] org.apache.kafka.clients.NetworkClient   : [Consumer clientId=consumer-notification-service-1, groupId=notification-service] Error while fetching metadata with correlation id 250 : {souq.platform.events=UNKNOWN_TOPIC_OR_PARTITION, souq.publisher.events=UNKNOWN_TOPIC_OR_PARTITION}
2026-02-28T16:44:34.584+01:00  WARN 42770 --- [notification-service] [ntainer#0-0-C-1] org.apache.kafka.clients.NetworkClient   : [Consumer clientId=consumer-notification-service-1, groupId=notification-service] Error while fetching metadata with correlation id 251 : {souq.platform.events=UNKNOWN_TOPIC_OR_PARTITION, souq.publisher.events=UNKNOWN_TOPIC_OR_PARTITION}
2026-02-28T16:44:35.564+01:00  WARN 42770 --- [notification-service] [ntainer#0-0-C-1] org.apache.kafka.clients.NetworkClient   : [Consumer clientId=consumer-notification-service-1, groupId=notification-service] Error while fetching metadata with correlation id 252 : {souq.platform.events=UNKNOWN_TOPIC_OR_PARTITION, souq.publisher.events=UNKNOWN_TOPIC_OR_PARTITION}
2026-02-28T16:44:36.461+01:00  WARN 42770 --- [notification-service] [ntainer#0-0-C-1] org.apache.kafka.clients.NetworkClient   : [Consumer clientId=consumer-notification-service-1, groupId=notification-service] Error while fetching metadata with correlation id 254 : {souq.platform.events=UNKNOWN_TOPIC_OR_PARTITION, souq.publisher.events=UNKNOWN_TOPIC_OR_PARTITION}
2026-02-28T16:44:37.427+01:00  WARN 42770 --- [notification-service] [ntainer#0-0-C-1] org.apache.kafka.clients.NetworkClient   : [Consumer clientId=consumer-notification-service-1, groupId=notification-service] Error while fetching metadata with correlation id 255 : {souq.platform.events=UNKNOWN_TOPIC_OR_PARTITION, souq.publisher.events=UNKNOWN_TOPIC_OR_PARTITION}
2026-02-28T16:44:38.332+01:00  WARN 42770 --- [notification-service] [ntainer#0-0-C-1] org.apache.kafka.clients.NetworkClient   : [Consumer clientId=consumer-notification-service-1, groupId=notification-service] Error while fetching metadata with correlation id 256 : {souq.platform.events=UNKNOWN_TOPIC_OR_PARTITION, souq.publisher.events=UNKNOWN_TOPIC_OR_PARTITION}
2026-02-28T16:44:39.202+01:00  WARN 42770 --- [notification-service] [ntainer#0-0-C-1] org.apache.kafka.clients.NetworkClient   : [Consumer clientId=consumer-notification-service-1, groupId=notification-service] Error while fetching metadata with correlation id 258 : {souq.platform.events=UNKNOWN_TOPIC_OR_PARTITION, souq.publisher.events=UNKNOWN_TOPIC_OR_PARTITION}
2026-02-28T16:44:40.203+01:00  WARN 42770 --- [notification-service] [ntainer#0-0-C-1] org.apache.kafka.clients.NetworkClient   : [Consumer clientId=consumer-notification-service-1, groupId=notification-service] Error while fetching metadata with correlation id 259 : {souq.platform.events=UNKNOWN_TOPIC_OR_PARTITION, souq.publisher.events=UNKNOWN_TOPIC_OR_PARTITION}
2026-02-28T16:44:41.204+01:00  WARN 42770 --- [notification-service] [ntainer#0-0-C-1] org.apache.kafka.clients.NetworkClient   : [Consumer clientId=consumer-notification-service-1, groupId=notification-service] Error while fetching metadata with correlation id 260 : {souq.platform.events=UNKNOWN_TOPIC_OR_PARTITION, souq.publisher.events=UNKNOWN_TOPIC_OR_PARTITION}
2026-02-28T16:44:42.090+01:00  WARN 42770 --- [notification-service] [ntainer#0-0-C-1] org.apache.kafka.clients.NetworkClient   : [Consumer clientId=consumer-notification-service-1, groupId=notification-service] Error while fetching metadata with correlation id 262 : {souq.platform.events=UNKNOWN_TOPIC_OR_PARTITION, souq.publisher.events=UNKNOWN_TOPIC_OR_PARTITION}
2026-02-28T16:44:42.996+01:00  WARN 42770 --- [notification-service] [ntainer#0-0-C-1] org.apache.kafka.clients.NetworkClient   : [Consumer clientId=consumer-notification-service-1, groupId=notification-service] Error while fetching metadata with correlation id 263 : {souq.platform.events=UNKNOWN_TOPIC_OR_PARTITION, souq.publisher.events=UNKNOWN_TOPIC_OR_PARTITION}
2026-02-28T16:44:43.996+01:00  WARN 42770 --- [notification-service] [ntainer#0-0-C-1] org.apache.kafka.clients.NetworkClient   : [Consumer clientId=consumer-notification-service-1, groupId=notification-service] Error while fetching metadata with correlation id 264 : {souq.platform.events=UNKNOWN_TOPIC_OR_PARTITION, souq.publisher.events=UNKNOWN_TOPIC_OR_PARTITION}
2026-02-28T16:44:44.996+01:00  WARN 42770 --- [notification-service] [ntainer#0-0-C-1] org.apache.kafka.clients.NetworkClient   : [Consumer clientId=consumer-notification-service-1, groupId=notification-service] Error while fetching metadata with correlation id 266 : {souq.platform.events=UNKNOWN_TOPIC_OR_PARTITION, souq.publisher.events=UNKNOWN_TOPIC_OR_PARTITION}
2026-02-28T16:44:45.902+01:00  WARN 42770 --- [notification-service] [ntainer#0-0-C-1] org.apache.kafka.clients.NetworkClient   : [Consumer clientId=consumer-notification-service-1, groupId=notification-service] Error while fetching metadata with correlation id 267 : {souq.platform.events=UNKNOWN_TOPIC_OR_PARTITION, souq.publisher.events=UNKNOWN_TOPIC_OR_PARTITION}
2026-02-28T16:44:46.864+01:00  WARN 42770 --- [notification-service] [ntainer#0-0-C-1] org.apache.kafka.clients.NetworkClient   : [Consumer clientId=consumer-notification-service-1, groupId=notification-service] Error while fetching metadata with correlation id 268 : {souq.platform.events=UNKNOWN_TOPIC_OR_PARTITION, souq.publisher.events=UNKNOWN_TOPIC_OR_PARTITION}
2026-02-28T16:44:47.817+01:00  WARN 42770 --- [notification-service] [ntainer#0-0-C-1] org.apache.kafka.clients.NetworkClient   : [Consumer clientId=consumer-notification-service-1, groupId=notification-service] Error while fetching metadata with correlation id 270 : {souq.platform.events=UNKNOWN_TOPIC_OR_PARTITION, souq.publisher.events=UNKNOWN_TOPIC_OR_PARTITION}
2026-02-28T16:44:48.773+01:00  WARN 42770 --- [notification-service] [ntainer#0-0-C-1] org.apache.kafka.clients.NetworkClient   : [Consumer clientId=consumer-notification-service-1, groupId=notification-service] Error while fetching metadata with correlation id 271 : {souq.platform.events=UNKNOWN_TOPIC_OR_PARTITION, souq.publisher.events=UNKNOWN_TOPIC_OR_PARTITION}
2026-02-28T16:44:49.710+01:00  WARN 42770 --- [notification-service] [ntainer#0-0-C-1] org.apache.kafka.clients.NetworkClient   : [Consumer clientId=consumer-notification-service-1, groupId=notification-service] Error while fetching metadata with correlation id 272 : {souq.platform.events=UNKNOWN_TOPIC_OR_PARTITION, souq.publisher.events=UNKNOWN_TOPIC_OR_PARTITION}
2026-02-28T16:44:50.615+01:00  WARN 42770 --- [notification-service] [ntainer#0-0-C-1] org.apache.kafka.clients.NetworkClient   : [Consumer clientId=consumer-notification-service-1, groupId=notification-service] Error while fetching metadata with correlation id 274 : {souq.platform.events=UNKNOWN_TOPIC_OR_PARTITION, souq.publisher.events=UNKNOWN_TOPIC_OR_PARTITION}
2026-02-28T16:44:51.616+01:00  WARN 42770 --- [notification-service] [ntainer#0-0-C-1] org.apache.kafka.clients.NetworkClient   : [Consumer clientId=consumer-notification-service-1, groupId=notification-service] Error while fetching metadata with correlation id 275 : {souq.platform.events=UNKNOWN_TOPIC_OR_PARTITION, souq.publisher.events=UNKNOWN_TOPIC_OR_PARTITION}
2026-02-28T16:44:52.560+01:00  WARN 42770 --- [notification-service] [ntainer#0-0-C-1] org.apache.kafka.clients.NetworkClient   : [Consumer clientId=consumer-notification-service-1, groupId=notification-service] Error while fetching metadata with correlation id 276 : {souq.platform.events=UNKNOWN_TOPIC_OR_PARTITION, souq.publisher.events=UNKNOWN_TOPIC_OR_PARTITION}
2026-02-28T16:44:53.561+01:00  WARN 42770 --- [notification-service] [ntainer#0-0-C-1] org.apache.kafka.clients.NetworkClient   : [Consumer clientId=consumer-notification-service-1, groupId=notification-service] Error while fetching metadata with correlation id 277 : {souq.platform.events=UNKNOWN_TOPIC_OR_PARTITION, souq.publisher.events=UNKNOWN_TOPIC_OR_PARTITION}
2026-02-28T16:44:54.520+01:00  WARN 42770 --- [notification-service] [ntainer#0-0-C-1] org.apache.kafka.clients.NetworkClient   : [Consumer clientId=consumer-notification-service-1, groupId=notification-service] Error while fetching metadata with correlation id 279 : {souq.platform.events=UNKNOWN_TOPIC_OR_PARTITION, souq.publisher.events=UNKNOWN_TOPIC_OR_PARTITION}
2026-02-28T16:44:55.423+01:00  WARN 42770 --- [notification-service] [ntainer#0-0-C-1] org.apache.kafka.clients.NetworkClient   : [Consumer clientId=consumer-notification-service-1, groupId=notification-service] Error while fetching metadata with correlation id 280 : {souq.platform.events=UNKNOWN_TOPIC_OR_PARTITION, souq.publisher.events=UNKNOWN_TOPIC_OR_PARTITION}
2026-02-28T16:44:56.368+01:00  WARN 42770 --- [notification-service] [ntainer#0-0-C-1] org.apache.kafka.clients.NetworkClient   : [Consumer clientId=consumer-notification-service-1, groupId=notification-service] Error while fetching metadata with correlation id 281 : {souq.platform.events=UNKNOWN_TOPIC_OR_PARTITION, souq.publisher.events=UNKNOWN_TOPIC_OR_PARTITION}
2026-02-28T16:44:57.220+01:00  WARN 42770 --- [notification-service] [ntainer#0-0-C-1] org.apache.kafka.clients.NetworkClient   : [Consumer clientId=consumer-notification-service-1, groupId=notification-service] Error while fetching metadata with correlation id 283 : {souq.platform.events=UNKNOWN_TOPIC_OR_PARTITION, souq.publisher.events=UNKNOWN_TOPIC_OR_PARTITION}
2026-02-28T16:44:58.079+01:00  WARN 42770 --- [notification-service] [ntainer#0-0-C-1] org.apache.kafka.clients.NetworkClient   : [Consumer clientId=consumer-notification-service-1, groupId=notification-service] Error while fetching metadata with correlation id 284 : {souq.platform.events=UNKNOWN_TOPIC_OR_PARTITION, souq.publisher.events=UNKNOWN_TOPIC_OR_PARTITION}
2026-02-28T16:44:59.081+01:00  WARN 42770 --- [notification-service] [ntainer#0-0-C-1] org.apache.kafka.clients.NetworkClient   : [Consumer clientId=consumer-notification-service-1, groupId=notification-service] Error while fetching metadata with correlation id 285 : {souq.platform.events=UNKNOWN_TOPIC_OR_PARTITION, souq.publisher.events=UNKNOWN_TOPIC_OR_PARTITION}
2026-02-28T16:45:00.082+01:00  WARN 42770 --- [notification-service] [ntainer#0-0-C-1] org.apache.kafka.clients.NetworkClient   : [Consumer clientId=consumer-notification-service-1, groupId=notification-service] Error while fetching metadata with correlation id 287 : {souq.platform.events=UNKNOWN_TOPIC_OR_PARTITION, souq.publisher.events=UNKNOWN_TOPIC_OR_PARTITION}
2026-02-28T16:45:01.083+01:00  WARN 42770 --- [notification-service] [ntainer#0-0-C-1] org.apache.kafka.clients.NetworkClient   : [Consumer clientId=consumer-notification-service-1, groupId=notification-service] Error while fetching metadata with correlation id 288 : {souq.platform.events=UNKNOWN_TOPIC_OR_PARTITION, souq.publisher.events=UNKNOWN_TOPIC_OR_PARTITION}
2026-02-28T16:45:02.084+01:00  WARN 42770 --- [notification-service] [ntainer#0-0-C-1] org.apache.kafka.clients.NetworkClient   : [Consumer clientId=consumer-notification-service-1, groupId=notification-service] Error while fetching metadata with correlation id 289 : {souq.platform.events=UNKNOWN_TOPIC_OR_PARTITION, souq.publisher.events=UNKNOWN_TOPIC_OR_PARTITION}
2026-02-28T16:45:03.018+01:00  WARN 42770 --- [notification-service] [ntainer#0-0-C-1] org.apache.kafka.clients.NetworkClient   : [Consumer clientId=consumer-notification-service-1, groupId=notification-service] Error while fetching metadata with correlation id 291 : {souq.platform.events=UNKNOWN_TOPIC_OR_PARTITION, souq.publisher.events=UNKNOWN_TOPIC_OR_PARTITION}
2026-02-28T16:45:03.921+01:00  WARN 42770 --- [notification-service] [ntainer#0-0-C-1] org.apache.kafka.clients.NetworkClient   : [Consumer clientId=consumer-notification-service-1, groupId=notification-service] Error while fetching metadata with correlation id 292 : {souq.platform.events=UNKNOWN_TOPIC_OR_PARTITION, souq.publisher.events=UNKNOWN_TOPIC_OR_PARTITION}
2026-02-28T16:45:04.826+01:00  WARN 42770 --- [notification-service] [ntainer#0-0-C-1] org.apache.kafka.clients.NetworkClient   : [Consumer clientId=consumer-notification-service-1, groupId=notification-service] Error while fetching metadata with correlation id 293 : {souq.platform.events=UNKNOWN_TOPIC_OR_PARTITION, souq.publisher.events=UNKNOWN_TOPIC_OR_PARTITION}
2026-02-28T16:45:05.717+01:00  WARN 42770 --- [notification-service] [ntainer#0-0-C-1] org.apache.kafka.clients.NetworkClient   : [Consumer clientId=consumer-notification-service-1, groupId=notification-service] Error while fetching metadata with correlation id 295 : {souq.platform.events=UNKNOWN_TOPIC_OR_PARTITION, souq.publisher.events=UNKNOWN_TOPIC_OR_PARTITION}
2026-02-28T16:45:06.717+01:00  WARN 42770 --- [notification-service] [ntainer#0-0-C-1] org.apache.kafka.clients.NetworkClient   : [Consumer clientId=consumer-notification-service-1, groupId=notification-service] Error while fetching metadata with correlation id 296 : {souq.platform.events=UNKNOWN_TOPIC_OR_PARTITION, souq.publisher.events=UNKNOWN_TOPIC_OR_PARTITION}
2026-02-28T16:45:07.718+01:00  WARN 42770 --- [notification-service] [ntainer#0-0-C-1] org.apache.kafka.clients.NetworkClient   : [Consumer clientId=consumer-notification-service-1, groupId=notification-service] Error while fetching metadata with correlation id 297 : {souq.platform.events=UNKNOWN_TOPIC_OR_PARTITION, souq.publisher.events=UNKNOWN_TOPIC_OR_PARTITION}
2026-02-28T16:45:08.617+01:00  WARN 42770 --- [notification-service] [ntainer#0-0-C-1] org.apache.kafka.clients.NetworkClient   : [Consumer clientId=consumer-notification-service-1, groupId=notification-service] Error while fetching metadata with correlation id 298 : {souq.platform.events=UNKNOWN_TOPIC_OR_PARTITION, souq.publisher.events=UNKNOWN_TOPIC_OR_PARTITION}
2026-02-28T16:45:09.618+01:00  WARN 42770 --- [notification-service] [ntainer#0-0-C-1] org.apache.kafka.clients.NetworkClient   : [Consumer clientId=consumer-notification-service-1, groupId=notification-service] Error while fetching metadata with correlation id 300 : {souq.platform.events=UNKNOWN_TOPIC_OR_PARTITION, souq.publisher.events=UNKNOWN_TOPIC_OR_PARTITION}
2026-02-28T16:45:10.522+01:00  WARN 42770 --- [notification-service] [ntainer#0-0-C-1] org.apache.kafka.clients.NetworkClient   : [Consumer clientId=consumer-notification-service-1, groupId=notification-service] Error while fetching metadata with correlation id 301 : {souq.platform.events=UNKNOWN_TOPIC_OR_PARTITION, souq.publisher.events=UNKNOWN_TOPIC_OR_PARTITION}
2026-02-28T16:45:11.464+01:00  WARN 42770 --- [notification-service] [ntainer#0-0-C-1] org.apache.kafka.clients.NetworkClient   : [Consumer clientId=consumer-notification-service-1, groupId=notification-service] Error while fetching metadata with correlation id 302 : {souq.platform.events=UNKNOWN_TOPIC_OR_PARTITION, souq.publisher.events=UNKNOWN_TOPIC_OR_PARTITION}
2026-02-28T16:45:12.410+01:00  WARN 42770 --- [notification-service] [ntainer#0-0-C-1] org.apache.kafka.clients.NetworkClient   : [Consumer clientId=consumer-notification-service-1, groupId=notification-service] Error while fetching metadata with correlation id 304 : {souq.platform.events=UNKNOWN_TOPIC_OR_PARTITION, souq.publisher.events=UNKNOWN_TOPIC_OR_PARTITION}
2026-02-28T16:45:13.410+01:00  WARN 42770 --- [notification-service] [ntainer#0-0-C-1] org.apache.kafka.clients.NetworkClient   : [Consumer clientId=consumer-notification-service-1, groupId=notification-service] Error while fetching metadata with correlation id 305 : {souq.platform.events=UNKNOWN_TOPIC_OR_PARTITION, souq.publisher.events=UNKNOWN_TOPIC_OR_PARTITION}
2026-02-28T16:45:14.316+01:00  WARN 42770 --- [notification-service] [ntainer#0-0-C-1] org.apache.kafka.clients.NetworkClient   : [Consumer clientId=consumer-notification-service-1, groupId=notification-service] Error while fetching metadata with correlation id 306 : {souq.platform.events=UNKNOWN_TOPIC_OR_PARTITION, souq.publisher.events=UNKNOWN_TOPIC_OR_PARTITION}
2026-02-28T16:45:15.317+01:00  WARN 42770 --- [notification-service] [ntainer#0-0-C-1] org.apache.kafka.clients.NetworkClient   : [Consumer clientId=consumer-notification-service-1, groupId=notification-service] Error while fetching metadata with correlation id 308 : {souq.platform.events=UNKNOWN_TOPIC_OR_PARTITION, souq.publisher.events=UNKNOWN_TOPIC_OR_PARTITION}
2026-02-28T16:45:16.317+01:00  WARN 42770 --- [notification-service] [ntainer#0-0-C-1] org.apache.kafka.clients.NetworkClient   : [Consumer clientId=consumer-notification-service-1, groupId=notification-service] Error while fetching metadata with correlation id 309 : {souq.platform.events=UNKNOWN_TOPIC_OR_PARTITION, souq.publisher.events=UNKNOWN_TOPIC_OR_PARTITION}
2026-02-28T16:45:17.270+01:00  WARN 42770 --- [notification-service] [ntainer#0-0-C-1] org.apache.kafka.clients.NetworkClient   : [Consumer clientId=consumer-notification-service-1, groupId=notification-service] Error while fetching metadata with correlation id 310 : {souq.platform.events=UNKNOWN_TOPIC_OR_PARTITION, souq.publisher.events=UNKNOWN_TOPIC_OR_PARTITION}
2026-02-28T16:45:18.121+01:00  WARN 42770 --- [notification-service] [ntainer#0-0-C-1] org.apache.kafka.clients.NetworkClient   : [Consumer clientId=consumer-notification-service-1, groupId=notification-service] Error while fetching metadata with correlation id 312 : {souq.platform.events=UNKNOWN_TOPIC_OR_PARTITION, souq.publisher.events=UNKNOWN_TOPIC_OR_PARTITION}
2026-02-28T16:45:19.122+01:00  WARN 42770 --- [notification-service] [ntainer#0-0-C-1] org.apache.kafka.clients.NetworkClient   : [Consumer clientId=consumer-notification-service-1, groupId=notification-service] Error while fetching metadata with correlation id 313 : {souq.platform.events=UNKNOWN_TOPIC_OR_PARTITION, souq.publisher.events=UNKNOWN_TOPIC_OR_PARTITION}
2026-02-28T16:45:20.028+01:00  WARN 42770 --- [notification-service] [ntainer#0-0-C-1] org.apache.kafka.clients.NetworkClient   : [Consumer clientId=consumer-notification-service-1, groupId=notification-service] Error while fetching metadata with correlation id 314 : {souq.platform.events=UNKNOWN_TOPIC_OR_PARTITION, souq.publisher.events=UNKNOWN_TOPIC_OR_PARTITION}
2026-02-28T16:45:21.020+01:00  WARN 42770 --- [notification-service] [ntainer#0-0-C-1] org.apache.kafka.clients.NetworkClient   : [Consumer clientId=consumer-notification-service-1, groupId=notification-service] Error while fetching metadata with correlation id 316 : {souq.platform.events=UNKNOWN_TOPIC_OR_PARTITION, souq.publisher.events=UNKNOWN_TOPIC_OR_PARTITION}
2026-02-28T16:45:22.021+01:00  WARN 42770 --- [notification-service] [ntainer#0-0-C-1] org.apache.kafka.clients.NetworkClient   : [Consumer clientId=consumer-notification-service-1, groupId=notification-service] Error while fetching metadata with correlation id 317 : {souq.platform.events=UNKNOWN_TOPIC_OR_PARTITION, souq.publisher.events=UNKNOWN_TOPIC_OR_PARTITION}
2026-02-28T16:45:22.926+01:00  WARN 42770 --- [notification-service] [ntainer#0-0-C-1] org.apache.kafka.clients.NetworkClient   : [Consumer clientId=consumer-notification-service-1, groupId=notification-service] Error while fetching metadata with correlation id 318 : {souq.platform.events=UNKNOWN_TOPIC_OR_PARTITION, souq.publisher.events=UNKNOWN_TOPIC_OR_PARTITION}
2026-02-28T16:45:23.907+01:00  WARN 42770 --- [notification-service] [ntainer#0-0-C-1] org.apache.kafka.clients.NetworkClient   : [Consumer clientId=consumer-notification-service-1, groupId=notification-service] Error while fetching metadata with correlation id 320 : {souq.platform.events=UNKNOWN_TOPIC_OR_PARTITION, souq.publisher.events=UNKNOWN_TOPIC_OR_PARTITION}
2026-02-28T16:45:24.870+01:00  WARN 42770 --- [notification-service] [ntainer#0-0-C-1] org.apache.kafka.clients.NetworkClient   : [Consumer clientId=consumer-notification-service-1, groupId=notification-service] Error while fetching metadata with correlation id 321 : {souq.platform.events=UNKNOWN_TOPIC_OR_PARTITION, souq.publisher.events=UNKNOWN_TOPIC_OR_PARTITION}
2026-02-28T16:45:25.747+01:00  WARN 42770 --- [notification-service] [ntainer#0-0-C-1] org.apache.kafka.clients.NetworkClient   : [Consumer clientId=consumer-notification-service-1, groupId=notification-service] Error while fetching metadata with correlation id 322 : {souq.platform.events=UNKNOWN_TOPIC_OR_PARTITION, souq.publisher.events=UNKNOWN_TOPIC_OR_PARTITION}
2026-02-28T16:45:26.618+01:00  WARN 42770 --- [notification-service] [ntainer#0-0-C-1] org.apache.kafka.clients.NetworkClient   : [Consumer clientId=consumer-notification-service-1, groupId=notification-service] Error while fetching metadata with correlation id 324 : {souq.platform.events=UNKNOWN_TOPIC_OR_PARTITION, souq.publisher.events=UNKNOWN_TOPIC_OR_PARTITION}
2026-02-28T16:45:27.546+01:00  WARN 42770 --- [notification-service] [ntainer#0-0-C-1] org.apache.kafka.clients.NetworkClient   : [Consumer clientId=consumer-notification-service-1, groupId=notification-service] Error while fetching metadata with correlation id 325 : {souq.platform.events=UNKNOWN_TOPIC_OR_PARTITION, souq.publisher.events=UNKNOWN_TOPIC_OR_PARTITION}
2026-02-28T16:45:28.546+01:00  WARN 42770 --- [notification-service] [ntainer#0-0-C-1] org.apache.kafka.clients.NetworkClient   : [Consumer clientId=consumer-notification-service-1, groupId=notification-service] Error while fetching metadata with correlation id 326 : {souq.platform.events=UNKNOWN_TOPIC_OR_PARTITION, souq.publisher.events=UNKNOWN_TOPIC_OR_PARTITION}
2026-02-28T16:45:29.451+01:00  WARN 42770 --- [notification-service] [ntainer#0-0-C-1] org.apache.kafka.clients.NetworkClient   : [Consumer clientId=consumer-notification-service-1, groupId=notification-service] Error while fetching metadata with correlation id 327 : {souq.platform.events=UNKNOWN_TOPIC_OR_PARTITION, souq.publisher.events=UNKNOWN_TOPIC_OR_PARTITION}
2026-02-28T16:45:30.423+01:00  WARN 42770 --- [notification-service] [ntainer#0-0-C-1] org.apache.kafka.clients.NetworkClient   : [Consumer clientId=consumer-notification-service-1, groupId=notification-service] Error while fetching metadata with correlation id 329 : {souq.platform.events=UNKNOWN_TOPIC_OR_PARTITION, souq.publisher.events=UNKNOWN_TOPIC_OR_PARTITION}
2026-02-28T16:45:31.420+01:00  WARN 42770 --- [notification-service] [ntainer#0-0-C-1] org.apache.kafka.clients.NetworkClient   : [Consumer clientId=consumer-notification-service-1, groupId=notification-service] Error while fetching metadata with correlation id 330 : {souq.platform.events=UNKNOWN_TOPIC_OR_PARTITION, souq.publisher.events=UNKNOWN_TOPIC_OR_PARTITION}
2026-02-28T16:45:32.408+01:00  WARN 42770 --- [notification-service] [ntainer#0-0-C-1] org.apache.kafka.clients.NetworkClient   : [Consumer clientId=consumer-notification-service-1, groupId=notification-service] Error while fetching metadata with correlation id 331 : {souq.platform.events=UNKNOWN_TOPIC_OR_PARTITION, souq.publisher.events=UNKNOWN_TOPIC_OR_PARTITION}
2026-02-28T16:45:33.409+01:00  WARN 42770 --- [notification-service] [ntainer#0-0-C-1] org.apache.kafka.clients.NetworkClient   : [Consumer clientId=consumer-notification-service-1, groupId=notification-service] Error while fetching metadata with correlation id 333 : {souq.platform.events=UNKNOWN_TOPIC_OR_PARTITION, souq.publisher.events=UNKNOWN_TOPIC_OR_PARTITION}
2026-02-28T16:45:34.314+01:00  WARN 42770 --- [notification-service] [ntainer#0-0-C-1] org.apache.kafka.clients.NetworkClient   : [Consumer clientId=consumer-notification-service-1, groupId=notification-service] Error while fetching metadata with correlation id 334 : {souq.platform.events=UNKNOWN_TOPIC_OR_PARTITION, souq.publisher.events=UNKNOWN_TOPIC_OR_PARTITION}
2026-02-28T16:45:35.219+01:00  WARN 42770 --- [notification-service] [ntainer#0-0-C-1] org.apache.kafka.clients.NetworkClient   : [Consumer clientId=consumer-notification-service-1, groupId=notification-service] Error while fetching metadata with correlation id 335 : {souq.platform.events=UNKNOWN_TOPIC_OR_PARTITION, souq.publisher.events=UNKNOWN_TOPIC_OR_PARTITION}
2026-02-28T16:45:36.122+01:00  WARN 42770 --- [notification-service] [ntainer#0-0-C-1] org.apache.kafka.clients.NetworkClient   : [Consumer clientId=consumer-notification-service-1, groupId=notification-service] Error while fetching metadata with correlation id 337 : {souq.platform.events=UNKNOWN_TOPIC_OR_PARTITION, souq.publisher.events=UNKNOWN_TOPIC_OR_PARTITION}
2026-02-28T16:45:37.070+01:00  WARN 42770 --- [notification-service] [ntainer#0-0-C-1] org.apache.kafka.clients.NetworkClient   : [Consumer clientId=consumer-notification-service-1, groupId=notification-service] Error while fetching metadata with correlation id 338 : {souq.platform.events=UNKNOWN_TOPIC_OR_PARTITION, souq.publisher.events=UNKNOWN_TOPIC_OR_PARTITION}
2026-02-28T16:45:37.976+01:00  WARN 42770 --- [notification-service] [ntainer#0-0-C-1] org.apache.kafka.clients.NetworkClient   : [Consumer clientId=consumer-notification-service-1, groupId=notification-service] Error while fetching metadata with correlation id 339 : {souq.platform.events=UNKNOWN_TOPIC_OR_PARTITION, souq.publisher.events=UNKNOWN_TOPIC_OR_PARTITION}
2026-02-28T16:45:38.976+01:00  WARN 42770 --- [notification-service] [ntainer#0-0-C-1] org.apache.kafka.clients.NetworkClient   : [Consumer clientId=consumer-notification-service-1, groupId=notification-service] Error while fetching metadata with correlation id 341 : {souq.platform.events=UNKNOWN_TOPIC_OR_PARTITION, souq.publisher.events=UNKNOWN_TOPIC_OR_PARTITION}
2026-02-28T16:45:39.882+01:00  WARN 42770 --- [notification-service] [ntainer#0-0-C-1] org.apache.kafka.clients.NetworkClient   : [Consumer clientId=consumer-notification-service-1, groupId=notification-service] Error while fetching metadata with correlation id 342 : {souq.platform.events=UNKNOWN_TOPIC_OR_PARTITION, souq.publisher.events=UNKNOWN_TOPIC_OR_PARTITION}
2026-02-28T16:45:40.786+01:00  WARN 42770 --- [notification-service] [ntainer#0-0-C-1] org.apache.kafka.clients.NetworkClient   : [Consumer clientId=consumer-notification-service-1, groupId=notification-service] Error while fetching metadata with correlation id 343 : {souq.platform.events=UNKNOWN_TOPIC_OR_PARTITION, souq.publisher.events=UNKNOWN_TOPIC_OR_PARTITION}
2026-02-28T16:45:41.786+01:00  WARN 42770 --- [notification-service] [ntainer#0-0-C-1] org.apache.kafka.clients.NetworkClient   : [Consumer clientId=consumer-notification-service-1, groupId=notification-service] Error while fetching metadata with correlation id 345 : {souq.platform.events=UNKNOWN_TOPIC_OR_PARTITION, souq.publisher.events=UNKNOWN_TOPIC_OR_PARTITION}
2026-02-28T16:45:42.787+01:00  WARN 42770 --- [notification-service] [ntainer#0-0-C-1] org.apache.kafka.clients.NetworkClient   : [Consumer clientId=consumer-notification-service-1, groupId=notification-service] Error while fetching metadata with correlation id 346 : {souq.platform.events=UNKNOWN_TOPIC_OR_PARTITION, souq.publisher.events=UNKNOWN_TOPIC_OR_PARTITION}
2026-02-28T16:45:43.692+01:00  WARN 42770 --- [notification-service] [ntainer#0-0-C-1] org.apache.kafka.clients.NetworkClient   : [Consumer clientId=consumer-notification-service-1, groupId=notification-service] Error while fetching metadata with correlation id 347 : {souq.platform.events=UNKNOWN_TOPIC_OR_PARTITION, souq.publisher.events=UNKNOWN_TOPIC_OR_PARTITION}
2026-02-28T16:45:44.692+01:00  WARN 42770 --- [notification-service] [ntainer#0-0-C-1] org.apache.kafka.clients.NetworkClient   : [Consumer clientId=consumer-notification-service-1, groupId=notification-service] Error while fetching metadata with correlation id 349 : {souq.platform.events=UNKNOWN_TOPIC_OR_PARTITION, souq.publisher.events=UNKNOWN_TOPIC_OR_PARTITION}
2026-02-28T16:45:45.597+01:00  WARN 42770 --- [notification-service] [ntainer#0-0-C-1] org.apache.kafka.clients.NetworkClient   : [Consumer clientId=consumer-notification-service-1, groupId=notification-service] Error while fetching metadata with correlation id 350 : {souq.platform.events=UNKNOWN_TOPIC_OR_PARTITION, souq.publisher.events=UNKNOWN_TOPIC_OR_PARTITION}
2026-02-28T16:45:46.568+01:00  WARN 42770 --- [notification-service] [ntainer#0-0-C-1] org.apache.kafka.clients.NetworkClient   : [Consumer clientId=consumer-notification-service-1, groupId=notification-service] Error while fetching metadata with correlation id 351 : {souq.platform.events=UNKNOWN_TOPIC_OR_PARTITION, souq.publisher.events=UNKNOWN_TOPIC_OR_PARTITION}
2026-02-28T16:45:47.569+01:00  WARN 42770 --- [notification-service] [ntainer#0-0-C-1] org.apache.kafka.clients.NetworkClient   : [Consumer clientId=consumer-notification-service-1, groupId=notification-service] Error while fetching metadata with correlation id 352 : {souq.platform.events=UNKNOWN_TOPIC_OR_PARTITION, souq.publisher.events=UNKNOWN_TOPIC_OR_PARTITION}
2026-02-28T16:45:48.423+01:00  WARN 42770 --- [notification-service] [ntainer#0-0-C-1] org.apache.kafka.clients.NetworkClient   : [Consumer clientId=consumer-notification-service-1, groupId=notification-service] Error while fetching metadata with correlation id 354 : {souq.platform.events=UNKNOWN_TOPIC_OR_PARTITION, souq.publisher.events=UNKNOWN_TOPIC_OR_PARTITION}
2026-02-28T16:45:49.329+01:00  WARN 42770 --- [notification-service] [ntainer#0-0-C-1] org.apache.kafka.clients.NetworkClient   : [Consumer clientId=consumer-notification-service-1, groupId=notification-service] Error while fetching metadata with correlation id 355 : {souq.platform.events=UNKNOWN_TOPIC_OR_PARTITION, souq.publisher.events=UNKNOWN_TOPIC_OR_PARTITION}
2026-02-28T16:45:50.330+01:00  WARN 42770 --- [notification-service] [ntainer#0-0-C-1] org.apache.kafka.clients.NetworkClient   : [Consumer clientId=consumer-notification-service-1, groupId=notification-service] Error while fetching metadata with correlation id 356 : {souq.platform.events=UNKNOWN_TOPIC_OR_PARTITION, souq.publisher.events=UNKNOWN_TOPIC_OR_PARTITION}
2026-02-28T16:45:51.270+01:00  WARN 42770 --- [notification-service] [ntainer#0-0-C-1] org.apache.kafka.clients.NetworkClient   : [Consumer clientId=consumer-notification-service-1, groupId=notification-service] Error while fetching metadata with correlation id 358 : {souq.platform.events=UNKNOWN_TOPIC_OR_PARTITION, souq.publisher.events=UNKNOWN_TOPIC_OR_PARTITION}
2026-02-28T16:45:52.271+01:00  WARN 42770 --- [notification-service] [ntainer#0-0-C-1] org.apache.kafka.clients.NetworkClient   : [Consumer clientId=consumer-notification-service-1, groupId=notification-service] Error while fetching metadata with correlation id 359 : {souq.platform.events=UNKNOWN_TOPIC_OR_PARTITION, souq.publisher.events=UNKNOWN_TOPIC_OR_PARTITION}
2026-02-28T16:45:53.176+01:00  WARN 42770 --- [notification-service] [ntainer#0-0-C-1] org.apache.kafka.clients.NetworkClient   : [Consumer clientId=consumer-notification-service-1, groupId=notification-service] Error while fetching metadata with correlation id 360 : {souq.platform.events=UNKNOWN_TOPIC_OR_PARTITION, souq.publisher.events=UNKNOWN_TOPIC_OR_PARTITION}
2026-02-28T16:45:54.124+01:00  WARN 42770 --- [notification-service] [ntainer#0-0-C-1] org.apache.kafka.clients.NetworkClient   : [Consumer clientId=consumer-notification-service-1, groupId=notification-service] Error while fetching metadata with correlation id 362 : {souq.platform.events=UNKNOWN_TOPIC_OR_PARTITION, souq.publisher.events=UNKNOWN_TOPIC_OR_PARTITION}
2026-02-28T16:45:55.010+01:00  WARN 42770 --- [notification-service] [ntainer#0-0-C-1] org.apache.kafka.clients.NetworkClient   : [Consumer clientId=consumer-notification-service-1, groupId=notification-service] Error while fetching metadata with correlation id 363 : {souq.platform.events=UNKNOWN_TOPIC_OR_PARTITION, souq.publisher.events=UNKNOWN_TOPIC_OR_PARTITION}
2026-02-28T16:45:56.011+01:00  WARN 42770 --- [notification-service] [ntainer#0-0-C-1] org.apache.kafka.clients.NetworkClient   : [Consumer clientId=consumer-notification-service-1, groupId=notification-service] Error while fetching metadata with correlation id 364 : {souq.platform.events=UNKNOWN_TOPIC_OR_PARTITION, souq.publisher.events=UNKNOWN_TOPIC_OR_PARTITION}
2026-02-28T16:45:57.012+01:00  WARN 42770 --- [notification-service] [ntainer#0-0-C-1] org.apache.kafka.clients.NetworkClient   : [Consumer clientId=consumer-notification-service-1, groupId=notification-service] Error while fetching metadata with correlation id 366 : {souq.platform.events=UNKNOWN_TOPIC_OR_PARTITION, souq.publisher.events=UNKNOWN_TOPIC_OR_PARTITION}
2026-02-28T16:45:57.918+01:00  WARN 42770 --- [notification-service] [ntainer#0-0-C-1] org.apache.kafka.clients.NetworkClient   : [Consumer clientId=consumer-notification-service-1, groupId=notification-service] Error while fetching metadata with correlation id 367 : {souq.platform.events=UNKNOWN_TOPIC_OR_PARTITION, souq.publisher.events=UNKNOWN_TOPIC_OR_PARTITION}
2026-02-28T16:45:58.821+01:00  WARN 42770 --- [notification-service] [ntainer#0-0-C-1] org.apache.kafka.clients.NetworkClient   : [Consumer clientId=consumer-notification-service-1, groupId=notification-service] Error while fetching metadata with correlation id 368 : {souq.platform.events=UNKNOWN_TOPIC_OR_PARTITION, souq.publisher.events=UNKNOWN_TOPIC_OR_PARTITION}
2026-02-28T16:45:59.821+01:00  WARN 42770 --- [notification-service] [ntainer#0-0-C-1] org.apache.kafka.clients.NetworkClient   : [Consumer clientId=consumer-notification-service-1, groupId=notification-service] Error while fetching metadata with correlation id 370 : {souq.platform.events=UNKNOWN_TOPIC_OR_PARTITION, souq.publisher.events=UNKNOWN_TOPIC_OR_PARTITION}
2026-02-28T16:46:00.727+01:00  WARN 42770 --- [notification-service] [ntainer#0-0-C-1] org.apache.kafka.clients.NetworkClient   : [Consumer clientId=consumer-notification-service-1, groupId=notification-service] Error while fetching metadata with correlation id 371 : {souq.platform.events=UNKNOWN_TOPIC_OR_PARTITION, souq.publisher.events=UNKNOWN_TOPIC_OR_PARTITION}
2026-02-28T16:46:01.570+01:00  WARN 42770 --- [notification-service] [ntainer#0-0-C-1] org.apache.kafka.clients.NetworkClient   : [Consumer clientId=consumer-notification-service-1, groupId=notification-service] Error while fetching metadata with correlation id 372 : {souq.platform.events=UNKNOWN_TOPIC_OR_PARTITION, souq.publisher.events=UNKNOWN_TOPIC_OR_PARTITION}
2026-02-28T16:46:02.569+01:00  WARN 42770 --- [notification-service] [ntainer#0-0-C-1] org.apache.kafka.clients.NetworkClient   : [Consumer clientId=consumer-notification-service-1, groupId=notification-service] Error while fetching metadata with correlation id 373 : {souq.platform.events=UNKNOWN_TOPIC_OR_PARTITION, souq.publisher.events=UNKNOWN_TOPIC_OR_PARTITION}
2026-02-28T16:46:03.570+01:00  WARN 42770 --- [notification-service] [ntainer#0-0-C-1] org.apache.kafka.clients.NetworkClient   : [Consumer clientId=consumer-notification-service-1, groupId=notification-service] Error while fetching metadata with correlation id 375 : {souq.platform.events=UNKNOWN_TOPIC_OR_PARTITION, souq.publisher.events=UNKNOWN_TOPIC_OR_PARTITION}
2026-02-28T16:46:04.572+01:00  WARN 42770 --- [notification-service] [ntainer#0-0-C-1] org.apache.kafka.clients.NetworkClient   : [Consumer clientId=consumer-notification-service-1, groupId=notification-service] Error while fetching metadata with correlation id 376 : {souq.platform.events=UNKNOWN_TOPIC_OR_PARTITION, souq.publisher.events=UNKNOWN_TOPIC_OR_PARTITION}
2026-02-28T16:46:05.477+01:00  WARN 42770 --- [notification-service] [ntainer#0-0-C-1] org.apache.kafka.clients.NetworkClient   : [Consumer clientId=consumer-notification-service-1, groupId=notification-service] Error while fetching metadata with correlation id 377 : {souq.platform.events=UNKNOWN_TOPIC_OR_PARTITION, souq.publisher.events=UNKNOWN_TOPIC_OR_PARTITION}
2026-02-28T16:46:06.470+01:00  WARN 42770 --- [notification-service] [ntainer#0-0-C-1] org.apache.kafka.clients.NetworkClient   : [Consumer clientId=consumer-notification-service-1, groupId=notification-service] Error while fetching metadata with correlation id 379 : {souq.platform.events=UNKNOWN_TOPIC_OR_PARTITION, souq.publisher.events=UNKNOWN_TOPIC_OR_PARTITION}
2026-02-28T16:46:07.376+01:00  WARN 42770 --- [notification-service] [ntainer#0-0-C-1] org.apache.kafka.clients.NetworkClient   : [Consumer clientId=consumer-notification-service-1, groupId=notification-service] Error while fetching metadata with correlation id 380 : {souq.platform.events=UNKNOWN_TOPIC_OR_PARTITION, souq.publisher.events=UNKNOWN_TOPIC_OR_PARTITION}
2026-02-28T16:46:08.377+01:00  WARN 42770 --- [notification-service] [ntainer#0-0-C-1] org.apache.kafka.clients.NetworkClient   : [Consumer clientId=consumer-notification-service-1, groupId=notification-service] Error while fetching metadata with correlation id 381 : {souq.platform.events=UNKNOWN_TOPIC_OR_PARTITION, souq.publisher.events=UNKNOWN_TOPIC_OR_PARTITION}
2026-02-28T16:46:09.226+01:00  WARN 42770 --- [notification-service] [ntainer#0-0-C-1] org.apache.kafka.clients.NetworkClient   : [Consumer clientId=consumer-notification-service-1, groupId=notification-service] Error while fetching metadata with correlation id 383 : {souq.platform.events=UNKNOWN_TOPIC_OR_PARTITION, souq.publisher.events=UNKNOWN_TOPIC_OR_PARTITION}
2026-02-28T16:46:10.227+01:00  WARN 42770 --- [notification-service] [ntainer#0-0-C-1] org.apache.kafka.clients.NetworkClient   : [Consumer clientId=consumer-notification-service-1, groupId=notification-service] Error while fetching metadata with correlation id 384 : {souq.platform.events=UNKNOWN_TOPIC_OR_PARTITION, souq.publisher.events=UNKNOWN_TOPIC_OR_PARTITION}
2026-02-28T16:46:11.206+01:00  WARN 42770 --- [notification-service] [ntainer#0-0-C-1] org.apache.kafka.clients.NetworkClient   : [Consumer clientId=consumer-notification-service-1, groupId=notification-service] Error while fetching metadata with correlation id 385 : {souq.platform.events=UNKNOWN_TOPIC_OR_PARTITION, souq.publisher.events=UNKNOWN_TOPIC_OR_PARTITION}
2026-02-28T16:46:12.126+01:00  WARN 42770 --- [notification-service] [ntainer#0-0-C-1] org.apache.kafka.clients.NetworkClient   : [Consumer clientId=consumer-notification-service-1, groupId=notification-service] Error while fetching metadata with correlation id 387 : {souq.platform.events=UNKNOWN_TOPIC_OR_PARTITION, souq.publisher.events=UNKNOWN_TOPIC_OR_PARTITION}
2026-02-28T16:46:13.127+01:00  WARN 42770 --- [notification-service] [ntainer#0-0-C-1] org.apache.kafka.clients.NetworkClient   : [Consumer clientId=consumer-notification-service-1, groupId=notification-service] Error while fetching metadata with correlation id 388 : {souq.platform.events=UNKNOWN_TOPIC_OR_PARTITION, souq.publisher.events=UNKNOWN_TOPIC_OR_PARTITION}
2026-02-28T16:46:14.033+01:00  WARN 42770 --- [notification-service] [ntainer#0-0-C-1] org.apache.kafka.clients.NetworkClient   : [Consumer clientId=consumer-notification-service-1, groupId=notification-service] Error while fetching metadata with correlation id 389 : {souq.platform.events=UNKNOWN_TOPIC_OR_PARTITION, souq.publisher.events=UNKNOWN_TOPIC_OR_PARTITION}
2026-02-28T16:46:15.030+01:00  WARN 42770 --- [notification-service] [ntainer#0-0-C-1] org.apache.kafka.clients.NetworkClient   : [Consumer clientId=consumer-notification-service-1, groupId=notification-service] Error while fetching metadata with correlation id 391 : {souq.platform.events=UNKNOWN_TOPIC_OR_PARTITION, souq.publisher.events=UNKNOWN_TOPIC_OR_PARTITION}
2026-02-28T16:46:15.933+01:00  WARN 42770 --- [notification-service] [ntainer#0-0-C-1] org.apache.kafka.clients.NetworkClient   : [Consumer clientId=consumer-notification-service-1, groupId=notification-service] Error while fetching metadata with correlation id 392 : {souq.platform.events=UNKNOWN_TOPIC_OR_PARTITION, souq.publisher.events=UNKNOWN_TOPIC_OR_PARTITION}
2026-02-28T16:46:16.934+01:00  WARN 42770 --- [notification-service] [ntainer#0-0-C-1] org.apache.kafka.clients.NetworkClient   : [Consumer clientId=consumer-notification-service-1, groupId=notification-service] Error while fetching metadata with correlation id 393 : {souq.platform.events=UNKNOWN_TOPIC_OR_PARTITION, souq.publisher.events=UNKNOWN_TOPIC_OR_PARTITION}
2026-02-28T16:46:17.935+01:00  WARN 42770 --- [notification-service] [ntainer#0-0-C-1] org.apache.kafka.clients.NetworkClient   : [Consumer clientId=consumer-notification-service-1, groupId=notification-service] Error while fetching metadata with correlation id 395 : {souq.platform.events=UNKNOWN_TOPIC_OR_PARTITION, souq.publisher.events=UNKNOWN_TOPIC_OR_PARTITION}
2026-02-28T16:46:18.936+01:00  WARN 42770 --- [notification-service] [ntainer#0-0-C-1] org.apache.kafka.clients.NetworkClient   : [Consumer clientId=consumer-notification-service-1, groupId=notification-service] Error while fetching metadata with correlation id 396 : {souq.platform.events=UNKNOWN_TOPIC_OR_PARTITION, souq.publisher.events=UNKNOWN_TOPIC_OR_PARTITION}
2026-02-28T16:46:19.937+01:00  WARN 42770 --- [notification-service] [ntainer#0-0-C-1] org.apache.kafka.clients.NetworkClient   : [Consumer clientId=consumer-notification-service-1, groupId=notification-service] Error while fetching metadata with correlation id 397 : {souq.platform.events=UNKNOWN_TOPIC_OR_PARTITION, souq.publisher.events=UNKNOWN_TOPIC_OR_PARTITION}
2026-02-28T16:46:20.938+01:00  WARN 42770 --- [notification-service] [ntainer#0-0-C-1] org.apache.kafka.clients.NetworkClient   : [Consumer clientId=consumer-notification-service-1, groupId=notification-service] Error while fetching metadata with correlation id 399 : {souq.platform.events=UNKNOWN_TOPIC_OR_PARTITION, souq.publisher.events=UNKNOWN_TOPIC_OR_PARTITION}
2026-02-28T16:46:21.939+01:00  WARN 42770 --- [notification-service] [ntainer#0-0-C-1] org.apache.kafka.clients.NetworkClient   : [Consumer clientId=consumer-notification-service-1, groupId=notification-service] Error while fetching metadata with correlation id 400 : {souq.platform.events=UNKNOWN_TOPIC_OR_PARTITION, souq.publisher.events=UNKNOWN_TOPIC_OR_PARTITION}
2026-02-28T16:46:22.846+01:00  WARN 42770 --- [notification-service] [ntainer#0-0-C-1] org.apache.kafka.clients.NetworkClient   : [Consumer clientId=consumer-notification-service-1, groupId=notification-service] Error while fetching metadata with correlation id 401 : {souq.platform.events=UNKNOWN_TOPIC_OR_PARTITION, souq.publisher.events=UNKNOWN_TOPIC_OR_PARTITION}
2026-02-28T16:46:23.750+01:00  WARN 42770 --- [notification-service] [ntainer#0-0-C-1] org.apache.kafka.clients.NetworkClient   : [Consumer clientId=consumer-notification-service-1, groupId=notification-service] Error while fetching metadata with correlation id 403 : {souq.platform.events=UNKNOWN_TOPIC_OR_PARTITION, souq.publisher.events=UNKNOWN_TOPIC_OR_PARTITION}
2026-02-28T16:46:24.751+01:00  WARN 42770 --- [notification-service] [ntainer#0-0-C-1] org.apache.kafka.clients.NetworkClient   : [Consumer clientId=consumer-notification-service-1, groupId=notification-service] Error while fetching metadata with correlation id 404 : {souq.platform.events=UNKNOWN_TOPIC_OR_PARTITION, souq.publisher.events=UNKNOWN_TOPIC_OR_PARTITION}
2026-02-28T16:46:25.740+01:00  WARN 42770 --- [notification-service] [ntainer#0-0-C-1] org.apache.kafka.clients.NetworkClient   : [Consumer clientId=consumer-notification-service-1, groupId=notification-service] Error while fetching metadata with correlation id 405 : {souq.platform.events=UNKNOWN_TOPIC_OR_PARTITION, souq.publisher.events=UNKNOWN_TOPIC_OR_PARTITION}
2026-02-28T16:46:26.626+01:00  WARN 42770 --- [notification-service] [ntainer#0-0-C-1] org.apache.kafka.clients.NetworkClient   : [Consumer clientId=consumer-notification-service-1, groupId=notification-service] Error while fetching metadata with correlation id 406 : {souq.platform.events=UNKNOWN_TOPIC_OR_PARTITION, souq.publisher.events=UNKNOWN_TOPIC_OR_PARTITION}
2026-02-28T16:46:27.626+01:00  WARN 42770 --- [notification-service] [ntainer#0-0-C-1] org.apache.kafka.clients.NetworkClient   : [Consumer clientId=consumer-notification-service-1, groupId=notification-service] Error while fetching metadata with correlation id 408 : {souq.platform.events=UNKNOWN_TOPIC_OR_PARTITION, souq.publisher.events=UNKNOWN_TOPIC_OR_PARTITION}
2026-02-28T16:46:28.531+01:00  WARN 42770 --- [notification-service] [ntainer#0-0-C-1] org.apache.kafka.clients.NetworkClient   : [Consumer clientId=consumer-notification-service-1, groupId=notification-service] Error while fetching metadata with correlation id 409 : {souq.platform.events=UNKNOWN_TOPIC_OR_PARTITION, souq.publisher.events=UNKNOWN_TOPIC_OR_PARTITION}
2026-02-28T16:46:29.531+01:00  WARN 42770 --- [notification-service] [ntainer#0-0-C-1] org.apache.kafka.clients.NetworkClient   : [Consumer clientId=consumer-notification-service-1, groupId=notification-service] Error while fetching metadata with correlation id 410 : {souq.platform.events=UNKNOWN_TOPIC_OR_PARTITION, souq.publisher.events=UNKNOWN_TOPIC_OR_PARTITION}
2026-02-28T16:46:30.432+01:00  WARN 42770 --- [notification-service] [ntainer#0-0-C-1] org.apache.kafka.clients.NetworkClient   : [Consumer clientId=consumer-notification-service-1, groupId=notification-service] Error while fetching metadata with correlation id 412 : {souq.platform.events=UNKNOWN_TOPIC_OR_PARTITION, souq.publisher.events=UNKNOWN_TOPIC_OR_PARTITION}
2026-02-28T16:46:31.338+01:00  WARN 42770 --- [notification-service] [ntainer#0-0-C-1] org.apache.kafka.clients.NetworkClient   : [Consumer clientId=consumer-notification-service-1, groupId=notification-service] Error while fetching metadata with correlation id 413 : {souq.platform.events=UNKNOWN_TOPIC_OR_PARTITION, souq.publisher.events=UNKNOWN_TOPIC_OR_PARTITION}
2026-02-28T16:46:32.294+01:00  WARN 42770 --- [notification-service] [ntainer#0-0-C-1] org.apache.kafka.clients.NetworkClient   : [Consumer clientId=consumer-notification-service-1, groupId=notification-service] Error while fetching metadata with correlation id 414 : {souq.platform.events=UNKNOWN_TOPIC_OR_PARTITION, souq.publisher.events=UNKNOWN_TOPIC_OR_PARTITION}
2026-02-28T16:46:33.229+01:00  WARN 42770 --- [notification-service] [ntainer#0-0-C-1] org.apache.kafka.clients.NetworkClient   : [Consumer clientId=consumer-notification-service-1, groupId=notification-service] Error while fetching metadata with correlation id 416 : {souq.platform.events=UNKNOWN_TOPIC_OR_PARTITION, souq.publisher.events=UNKNOWN_TOPIC_OR_PARTITION}
2026-02-28T16:46:34.230+01:00  WARN 42770 --- [notification-service] [ntainer#0-0-C-1] org.apache.kafka.clients.NetworkClient   : [Consumer clientId=consumer-notification-service-1, groupId=notification-service] Error while fetching metadata with correlation id 417 : {souq.platform.events=UNKNOWN_TOPIC_OR_PARTITION, souq.publisher.events=UNKNOWN_TOPIC_OR_PARTITION}
2026-02-28T16:46:35.135+01:00  WARN 42770 --- [notification-service] [ntainer#0-0-C-1] org.apache.kafka.clients.NetworkClient   : [Consumer clientId=consumer-notification-service-1, groupId=notification-service] Error while fetching metadata with correlation id 418 : {souq.platform.events=UNKNOWN_TOPIC_OR_PARTITION, souq.publisher.events=UNKNOWN_TOPIC_OR_PARTITION}
2026-02-28T16:46:36.131+01:00  WARN 42770 --- [notification-service] [ntainer#0-0-C-1] org.apache.kafka.clients.NetworkClient   : [Consumer clientId=consumer-notification-service-1, groupId=notification-service] Error while fetching metadata with correlation id 420 : {souq.platform.events=UNKNOWN_TOPIC_OR_PARTITION, souq.publisher.events=UNKNOWN_TOPIC_OR_PARTITION}
2026-02-28T16:46:36.977+01:00  WARN 42770 --- [notification-service] [ntainer#0-0-C-1] org.apache.kafka.clients.NetworkClient   : [Consumer clientId=consumer-notification-service-1, groupId=notification-service] Error while fetching metadata with correlation id 421 : {souq.platform.events=UNKNOWN_TOPIC_OR_PARTITION, souq.publisher.events=UNKNOWN_TOPIC_OR_PARTITION}
2026-02-28T16:46:37.978+01:00  WARN 42770 --- [notification-service] [ntainer#0-0-C-1] org.apache.kafka.clients.NetworkClient   : [Consumer clientId=consumer-notification-service-1, groupId=notification-service] Error while fetching metadata with correlation id 422 : {souq.platform.events=UNKNOWN_TOPIC_OR_PARTITION, souq.publisher.events=UNKNOWN_TOPIC_OR_PARTITION}
2026-02-28T16:46:38.979+01:00  WARN 42770 --- [notification-service] [ntainer#0-0-C-1] org.apache.kafka.clients.NetworkClient   : [Consumer clientId=consumer-notification-service-1, groupId=notification-service] Error while fetching metadata with correlation id 424 : {souq.platform.events=UNKNOWN_TOPIC_OR_PARTITION, souq.publisher.events=UNKNOWN_TOPIC_OR_PARTITION}
2026-02-28T16:46:39.980+01:00  WARN 42770 --- [notification-service] [ntainer#0-0-C-1] org.apache.kafka.clients.NetworkClient   : [Consumer clientId=consumer-notification-service-1, groupId=notification-service] Error while fetching metadata with correlation id 425 : {souq.platform.events=UNKNOWN_TOPIC_OR_PARTITION, souq.publisher.events=UNKNOWN_TOPIC_OR_PARTITION}
2026-02-28T16:46:40.885+01:00  WARN 42770 --- [notification-service] [ntainer#0-0-C-1] org.apache.kafka.clients.NetworkClient   : [Consumer clientId=consumer-notification-service-1, groupId=notification-service] Error while fetching metadata with correlation id 426 : {souq.platform.events=UNKNOWN_TOPIC_OR_PARTITION, souq.publisher.events=UNKNOWN_TOPIC_OR_PARTITION}
2026-02-28T16:46:41.775+01:00  WARN 42770 --- [notification-service] [ntainer#0-0-C-1] org.apache.kafka.clients.NetworkClient   : [Consumer clientId=consumer-notification-service-1, groupId=notification-service] Error while fetching metadata with correlation id 429 : {souq.platform.events=UNKNOWN_TOPIC_OR_PARTITION, souq.publisher.events=UNKNOWN_TOPIC_OR_PARTITION}
2026-02-28T16:46:42.776+01:00  WARN 42770 --- [notification-service] [ntainer#0-0-C-1] org.apache.kafka.clients.NetworkClient   : [Consumer clientId=consumer-notification-service-1, groupId=notification-service] Error while fetching metadata with correlation id 430 : {souq.platform.events=UNKNOWN_TOPIC_OR_PARTITION, souq.publisher.events=UNKNOWN_TOPIC_OR_PARTITION}
2026-02-28T16:46:43.777+01:00  WARN 42770 --- [notification-service] [ntainer#0-0-C-1] org.apache.kafka.clients.NetworkClient   : [Consumer clientId=consumer-notification-service-1, groupId=notification-service] Error while fetching metadata with correlation id 431 : {souq.platform.events=UNKNOWN_TOPIC_OR_PARTITION, souq.publisher.events=UNKNOWN_TOPIC_OR_PARTITION}
2026-02-28T16:46:44.629+01:00  WARN 42770 --- [notification-service] [ntainer#0-0-C-1] org.apache.kafka.clients.NetworkClient   : [Consumer clientId=consumer-notification-service-1, groupId=notification-service] Error while fetching metadata with correlation id 432 : {souq.platform.events=UNKNOWN_TOPIC_OR_PARTITION, souq.publisher.events=UNKNOWN_TOPIC_OR_PARTITION}
2026-02-28T16:46:45.535+01:00  WARN 42770 --- [notification-service] [ntainer#0-0-C-1] org.apache.kafka.clients.NetworkClient   : [Consumer clientId=consumer-notification-service-1, groupId=notification-service] Error while fetching metadata with correlation id 434 : {souq.platform.events=UNKNOWN_TOPIC_OR_PARTITION, souq.publisher.events=UNKNOWN_TOPIC_OR_PARTITION}
2026-02-28T16:46:46.536+01:00  WARN 42770 --- [notification-service] [ntainer#0-0-C-1] org.apache.kafka.clients.NetworkClient   : [Consumer clientId=consumer-notification-service-1, groupId=notification-service] Error while fetching metadata with correlation id 435 : {souq.platform.events=UNKNOWN_TOPIC_OR_PARTITION, souq.publisher.events=UNKNOWN_TOPIC_OR_PARTITION}
2026-02-28T16:46:47.537+01:00  WARN 42770 --- [notification-service] [ntainer#0-0-C-1] org.apache.kafka.clients.NetworkClient   : [Consumer clientId=consumer-notification-service-1, groupId=notification-service] Error while fetching metadata with correlation id 436 : {souq.platform.events=UNKNOWN_TOPIC_OR_PARTITION, souq.publisher.events=UNKNOWN_TOPIC_OR_PARTITION}
2026-02-28T16:46:48.536+01:00  WARN 42770 --- [notification-service] [ntainer#0-0-C-1] org.apache.kafka.clients.NetworkClient   : [Consumer clientId=consumer-notification-service-1, groupId=notification-service] Error while fetching metadata with correlation id 438 : {souq.platform.events=UNKNOWN_TOPIC_OR_PARTITION, souq.publisher.events=UNKNOWN_TOPIC_OR_PARTITION}
2026-02-28T16:46:49.537+01:00  WARN 42770 --- [notification-service] [ntainer#0-0-C-1] org.apache.kafka.clients.NetworkClient   : [Consumer clientId=consumer-notification-service-1, groupId=notification-service] Error while fetching metadata with correlation id 439 : {souq.platform.events=UNKNOWN_TOPIC_OR_PARTITION, souq.publisher.events=UNKNOWN_TOPIC_OR_PARTITION}
2026-02-28T16:46:50.342+01:00  WARN 42770 --- [notification-service] [ntainer#0-0-C-1] org.apache.kafka.clients.NetworkClient   : [Consumer clientId=consumer-notification-service-1, groupId=notification-service] Error while fetching metadata with correlation id 440 : {souq.platform.events=UNKNOWN_TOPIC_OR_PARTITION, souq.publisher.events=UNKNOWN_TOPIC_OR_PARTITION}
2026-02-28T16:46:51.234+01:00  WARN 42770 --- [notification-service] [ntainer#0-0-C-1] org.apache.kafka.clients.NetworkClient   : [Consumer clientId=consumer-notification-service-1, groupId=notification-service] Error while fetching metadata with correlation id 442 : {souq.platform.events=UNKNOWN_TOPIC_OR_PARTITION, souq.publisher.events=UNKNOWN_TOPIC_OR_PARTITION}
2026-02-28T16:46:52.179+01:00  WARN 42770 --- [notification-service] [ntainer#0-0-C-1] org.apache.kafka.clients.NetworkClient   : [Consumer clientId=consumer-notification-service-1, groupId=notification-service] Error while fetching metadata with correlation id 443 : {souq.platform.events=UNKNOWN_TOPIC_OR_PARTITION, souq.publisher.events=UNKNOWN_TOPIC_OR_PARTITION}
2026-02-28T16:46:53.180+01:00  WARN 42770 --- [notification-service] [ntainer#0-0-C-1] org.apache.kafka.clients.NetworkClient   : [Consumer clientId=consumer-notification-service-1, groupId=notification-service] Error while fetching metadata with correlation id 444 : {souq.platform.events=UNKNOWN_TOPIC_OR_PARTITION, souq.publisher.events=UNKNOWN_TOPIC_OR_PARTITION}
2026-02-28T16:46:54.181+01:00  WARN 42770 --- [notification-service] [ntainer#0-0-C-1] org.apache.kafka.clients.NetworkClient   : [Consumer clientId=consumer-notification-service-1, groupId=notification-service] Error while fetching metadata with correlation id 446 : {souq.platform.events=UNKNOWN_TOPIC_OR_PARTITION, souq.publisher.events=UNKNOWN_TOPIC_OR_PARTITION}
2026-02-28T16:46:55.182+01:00  WARN 42770 --- [notification-service] [ntainer#0-0-C-1] org.apache.kafka.clients.NetworkClient   : [Consumer clientId=consumer-notification-service-1, groupId=notification-service] Error while fetching metadata with correlation id 447 : {souq.platform.events=UNKNOWN_TOPIC_OR_PARTITION, souq.publisher.events=UNKNOWN_TOPIC_OR_PARTITION}
2026-02-28T16:46:56.183+01:00  WARN 42770 --- [notification-service] [ntainer#0-0-C-1] org.apache.kafka.clients.NetworkClient   : [Consumer clientId=consumer-notification-service-1, groupId=notification-service] Error while fetching metadata with correlation id 448 : {souq.platform.events=UNKNOWN_TOPIC_OR_PARTITION, souq.publisher.events=UNKNOWN_TOPIC_OR_PARTITION}
2026-02-28T16:46:57.087+01:00  WARN 42770 --- [notification-service] [ntainer#0-0-C-1] org.apache.kafka.clients.NetworkClient   : [Consumer clientId=consumer-notification-service-1, groupId=notification-service] Error while fetching metadata with correlation id 450 : {souq.platform.events=UNKNOWN_TOPIC_OR_PARTITION, souq.publisher.events=UNKNOWN_TOPIC_OR_PARTITION}
2026-02-28T16:46:58.058+01:00  WARN 42770 --- [notification-service] [ntainer#0-0-C-1] org.apache.kafka.clients.NetworkClient   : [Consumer clientId=consumer-notification-service-1, groupId=notification-service] Error while fetching metadata with correlation id 451 : {souq.platform.events=UNKNOWN_TOPIC_OR_PARTITION, souq.publisher.events=UNKNOWN_TOPIC_OR_PARTITION}
2026-02-28T16:46:58.962+01:00  WARN 42770 --- [notification-service] [ntainer#0-0-C-1] org.apache.kafka.clients.NetworkClient   : [Consumer clientId=consumer-notification-service-1, groupId=notification-service] Error while fetching metadata with correlation id 452 : {souq.platform.events=UNKNOWN_TOPIC_OR_PARTITION, souq.publisher.events=UNKNOWN_TOPIC_OR_PARTITION}
2026-02-28T16:46:59.834+01:00  WARN 42770 --- [notification-service] [ntainer#0-0-C-1] org.apache.kafka.clients.NetworkClient   : [Consumer clientId=consumer-notification-service-1, groupId=notification-service] Error while fetching metadata with correlation id 454 : {souq.platform.events=UNKNOWN_TOPIC_OR_PARTITION, souq.publisher.events=UNKNOWN_TOPIC_OR_PARTITION}
2026-02-28T16:47:00.638+01:00  WARN 42770 --- [notification-service] [ntainer#0-0-C-1] org.apache.kafka.clients.NetworkClient   : [Consumer clientId=consumer-notification-service-1, groupId=notification-service] Error while fetching metadata with correlation id 455 : {souq.platform.events=UNKNOWN_TOPIC_OR_PARTITION, souq.publisher.events=UNKNOWN_TOPIC_OR_PARTITION}
2026-02-28T16:47:01.639+01:00  WARN 42770 --- [notification-service] [ntainer#0-0-C-1] org.apache.kafka.clients.NetworkClient   : [Consumer clientId=consumer-notification-service-1, groupId=notification-service] Error while fetching metadata with correlation id 456 : {souq.platform.events=UNKNOWN_TOPIC_OR_PARTITION, souq.publisher.events=UNKNOWN_TOPIC_OR_PARTITION}
2026-02-28T16:47:02.633+01:00  WARN 42770 --- [notification-service] [ntainer#0-0-C-1] org.apache.kafka.clients.NetworkClient   : [Consumer clientId=consumer-notification-service-1, groupId=notification-service] Error while fetching metadata with correlation id 457 : {souq.platform.events=UNKNOWN_TOPIC_OR_PARTITION, souq.publisher.events=UNKNOWN_TOPIC_OR_PARTITION}
2026-02-28T16:47:03.537+01:00  WARN 42770 --- [notification-service] [ntainer#0-0-C-1] org.apache.kafka.clients.NetworkClient   : [Consumer clientId=consumer-notification-service-1, groupId=notification-service] Error while fetching metadata with correlation id 459 : {souq.platform.events=UNKNOWN_TOPIC_OR_PARTITION, souq.publisher.events=UNKNOWN_TOPIC_OR_PARTITION}
2026-02-28T16:47:04.442+01:00  WARN 42770 --- [notification-service] [ntainer#0-0-C-1] org.apache.kafka.clients.NetworkClient   : [Consumer clientId=consumer-notification-service-1, groupId=notification-service] Error while fetching metadata with correlation id 460 : {souq.platform.events=UNKNOWN_TOPIC_OR_PARTITION, souq.publisher.events=UNKNOWN_TOPIC_OR_PARTITION}
2026-02-28T16:47:05.347+01:00  WARN 42770 --- [notification-service] [ntainer#0-0-C-1] org.apache.kafka.clients.NetworkClient   : [Consumer clientId=consumer-notification-service-1, groupId=notification-service] Error while fetching metadata with correlation id 461 : {souq.platform.events=UNKNOWN_TOPIC_OR_PARTITION, souq.publisher.events=UNKNOWN_TOPIC_OR_PARTITION}
2026-02-28T16:47:06.337+01:00  WARN 42770 --- [notification-service] [ntainer#0-0-C-1] org.apache.kafka.clients.NetworkClient   : [Consumer clientId=consumer-notification-service-1, groupId=notification-service] Error while fetching metadata with correlation id 463 : {souq.platform.events=UNKNOWN_TOPIC_OR_PARTITION, souq.publisher.events=UNKNOWN_TOPIC_OR_PARTITION}
2026-02-28T16:47:07.280+01:00  WARN 42770 --- [notification-service] [ntainer#0-0-C-1] org.apache.kafka.clients.NetworkClient   : [Consumer clientId=consumer-notification-service-1, groupId=notification-service] Error while fetching metadata with correlation id 464 : {souq.platform.events=UNKNOWN_TOPIC_OR_PARTITION, souq.publisher.events=UNKNOWN_TOPIC_OR_PARTITION}
2026-02-28T16:47:08.186+01:00  WARN 42770 --- [notification-service] [ntainer#0-0-C-1] org.apache.kafka.clients.NetworkClient   : [Consumer clientId=consumer-notification-service-1, groupId=notification-service] Error while fetching metadata with correlation id 465 : {souq.platform.events=UNKNOWN_TOPIC_OR_PARTITION, souq.publisher.events=UNKNOWN_TOPIC_OR_PARTITION}
2026-02-28T16:47:09.187+01:00  WARN 42770 --- [notification-service] [ntainer#0-0-C-1] org.apache.kafka.clients.NetworkClient   : [Consumer clientId=consumer-notification-service-1, groupId=notification-service] Error while fetching metadata with correlation id 467 : {souq.platform.events=UNKNOWN_TOPIC_OR_PARTITION, souq.publisher.events=UNKNOWN_TOPIC_OR_PARTITION}
2026-02-28T16:47:10.092+01:00  WARN 42770 --- [notification-service] [ntainer#0-0-C-1] org.apache.kafka.clients.NetworkClient   : [Consumer clientId=consumer-notification-service-1, groupId=notification-service] Error while fetching metadata with correlation id 468 : {souq.platform.events=UNKNOWN_TOPIC_OR_PARTITION, souq.publisher.events=UNKNOWN_TOPIC_OR_PARTITION}
2026-02-28T16:47:11.093+01:00  WARN 42770 --- [notification-service] [ntainer#0-0-C-1] org.apache.kafka.clients.NetworkClient   : [Consumer clientId=consumer-notification-service-1, groupId=notification-service] Error while fetching metadata with correlation id 469 : {souq.platform.events=UNKNOWN_TOPIC_OR_PARTITION, souq.publisher.events=UNKNOWN_TOPIC_OR_PARTITION}
2026-02-28T16:47:12.036+01:00  WARN 42770 --- [notification-service] [ntainer#0-0-C-1] org.apache.kafka.clients.NetworkClient   : [Consumer clientId=consumer-notification-service-1, groupId=notification-service] Error while fetching metadata with correlation id 471 : {souq.platform.events=UNKNOWN_TOPIC_OR_PARTITION, souq.publisher.events=UNKNOWN_TOPIC_OR_PARTITION}
2026-02-28T16:47:12.941+01:00  WARN 42770 --- [notification-service] [ntainer#0-0-C-1] org.apache.kafka.clients.NetworkClient   : [Consumer clientId=consumer-notification-service-1, groupId=notification-service] Error while fetching metadata with correlation id 472 : {souq.platform.events=UNKNOWN_TOPIC_OR_PARTITION, souq.publisher.events=UNKNOWN_TOPIC_OR_PARTITION}
2026-02-28T16:47:13.942+01:00  WARN 42770 --- [notification-service] [ntainer#0-0-C-1] org.apache.kafka.clients.NetworkClient   : [Consumer clientId=consumer-notification-service-1, groupId=notification-service] Error while fetching metadata with correlation id 473 : {souq.platform.events=UNKNOWN_TOPIC_OR_PARTITION, souq.publisher.events=UNKNOWN_TOPIC_OR_PARTITION}
2026-02-28T16:47:14.804+01:00  WARN 42770 --- [notification-service] [ntainer#0-0-C-1] org.apache.kafka.clients.NetworkClient   : [Consumer clientId=consumer-notification-service-1, groupId=notification-service] Error while fetching metadata with correlation id 475 : {souq.platform.events=UNKNOWN_TOPIC_OR_PARTITION, souq.publisher.events=UNKNOWN_TOPIC_OR_PARTITION}
2026-02-28T16:47:15.710+01:00  WARN 42770 --- [notification-service] [ntainer#0-0-C-1] org.apache.kafka.clients.NetworkClient   : [Consumer clientId=consumer-notification-service-1, groupId=notification-service] Error while fetching metadata with correlation id 476 : {souq.platform.events=UNKNOWN_TOPIC_OR_PARTITION, souq.publisher.events=UNKNOWN_TOPIC_OR_PARTITION}
2026-02-28T16:47:16.572+01:00  WARN 42770 --- [notification-service] [ntainer#0-0-C-1] org.apache.kafka.clients.NetworkClient   : [Consumer clientId=consumer-notification-service-1, groupId=notification-service] Error while fetching metadata with correlation id 477 : {souq.platform.events=UNKNOWN_TOPIC_OR_PARTITION, souq.publisher.events=UNKNOWN_TOPIC_OR_PARTITION}
2026-02-28T16:47:17.573+01:00  WARN 42770 --- [notification-service] [ntainer#0-0-C-1] org.apache.kafka.clients.NetworkClient   : [Consumer clientId=consumer-notification-service-1, groupId=notification-service] Error while fetching metadata with correlation id 478 : {souq.platform.events=UNKNOWN_TOPIC_OR_PARTITION, souq.publisher.events=UNKNOWN_TOPIC_OR_PARTITION}
2026-02-28T16:47:18.512+01:00  WARN 42770 --- [notification-service] [ntainer#0-0-C-1] org.apache.kafka.clients.NetworkClient   : [Consumer clientId=consumer-notification-service-1, groupId=notification-service] Error while fetching metadata with correlation id 480 : {souq.platform.events=UNKNOWN_TOPIC_OR_PARTITION, souq.publisher.events=UNKNOWN_TOPIC_OR_PARTITION}
2026-02-28T16:47:19.417+01:00  WARN 42770 --- [notification-service] [ntainer#0-0-C-1] org.apache.kafka.clients.NetworkClient   : [Consumer clientId=consumer-notification-service-1, groupId=notification-service] Error while fetching metadata with correlation id 481 : {souq.platform.events=UNKNOWN_TOPIC_OR_PARTITION, souq.publisher.events=UNKNOWN_TOPIC_OR_PARTITION}
2026-02-28T16:47:20.350+01:00  WARN 42770 --- [notification-service] [ntainer#0-0-C-1] org.apache.kafka.clients.NetworkClient   : [Consumer clientId=consumer-notification-service-1, groupId=notification-service] Error while fetching metadata with correlation id 482 : {souq.platform.events=UNKNOWN_TOPIC_OR_PARTITION, souq.publisher.events=UNKNOWN_TOPIC_OR_PARTITION}
2026-02-28T16:47:21.349+01:00  WARN 42770 --- [notification-service] [ntainer#0-0-C-1] org.apache.kafka.clients.NetworkClient   : [Consumer clientId=consumer-notification-service-1, groupId=notification-service] Error while fetching metadata with correlation id 484 : {souq.platform.events=UNKNOWN_TOPIC_OR_PARTITION, souq.publisher.events=UNKNOWN_TOPIC_OR_PARTITION}
2026-02-28T16:47:22.350+01:00  WARN 42770 --- [notification-service] [ntainer#0-0-C-1] org.apache.kafka.clients.NetworkClient   : [Consumer clientId=consumer-notification-service-1, groupId=notification-service] Error while fetching metadata with correlation id 485 : {souq.platform.events=UNKNOWN_TOPIC_OR_PARTITION, souq.publisher.events=UNKNOWN_TOPIC_OR_PARTITION}
2026-02-28T16:47:23.350+01:00  WARN 42770 --- [notification-service] [ntainer#0-0-C-1] org.apache.kafka.clients.NetworkClient   : [Consumer clientId=consumer-notification-service-1, groupId=notification-service] Error while fetching metadata with correlation id 486 : {souq.platform.events=UNKNOWN_TOPIC_OR_PARTITION, souq.publisher.events=UNKNOWN_TOPIC_OR_PARTITION}
2026-02-28T16:47:24.350+01:00  WARN 42770 --- [notification-service] [ntainer#0-0-C-1] org.apache.kafka.clients.NetworkClient   : [Consumer clientId=consumer-notification-service-1, groupId=notification-service] Error while fetching metadata with correlation id 488 : {souq.platform.events=UNKNOWN_TOPIC_OR_PARTITION, souq.publisher.events=UNKNOWN_TOPIC_OR_PARTITION}
2026-02-28T16:47:25.256+01:00  WARN 42770 --- [notification-service] [ntainer#0-0-C-1] org.apache.kafka.clients.NetworkClient   : [Consumer clientId=consumer-notification-service-1, groupId=notification-service] Error while fetching metadata with correlation id 489 : {souq.platform.events=UNKNOWN_TOPIC_OR_PARTITION, souq.publisher.events=UNKNOWN_TOPIC_OR_PARTITION}
2026-02-28T16:47:26.161+01:00  WARN 42770 --- [notification-service] [ntainer#0-0-C-1] org.apache.kafka.clients.NetworkClient   : [Consumer clientId=consumer-notification-service-1, groupId=notification-service] Error while fetching metadata with correlation id 490 : {souq.platform.events=UNKNOWN_TOPIC_OR_PARTITION, souq.publisher.events=UNKNOWN_TOPIC_OR_PARTITION}
2026-02-28T16:47:27.139+01:00  WARN 42770 --- [notification-service] [ntainer#0-0-C-1] org.apache.kafka.clients.NetworkClient   : [Consumer clientId=consumer-notification-service-1, groupId=notification-service] Error while fetching metadata with correlation id 492 : {souq.platform.events=UNKNOWN_TOPIC_OR_PARTITION, souq.publisher.events=UNKNOWN_TOPIC_OR_PARTITION}
2026-02-28T16:47:28.140+01:00  WARN 42770 --- [notification-service] [ntainer#0-0-C-1] org.apache.kafka.clients.NetworkClient   : [Consumer clientId=consumer-notification-service-1, groupId=notification-service] Error while fetching metadata with correlation id 493 : {souq.platform.events=UNKNOWN_TOPIC_OR_PARTITION, souq.publisher.events=UNKNOWN_TOPIC_OR_PARTITION}
2026-02-28T16:47:29.141+01:00  WARN 42770 --- [notification-service] [ntainer#0-0-C-1] org.apache.kafka.clients.NetworkClient   : [Consumer clientId=consumer-notification-service-1, groupId=notification-service] Error while fetching metadata with correlation id 494 : {souq.platform.events=UNKNOWN_TOPIC_OR_PARTITION, souq.publisher.events=UNKNOWN_TOPIC_OR_PARTITION}
2026-02-28T16:47:30.142+01:00  WARN 42770 --- [notification-service] [ntainer#0-0-C-1] org.apache.kafka.clients.NetworkClient   : [Consumer clientId=consumer-notification-service-1, groupId=notification-service] Error while fetching metadata with correlation id 496 : {souq.platform.events=UNKNOWN_TOPIC_OR_PARTITION, souq.publisher.events=UNKNOWN_TOPIC_OR_PARTITION}
2026-02-28T16:47:31.046+01:00  WARN 42770 --- [notification-service] [ntainer#0-0-C-1] org.apache.kafka.clients.NetworkClient   : [Consumer clientId=consumer-notification-service-1, groupId=notification-service] Error while fetching metadata with correlation id 497 : {souq.platform.events=UNKNOWN_TOPIC_OR_PARTITION, souq.publisher.events=UNKNOWN_TOPIC_OR_PARTITION}
2026-02-28T16:47:31.881+01:00  WARN 42770 --- [notification-service] [ntainer#0-0-C-1] org.apache.kafka.clients.NetworkClient   : [Consumer clientId=consumer-notification-service-1, groupId=notification-service] Error while fetching metadata with correlation id 498 : {souq.platform.events=UNKNOWN_TOPIC_OR_PARTITION, souq.publisher.events=UNKNOWN_TOPIC_OR_PARTITION}
2026-02-28T16:47:32.736+01:00  WARN 42770 --- [notification-service] [ntainer#0-0-C-1] org.apache.kafka.clients.NetworkClient   : [Consumer clientId=consumer-notification-service-1, groupId=notification-service] Error while fetching metadata with correlation id 500 : {souq.platform.events=UNKNOWN_TOPIC_OR_PARTITION, souq.publisher.events=UNKNOWN_TOPIC_OR_PARTITION}
2026-02-28T16:47:33.737+01:00  WARN 42770 --- [notification-service] [ntainer#0-0-C-1] org.apache.kafka.clients.NetworkClient   : [Consumer clientId=consumer-notification-service-1, groupId=notification-service] Error while fetching metadata with correlation id 501 : {souq.platform.events=UNKNOWN_TOPIC_OR_PARTITION, souq.publisher.events=UNKNOWN_TOPIC_OR_PARTITION}
2026-02-28T16:47:34.711+01:00  WARN 42770 --- [notification-service] [ntainer#0-0-C-1] org.apache.kafka.clients.NetworkClient   : [Consumer clientId=consumer-notification-service-1, groupId=notification-service] Error while fetching metadata with correlation id 502 : {souq.platform.events=UNKNOWN_TOPIC_OR_PARTITION, souq.publisher.events=UNKNOWN_TOPIC_OR_PARTITION}
2026-02-28T16:47:35.636+01:00  WARN 42770 --- [notification-service] [ntainer#0-0-C-1] org.apache.kafka.clients.NetworkClient   : [Consumer clientId=consumer-notification-service-1, groupId=notification-service] Error while fetching metadata with correlation id 503 : {souq.platform.events=UNKNOWN_TOPIC_OR_PARTITION, souq.publisher.events=UNKNOWN_TOPIC_OR_PARTITION}
2026-02-28T16:47:36.578+01:00  WARN 42770 --- [notification-service] [ntainer#0-0-C-1] org.apache.kafka.clients.NetworkClient   : [Consumer clientId=consumer-notification-service-1, groupId=notification-service] Error while fetching metadata with correlation id 505 : {souq.platform.events=UNKNOWN_TOPIC_OR_PARTITION, souq.publisher.events=UNKNOWN_TOPIC_OR_PARTITION}
2026-02-28T16:47:37.579+01:00  WARN 42770 --- [notification-service] [ntainer#0-0-C-1] org.apache.kafka.clients.NetworkClient   : [Consumer clientId=consumer-notification-service-1, groupId=notification-service] Error while fetching metadata with correlation id 506 : {souq.platform.events=UNKNOWN_TOPIC_OR_PARTITION, souq.publisher.events=UNKNOWN_TOPIC_OR_PARTITION}
2026-02-28T16:47:38.580+01:00  WARN 42770 --- [notification-service] [ntainer#0-0-C-1] org.apache.kafka.clients.NetworkClient   : [Consumer clientId=consumer-notification-service-1, groupId=notification-service] Error while fetching metadata with correlation id 507 : {souq.platform.events=UNKNOWN_TOPIC_OR_PARTITION, souq.publisher.events=UNKNOWN_TOPIC_OR_PARTITION}
2026-02-28T16:47:39.541+01:00  WARN 42770 --- [notification-service] [ntainer#0-0-C-1] org.apache.kafka.clients.NetworkClient   : [Consumer clientId=consumer-notification-service-1, groupId=notification-service] Error while fetching metadata with correlation id 509 : {souq.platform.events=UNKNOWN_TOPIC_OR_PARTITION, souq.publisher.events=UNKNOWN_TOPIC_OR_PARTITION}
2026-02-28T16:47:40.542+01:00  WARN 42770 --- [notification-service] [ntainer#0-0-C-1] org.apache.kafka.clients.NetworkClient   : [Consumer clientId=consumer-notification-service-1, groupId=notification-service] Error while fetching metadata with correlation id 510 : {souq.platform.events=UNKNOWN_TOPIC_OR_PARTITION, souq.publisher.events=UNKNOWN_TOPIC_OR_PARTITION}
2026-02-28T16:47:41.448+01:00  WARN 42770 --- [notification-service] [ntainer#0-0-C-1] org.apache.kafka.clients.NetworkClient   : [Consumer clientId=consumer-notification-service-1, groupId=notification-service] Error while fetching metadata with correlation id 511 : {souq.platform.events=UNKNOWN_TOPIC_OR_PARTITION, souq.publisher.events=UNKNOWN_TOPIC_OR_PARTITION}
2026-02-28T16:47:42.449+01:00  WARN 42770 --- [notification-service] [ntainer#0-0-C-1] org.apache.kafka.clients.NetworkClient   : [Consumer clientId=consumer-notification-service-1, groupId=notification-service] Error while fetching metadata with correlation id 513 : {souq.platform.events=UNKNOWN_TOPIC_OR_PARTITION, souq.publisher.events=UNKNOWN_TOPIC_OR_PARTITION}
2026-02-28T16:47:43.450+01:00  WARN 42770 --- [notification-service] [ntainer#0-0-C-1] org.apache.kafka.clients.NetworkClient   : [Consumer clientId=consumer-notification-service-1, groupId=notification-service] Error while fetching metadata with correlation id 514 : {souq.platform.events=UNKNOWN_TOPIC_OR_PARTITION, souq.publisher.events=UNKNOWN_TOPIC_OR_PARTITION}
2026-02-28T16:47:44.451+01:00  WARN 42770 --- [notification-service] [ntainer#0-0-C-1] org.apache.kafka.clients.NetworkClient   : [Consumer clientId=consumer-notification-service-1, groupId=notification-service] Error while fetching metadata with correlation id 515 : {souq.platform.events=UNKNOWN_TOPIC_OR_PARTITION, souq.publisher.events=UNKNOWN_TOPIC_OR_PARTITION}
2026-02-28T16:47:45.452+01:00  WARN 42770 --- [notification-service] [ntainer#0-0-C-1] org.apache.kafka.clients.NetworkClient   : [Consumer clientId=consumer-notification-service-1, groupId=notification-service] Error while fetching metadata with correlation id 517 : {souq.platform.events=UNKNOWN_TOPIC_OR_PARTITION, souq.publisher.events=UNKNOWN_TOPIC_OR_PARTITION}
2026-02-28T16:47:46.431+01:00  WARN 42770 --- [notification-service] [ntainer#0-0-C-1] org.apache.kafka.clients.NetworkClient   : [Consumer clientId=consumer-notification-service-1, groupId=notification-service] Error while fetching metadata with correlation id 518 : {souq.platform.events=UNKNOWN_TOPIC_OR_PARTITION, souq.publisher.events=UNKNOWN_TOPIC_OR_PARTITION}
2026-02-28T16:47:47.432+01:00  WARN 42770 --- [notification-service] [ntainer#0-0-C-1] org.apache.kafka.clients.NetworkClient   : [Consumer clientId=consumer-notification-service-1, groupId=notification-service] Error while fetching metadata with correlation id 519 : {souq.platform.events=UNKNOWN_TOPIC_OR_PARTITION, souq.publisher.events=UNKNOWN_TOPIC_OR_PARTITION}
2026-02-28T16:47:48.433+01:00  WARN 42770 --- [notification-service] [ntainer#0-0-C-1] org.apache.kafka.clients.NetworkClient   : [Consumer clientId=consumer-notification-service-1, groupId=notification-service] Error while fetching metadata with correlation id 521 : {souq.platform.events=UNKNOWN_TOPIC_OR_PARTITION, souq.publisher.events=UNKNOWN_TOPIC_OR_PARTITION}
2026-02-28T16:47:49.338+01:00  WARN 42770 --- [notification-service] [ntainer#0-0-C-1] org.apache.kafka.clients.NetworkClient   : [Consumer clientId=consumer-notification-service-1, groupId=notification-service] Error while fetching metadata with correlation id 522 : {souq.platform.events=UNKNOWN_TOPIC_OR_PARTITION, souq.publisher.events=UNKNOWN_TOPIC_OR_PARTITION}
2026-02-28T16:47:50.243+01:00  WARN 42770 --- [notification-service] [ntainer#0-0-C-1] org.apache.kafka.clients.NetworkClient   : [Consumer clientId=consumer-notification-service-1, groupId=notification-service] Error while fetching metadata with correlation id 523 : {souq.platform.events=UNKNOWN_TOPIC_OR_PARTITION, souq.publisher.events=UNKNOWN_TOPIC_OR_PARTITION}
2026-02-28T16:47:51.157+01:00  WARN 42770 --- [notification-service] [ntainer#0-0-C-1] org.apache.kafka.clients.NetworkClient   : [Consumer clientId=consumer-notification-service-1, groupId=notification-service] Error while fetching metadata with correlation id 525 : {souq.platform.events=UNKNOWN_TOPIC_OR_PARTITION, souq.publisher.events=UNKNOWN_TOPIC_OR_PARTITION}
2026-02-28T16:47:52.158+01:00  WARN 42770 --- [notification-service] [ntainer#0-0-C-1] org.apache.kafka.clients.NetworkClient   : [Consumer clientId=consumer-notification-service-1, groupId=notification-service] Error while fetching metadata with correlation id 526 : {souq.platform.events=UNKNOWN_TOPIC_OR_PARTITION, souq.publisher.events=UNKNOWN_TOPIC_OR_PARTITION}
2026-02-28T16:47:53.063+01:00  WARN 42770 --- [notification-service] [ntainer#0-0-C-1] org.apache.kafka.clients.NetworkClient   : [Consumer clientId=consumer-notification-service-1, groupId=notification-service] Error while fetching metadata with correlation id 527 : {souq.platform.events=UNKNOWN_TOPIC_OR_PARTITION, souq.publisher.events=UNKNOWN_TOPIC_OR_PARTITION}
2026-02-28T16:47:54.064+01:00  WARN 42770 --- [notification-service] [ntainer#0-0-C-1] org.apache.kafka.clients.NetworkClient   : [Consumer clientId=consumer-notification-service-1, groupId=notification-service] Error while fetching metadata with correlation id 529 : {souq.platform.events=UNKNOWN_TOPIC_OR_PARTITION, souq.publisher.events=UNKNOWN_TOPIC_OR_PARTITION}
2026-02-28T16:47:55.065+01:00  WARN 42770 --- [notification-service] [ntainer#0-0-C-1] org.apache.kafka.clients.NetworkClient   : [Consumer clientId=consumer-notification-service-1, groupId=notification-service] Error while fetching metadata with correlation id 530 : {souq.platform.events=UNKNOWN_TOPIC_OR_PARTITION, souq.publisher.events=UNKNOWN_TOPIC_OR_PARTITION}
2026-02-28T16:47:56.066+01:00  WARN 42770 --- [notification-service] [ntainer#0-0-C-1] org.apache.kafka.clients.NetworkClient   : [Consumer clientId=consumer-notification-service-1, groupId=notification-service] Error while fetching metadata with correlation id 531 : {souq.platform.events=UNKNOWN_TOPIC_OR_PARTITION, souq.publisher.events=UNKNOWN_TOPIC_OR_PARTITION}
2026-02-28T16:47:57.043+01:00  WARN 42770 --- [notification-service] [ntainer#0-0-C-1] org.apache.kafka.clients.NetworkClient   : [Consumer clientId=consumer-notification-service-1, groupId=notification-service] Error while fetching metadata with correlation id 533 : {souq.platform.events=UNKNOWN_TOPIC_OR_PARTITION, souq.publisher.events=UNKNOWN_TOPIC_OR_PARTITION}
2026-02-28T16:47:57.947+01:00  WARN 42770 --- [notification-service] [ntainer#0-0-C-1] org.apache.kafka.clients.NetworkClient   : [Consumer clientId=consumer-notification-service-1, groupId=notification-service] Error while fetching metadata with correlation id 534 : {souq.platform.events=UNKNOWN_TOPIC_OR_PARTITION, souq.publisher.events=UNKNOWN_TOPIC_OR_PARTITION}
2026-02-28T16:47:58.852+01:00  WARN 42770 --- [notification-service] [ntainer#0-0-C-1] org.apache.kafka.clients.NetworkClient   : [Consumer clientId=consumer-notification-service-1, groupId=notification-service] Error while fetching metadata with correlation id 535 : {souq.platform.events=UNKNOWN_TOPIC_OR_PARTITION, souq.publisher.events=UNKNOWN_TOPIC_OR_PARTITION}
2026-02-28T16:47:59.852+01:00  WARN 42770 --- [notification-service] [ntainer#0-0-C-1] org.apache.kafka.clients.NetworkClient   : [Consumer clientId=consumer-notification-service-1, groupId=notification-service] Error while fetching metadata with correlation id 537 : {souq.platform.events=UNKNOWN_TOPIC_OR_PARTITION, souq.publisher.events=UNKNOWN_TOPIC_OR_PARTITION}
2026-02-28T16:48:00.852+01:00  WARN 42770 --- [notification-service] [ntainer#0-0-C-1] org.apache.kafka.clients.NetworkClient   : [Consumer clientId=consumer-notification-service-1, groupId=notification-service] Error while fetching metadata with correlation id 538 : {souq.platform.events=UNKNOWN_TOPIC_OR_PARTITION, souq.publisher.events=UNKNOWN_TOPIC_OR_PARTITION}
2026-02-28T16:48:01.682+01:00  WARN 42770 --- [notification-service] [ntainer#0-0-C-1] org.apache.kafka.clients.NetworkClient   : [Consumer clientId=consumer-notification-service-1, groupId=notification-service] Error while fetching metadata with correlation id 539 : {souq.platform.events=UNKNOWN_TOPIC_OR_PARTITION, souq.publisher.events=UNKNOWN_TOPIC_OR_PARTITION}
2026-02-28T16:48:02.641+01:00  WARN 42770 --- [notification-service] [ntainer#0-0-C-1] org.apache.kafka.clients.NetworkClient   : [Consumer clientId=consumer-notification-service-1, groupId=notification-service] Error while fetching metadata with correlation id 541 : {souq.platform.events=UNKNOWN_TOPIC_OR_PARTITION, souq.publisher.events=UNKNOWN_TOPIC_OR_PARTITION}
2026-02-28T16:48:03.544+01:00  WARN 42770 --- [notification-service] [ntainer#0-0-C-1] org.apache.kafka.clients.NetworkClient   : [Consumer clientId=consumer-notification-service-1, groupId=notification-service] Error while fetching metadata with correlation id 542 : {souq.platform.events=UNKNOWN_TOPIC_OR_PARTITION, souq.publisher.events=UNKNOWN_TOPIC_OR_PARTITION}
2026-02-28T16:48:04.450+01:00  WARN 42770 --- [notification-service] [ntainer#0-0-C-1] org.apache.kafka.clients.NetworkClient   : [Consumer clientId=consumer-notification-service-1, groupId=notification-service] Error while fetching metadata with correlation id 543 : {souq.platform.events=UNKNOWN_TOPIC_OR_PARTITION, souq.publisher.events=UNKNOWN_TOPIC_OR_PARTITION}
2026-02-28T16:48:05.356+01:00  WARN 42770 --- [notification-service] [ntainer#0-0-C-1] org.apache.kafka.clients.NetworkClient   : [Consumer clientId=consumer-notification-service-1, groupId=notification-service] Error while fetching metadata with correlation id 544 : {souq.platform.events=UNKNOWN_TOPIC_OR_PARTITION, souq.publisher.events=UNKNOWN_TOPIC_OR_PARTITION}
2026-02-28T16:48:06.309+01:00  WARN 42770 --- [notification-service] [ntainer#0-0-C-1] org.apache.kafka.clients.NetworkClient   : [Consumer clientId=consumer-notification-service-1, groupId=notification-service] Error while fetching metadata with correlation id 546 : {souq.platform.events=UNKNOWN_TOPIC_OR_PARTITION, souq.publisher.events=UNKNOWN_TOPIC_OR_PARTITION}
2026-02-28T16:48:07.281+01:00  WARN 42770 --- [notification-service] [ntainer#0-0-C-1] org.apache.kafka.clients.NetworkClient   : [Consumer clientId=consumer-notification-service-1, groupId=notification-service] Error while fetching metadata with correlation id 547 : {souq.platform.events=UNKNOWN_TOPIC_OR_PARTITION, souq.publisher.events=UNKNOWN_TOPIC_OR_PARTITION}
2026-02-28T16:48:08.185+01:00  WARN 42770 --- [notification-service] [ntainer#0-0-C-1] org.apache.kafka.clients.NetworkClient   : [Consumer clientId=consumer-notification-service-1, groupId=notification-service] Error while fetching metadata with correlation id 548 : {souq.platform.events=UNKNOWN_TOPIC_OR_PARTITION, souq.publisher.events=UNKNOWN_TOPIC_OR_PARTITION}
2026-02-28T16:48:09.145+01:00  WARN 42770 --- [notification-service] [ntainer#0-0-C-1] org.apache.kafka.clients.NetworkClient   : [Consumer clientId=consumer-notification-service-1, groupId=notification-service] Error while fetching metadata with correlation id 550 : {souq.platform.events=UNKNOWN_TOPIC_OR_PARTITION, souq.publisher.events=UNKNOWN_TOPIC_OR_PARTITION}
2026-02-28T16:48:10.050+01:00  WARN 42770 --- [notification-service] [ntainer#0-0-C-1] org.apache.kafka.clients.NetworkClient   : [Consumer clientId=consumer-notification-service-1, groupId=notification-service] Error while fetching metadata with correlation id 551 : {souq.platform.events=UNKNOWN_TOPIC_OR_PARTITION, souq.publisher.events=UNKNOWN_TOPIC_OR_PARTITION}
2026-02-28T16:48:10.925+01:00  WARN 42770 --- [notification-service] [ntainer#0-0-C-1] org.apache.kafka.clients.NetworkClient   : [Consumer clientId=consumer-notification-service-1, groupId=notification-service] Error while fetching metadata with correlation id 552 : {souq.platform.events=UNKNOWN_TOPIC_OR_PARTITION, souq.publisher.events=UNKNOWN_TOPIC_OR_PARTITION}
2026-02-28T16:48:11.926+01:00  WARN 42770 --- [notification-service] [ntainer#0-0-C-1] org.apache.kafka.clients.NetworkClient   : [Consumer clientId=consumer-notification-service-1, groupId=notification-service] Error while fetching metadata with correlation id 554 : {souq.platform.events=UNKNOWN_TOPIC_OR_PARTITION, souq.publisher.events=UNKNOWN_TOPIC_OR_PARTITION}
2026-02-28T16:48:12.831+01:00  WARN 42770 --- [notification-service] [ntainer#0-0-C-1] org.apache.kafka.clients.NetworkClient   : [Consumer clientId=consumer-notification-service-1, groupId=notification-service] Error while fetching metadata with correlation id 555 : {souq.platform.events=UNKNOWN_TOPIC_OR_PARTITION, souq.publisher.events=UNKNOWN_TOPIC_OR_PARTITION}
2026-02-28T16:48:13.830+01:00  WARN 42770 --- [notification-service] [ntainer#0-0-C-1] org.apache.kafka.clients.NetworkClient   : [Consumer clientId=consumer-notification-service-1, groupId=notification-service] Error while fetching metadata with correlation id 556 : {souq.platform.events=UNKNOWN_TOPIC_OR_PARTITION, souq.publisher.events=UNKNOWN_TOPIC_OR_PARTITION}
2026-02-28T16:48:14.742+01:00  WARN 42770 --- [notification-service] [ntainer#0-0-C-1] org.apache.kafka.clients.NetworkClient   : [Consumer clientId=consumer-notification-service-1, groupId=notification-service] Error while fetching metadata with correlation id 558 : {souq.platform.events=UNKNOWN_TOPIC_OR_PARTITION, souq.publisher.events=UNKNOWN_TOPIC_OR_PARTITION}
2026-02-28T16:48:15.743+01:00  WARN 42770 --- [notification-service] [ntainer#0-0-C-1] org.apache.kafka.clients.NetworkClient   : [Consumer clientId=consumer-notification-service-1, groupId=notification-service] Error while fetching metadata with correlation id 559 : {souq.platform.events=UNKNOWN_TOPIC_OR_PARTITION, souq.publisher.events=UNKNOWN_TOPIC_OR_PARTITION}
2026-02-28T16:48:16.744+01:00  WARN 42770 --- [notification-service] [ntainer#0-0-C-1] org.apache.kafka.clients.NetworkClient   : [Consumer clientId=consumer-notification-service-1, groupId=notification-service] Error while fetching metadata with correlation id 560 : {souq.platform.events=UNKNOWN_TOPIC_OR_PARTITION, souq.publisher.events=UNKNOWN_TOPIC_OR_PARTITION}
2026-02-28T16:48:17.642+01:00  WARN 42770 --- [notification-service] [ntainer#0-0-C-1] org.apache.kafka.clients.NetworkClient   : [Consumer clientId=consumer-notification-service-1, groupId=notification-service] Error while fetching metadata with correlation id 562 : {souq.platform.events=UNKNOWN_TOPIC_OR_PARTITION, souq.publisher.events=UNKNOWN_TOPIC_OR_PARTITION}
2026-02-28T16:48:18.502+01:00  WARN 42770 --- [notification-service] [ntainer#0-0-C-1] org.apache.kafka.clients.NetworkClient   : [Consumer clientId=consumer-notification-service-1, groupId=notification-service] Error while fetching metadata with correlation id 563 : {souq.platform.events=UNKNOWN_TOPIC_OR_PARTITION, souq.publisher.events=UNKNOWN_TOPIC_OR_PARTITION}
2026-02-28T16:48:19.407+01:00  WARN 42770 --- [notification-service] [ntainer#0-0-C-1] org.apache.kafka.clients.NetworkClient   : [Consumer clientId=consumer-notification-service-1, groupId=notification-service] Error while fetching metadata with correlation id 564 : {souq.platform.events=UNKNOWN_TOPIC_OR_PARTITION, souq.publisher.events=UNKNOWN_TOPIC_OR_PARTITION}
2026-02-28T16:48:20.408+01:00  WARN 42770 --- [notification-service] [ntainer#0-0-C-1] org.apache.kafka.clients.NetworkClient   : [Consumer clientId=consumer-notification-service-1, groupId=notification-service] Error while fetching metadata with correlation id 565 : {souq.platform.events=UNKNOWN_TOPIC_OR_PARTITION, souq.publisher.events=UNKNOWN_TOPIC_OR_PARTITION}
2026-02-28T16:48:21.409+01:00  WARN 42770 --- [notification-service] [ntainer#0-0-C-1] org.apache.kafka.clients.NetworkClient   : [Consumer clientId=consumer-notification-service-1, groupId=notification-service] Error while fetching metadata with correlation id 567 : {souq.platform.events=UNKNOWN_TOPIC_OR_PARTITION, souq.publisher.events=UNKNOWN_TOPIC_OR_PARTITION}
2026-02-28T16:48:22.388+01:00  WARN 42770 --- [notification-service] [ntainer#0-0-C-1] org.apache.kafka.clients.NetworkClient   : [Consumer clientId=consumer-notification-service-1, groupId=notification-service] Error while fetching metadata with correlation id 568 : {souq.platform.events=UNKNOWN_TOPIC_OR_PARTITION, souq.publisher.events=UNKNOWN_TOPIC_OR_PARTITION}
2026-02-28T16:48:23.389+01:00  WARN 42770 --- [notification-service] [ntainer#0-0-C-1] org.apache.kafka.clients.NetworkClient   : [Consumer clientId=consumer-notification-service-1, groupId=notification-service] Error while fetching metadata with correlation id 569 : {souq.platform.events=UNKNOWN_TOPIC_OR_PARTITION, souq.publisher.events=UNKNOWN_TOPIC_OR_PARTITION}
2026-02-28T16:48:24.389+01:00  WARN 42770 --- [notification-service] [ntainer#0-0-C-1] org.apache.kafka.clients.NetworkClient   : [Consumer clientId=consumer-notification-service-1, groupId=notification-service] Error while fetching metadata with correlation id 571 : {souq.platform.events=UNKNOWN_TOPIC_OR_PARTITION, souq.publisher.events=UNKNOWN_TOPIC_OR_PARTITION}
2026-02-28T16:48:25.390+01:00  WARN 42770 --- [notification-service] [ntainer#0-0-C-1] org.apache.kafka.clients.NetworkClient   : [Consumer clientId=consumer-notification-service-1, groupId=notification-service] Error while fetching metadata with correlation id 572 : {souq.platform.events=UNKNOWN_TOPIC_OR_PARTITION, souq.publisher.events=UNKNOWN_TOPIC_OR_PARTITION}
2026-02-28T16:48:26.390+01:00  WARN 42770 --- [notification-service] [ntainer#0-0-C-1] org.apache.kafka.clients.NetworkClient   : [Consumer clientId=consumer-notification-service-1, groupId=notification-service] Error while fetching metadata with correlation id 573 : {souq.platform.events=UNKNOWN_TOPIC_OR_PARTITION, souq.publisher.events=UNKNOWN_TOPIC_OR_PARTITION}
2026-02-28T16:48:27.357+01:00  WARN 42770 --- [notification-service] [ntainer#0-0-C-1] org.apache.kafka.clients.NetworkClient   : [Consumer clientId=consumer-notification-service-1, groupId=notification-service] Error while fetching metadata with correlation id 575 : {souq.platform.events=UNKNOWN_TOPIC_OR_PARTITION, souq.publisher.events=UNKNOWN_TOPIC_OR_PARTITION}
2026-02-28T16:48:28.358+01:00  WARN 42770 --- [notification-service] [ntainer#0-0-C-1] org.apache.kafka.clients.NetworkClient   : [Consumer clientId=consumer-notification-service-1, groupId=notification-service] Error while fetching metadata with correlation id 576 : {souq.platform.events=UNKNOWN_TOPIC_OR_PARTITION, souq.publisher.events=UNKNOWN_TOPIC_OR_PARTITION}
2026-02-28T16:48:29.359+01:00  WARN 42770 --- [notification-service] [ntainer#0-0-C-1] org.apache.kafka.clients.NetworkClient   : [Consumer clientId=consumer-notification-service-1, groupId=notification-service] Error while fetching metadata with correlation id 577 : {souq.platform.events=UNKNOWN_TOPIC_OR_PARTITION, souq.publisher.events=UNKNOWN_TOPIC_OR_PARTITION}
2026-02-28T16:48:30.359+01:00  WARN 42770 --- [notification-service] [ntainer#0-0-C-1] org.apache.kafka.clients.NetworkClient   : [Consumer clientId=consumer-notification-service-1, groupId=notification-service] Error while fetching metadata with correlation id 579 : {souq.platform.events=UNKNOWN_TOPIC_OR_PARTITION, souq.publisher.events=UNKNOWN_TOPIC_OR_PARTITION}
2026-02-28T16:48:31.331+01:00  WARN 42770 --- [notification-service] [ntainer#0-0-C-1] org.apache.kafka.clients.NetworkClient   : [Consumer clientId=consumer-notification-service-1, groupId=notification-service] Error while fetching metadata with correlation id 580 : {souq.platform.events=UNKNOWN_TOPIC_OR_PARTITION, souq.publisher.events=UNKNOWN_TOPIC_OR_PARTITION}
2026-02-28T16:48:32.289+01:00  WARN 42770 --- [notification-service] [ntainer#0-0-C-1] org.apache.kafka.clients.NetworkClient   : [Consumer clientId=consumer-notification-service-1, groupId=notification-service] Error while fetching metadata with correlation id 581 : {souq.platform.events=UNKNOWN_TOPIC_OR_PARTITION, souq.publisher.events=UNKNOWN_TOPIC_OR_PARTITION}
2026-02-28T16:48:33.146+01:00  WARN 42770 --- [notification-service] [ntainer#0-0-C-1] org.apache.kafka.clients.NetworkClient   : [Consumer clientId=consumer-notification-service-1, groupId=notification-service] Error while fetching metadata with correlation id 583 : {souq.platform.events=UNKNOWN_TOPIC_OR_PARTITION, souq.publisher.events=UNKNOWN_TOPIC_OR_PARTITION}
2026-02-28T16:48:34.090+01:00  WARN 42770 --- [notification-service] [ntainer#0-0-C-1] org.apache.kafka.clients.NetworkClient   : [Consumer clientId=consumer-notification-service-1, groupId=notification-service] Error while fetching metadata with correlation id 584 : {souq.platform.events=UNKNOWN_TOPIC_OR_PARTITION, souq.publisher.events=UNKNOWN_TOPIC_OR_PARTITION}
2026-02-28T16:48:35.091+01:00  WARN 42770 --- [notification-service] [ntainer#0-0-C-1] org.apache.kafka.clients.NetworkClient   : [Consumer clientId=consumer-notification-service-1, groupId=notification-service] Error while fetching metadata with correlation id 585 : {souq.platform.events=UNKNOWN_TOPIC_OR_PARTITION, souq.publisher.events=UNKNOWN_TOPIC_OR_PARTITION}
2026-02-28T16:48:36.092+01:00  WARN 42770 --- [notification-service] [ntainer#0-0-C-1] org.apache.kafka.clients.NetworkClient   : [Consumer clientId=consumer-notification-service-1, groupId=notification-service] Error while fetching metadata with correlation id 587 : {souq.platform.events=UNKNOWN_TOPIC_OR_PARTITION, souq.publisher.events=UNKNOWN_TOPIC_OR_PARTITION}
2026-02-28T16:48:37.049+01:00  WARN 42770 --- [notification-service] [ntainer#0-0-C-1] org.apache.kafka.clients.NetworkClient   : [Consumer clientId=consumer-notification-service-1, groupId=notification-service] Error while fetching metadata with correlation id 588 : {souq.platform.events=UNKNOWN_TOPIC_OR_PARTITION, souq.publisher.events=UNKNOWN_TOPIC_OR_PARTITION}
2026-02-28T16:48:37.970+01:00  WARN 42770 --- [notification-service] [ntainer#0-0-C-1] org.apache.kafka.clients.NetworkClient   : [Consumer clientId=consumer-notification-service-1, groupId=notification-service] Error while fetching metadata with correlation id 589 : {souq.platform.events=UNKNOWN_TOPIC_OR_PARTITION, souq.publisher.events=UNKNOWN_TOPIC_OR_PARTITION}
2026-02-28T16:48:38.848+01:00  WARN 42770 --- [notification-service] [ntainer#0-0-C-1] org.apache.kafka.clients.NetworkClient   : [Consumer clientId=consumer-notification-service-1, groupId=notification-service] Error while fetching metadata with correlation id 591 : {souq.platform.events=UNKNOWN_TOPIC_OR_PARTITION, souq.publisher.events=UNKNOWN_TOPIC_OR_PARTITION}
2026-02-28T16:48:39.849+01:00  WARN 42770 --- [notification-service] [ntainer#0-0-C-1] org.apache.kafka.clients.NetworkClient   : [Consumer clientId=consumer-notification-service-1, groupId=notification-service] Error while fetching metadata with correlation id 592 : {souq.platform.events=UNKNOWN_TOPIC_OR_PARTITION, souq.publisher.events=UNKNOWN_TOPIC_OR_PARTITION}
2026-02-28T16:48:40.849+01:00  WARN 42770 --- [notification-service] [ntainer#0-0-C-1] org.apache.kafka.clients.NetworkClient   : [Consumer clientId=consumer-notification-service-1, groupId=notification-service] Error while fetching metadata with correlation id 593 : {souq.platform.events=UNKNOWN_TOPIC_OR_PARTITION, souq.publisher.events=UNKNOWN_TOPIC_OR_PARTITION}
2026-02-28T16:48:41.848+01:00  WARN 42770 --- [notification-service] [ntainer#0-0-C-1] org.apache.kafka.clients.NetworkClient   : [Consumer clientId=consumer-notification-service-1, groupId=notification-service] Error while fetching metadata with correlation id 595 : {souq.platform.events=UNKNOWN_TOPIC_OR_PARTITION, souq.publisher.events=UNKNOWN_TOPIC_OR_PARTITION}
2026-02-28T16:48:42.849+01:00  WARN 42770 --- [notification-service] [ntainer#0-0-C-1] org.apache.kafka.clients.NetworkClient   : [Consumer clientId=consumer-notification-service-1, groupId=notification-service] Error while fetching metadata with correlation id 596 : {souq.platform.events=UNKNOWN_TOPIC_OR_PARTITION, souq.publisher.events=UNKNOWN_TOPIC_OR_PARTITION}
2026-02-28T16:48:43.837+01:00  WARN 42770 --- [notification-service] [ntainer#0-0-C-1] org.apache.kafka.clients.NetworkClient   : [Consumer clientId=consumer-notification-service-1, groupId=notification-service] Error while fetching metadata with correlation id 597 : {souq.platform.events=UNKNOWN_TOPIC_OR_PARTITION, souq.publisher.events=UNKNOWN_TOPIC_OR_PARTITION}
2026-02-28T16:48:44.784+01:00  WARN 42770 --- [notification-service] [ntainer#0-0-C-1] org.apache.kafka.clients.NetworkClient   : [Consumer clientId=consumer-notification-service-1, groupId=notification-service] Error while fetching metadata with correlation id 599 : {souq.platform.events=UNKNOWN_TOPIC_OR_PARTITION, souq.publisher.events=UNKNOWN_TOPIC_OR_PARTITION}
2026-02-28T16:48:45.773+01:00  WARN 42770 --- [notification-service] [ntainer#0-0-C-1] org.apache.kafka.clients.NetworkClient   : [Consumer clientId=consumer-notification-service-1, groupId=notification-service] Error while fetching metadata with correlation id 600 : {souq.platform.events=UNKNOWN_TOPIC_OR_PARTITION, souq.publisher.events=UNKNOWN_TOPIC_OR_PARTITION}
2026-02-28T16:48:46.774+01:00  WARN 42770 --- [notification-service] [ntainer#0-0-C-1] org.apache.kafka.clients.NetworkClient   : [Consumer clientId=consumer-notification-service-1, groupId=notification-service] Error while fetching metadata with correlation id 601 : {souq.platform.events=UNKNOWN_TOPIC_OR_PARTITION, souq.publisher.events=UNKNOWN_TOPIC_OR_PARTITION}
2026-02-28T16:48:47.648+01:00  WARN 42770 --- [notification-service] [ntainer#0-0-C-1] org.apache.kafka.clients.NetworkClient   : [Consumer clientId=consumer-notification-service-1, groupId=notification-service] Error while fetching metadata with correlation id 602 : {souq.platform.events=UNKNOWN_TOPIC_OR_PARTITION, souq.publisher.events=UNKNOWN_TOPIC_OR_PARTITION}
2026-02-28T16:48:48.553+01:00  WARN 42770 --- [notification-service] [ntainer#0-0-C-1] org.apache.kafka.clients.NetworkClient   : [Consumer clientId=consumer-notification-service-1, groupId=notification-service] Error while fetching metadata with correlation id 604 : {souq.platform.events=UNKNOWN_TOPIC_OR_PARTITION, souq.publisher.events=UNKNOWN_TOPIC_OR_PARTITION}
2026-02-28T16:48:49.455+01:00  WARN 42770 --- [notification-service] [ntainer#0-0-C-1] org.apache.kafka.clients.NetworkClient   : [Consumer clientId=consumer-notification-service-1, groupId=notification-service] Error while fetching metadata with correlation id 605 : {souq.platform.events=UNKNOWN_TOPIC_OR_PARTITION, souq.publisher.events=UNKNOWN_TOPIC_OR_PARTITION}
2026-02-28T16:48:50.387+01:00  WARN 42770 --- [notification-service] [ntainer#0-0-C-1] org.apache.kafka.clients.NetworkClient   : [Consumer clientId=consumer-notification-service-1, groupId=notification-service] Error while fetching metadata with correlation id 606 : {souq.platform.events=UNKNOWN_TOPIC_OR_PARTITION, souq.publisher.events=UNKNOWN_TOPIC_OR_PARTITION}
2026-02-28T16:48:51.388+01:00  WARN 42770 --- [notification-service] [ntainer#0-0-C-1] org.apache.kafka.clients.NetworkClient   : [Consumer clientId=consumer-notification-service-1, groupId=notification-service] Error while fetching metadata with correlation id 608 : {souq.platform.events=UNKNOWN_TOPIC_OR_PARTITION, souq.publisher.events=UNKNOWN_TOPIC_OR_PARTITION}
2026-02-28T16:48:52.389+01:00  WARN 42770 --- [notification-service] [ntainer#0-0-C-1] org.apache.kafka.clients.NetworkClient   : [Consumer clientId=consumer-notification-service-1, groupId=notification-service] Error while fetching metadata with correlation id 609 : {souq.platform.events=UNKNOWN_TOPIC_OR_PARTITION, souq.publisher.events=UNKNOWN_TOPIC_OR_PARTITION}
2026-02-28T16:48:53.390+01:00  WARN 42770 --- [notification-service] [ntainer#0-0-C-1] org.apache.kafka.clients.NetworkClient   : [Consumer clientId=consumer-notification-service-1, groupId=notification-service] Error while fetching metadata with correlation id 610 : {souq.platform.events=UNKNOWN_TOPIC_OR_PARTITION, souq.publisher.events=UNKNOWN_TOPIC_OR_PARTITION}
2026-02-28T16:48:54.253+01:00  WARN 42770 --- [notification-service] [ntainer#0-0-C-1] org.apache.kafka.clients.NetworkClient   : [Consumer clientId=consumer-notification-service-1, groupId=notification-service] Error while fetching metadata with correlation id 612 : {souq.platform.events=UNKNOWN_TOPIC_OR_PARTITION, souq.publisher.events=UNKNOWN_TOPIC_OR_PARTITION}
2026-02-28T16:48:55.158+01:00  WARN 42770 --- [notification-service] [ntainer#0-0-C-1] org.apache.kafka.clients.NetworkClient   : [Consumer clientId=consumer-notification-service-1, groupId=notification-service] Error while fetching metadata with correlation id 613 : {souq.platform.events=UNKNOWN_TOPIC_OR_PARTITION, souq.publisher.events=UNKNOWN_TOPIC_OR_PARTITION}
2026-02-28T16:48:56.064+01:00  WARN 42770 --- [notification-service] [ntainer#0-0-C-1] org.apache.kafka.clients.NetworkClient   : [Consumer clientId=consumer-notification-service-1, groupId=notification-service] Error while fetching metadata with correlation id 614 : {souq.platform.events=UNKNOWN_TOPIC_OR_PARTITION, souq.publisher.events=UNKNOWN_TOPIC_OR_PARTITION}
2026-02-28T16:48:57.050+01:00  WARN 42770 --- [notification-service] [ntainer#0-0-C-1] org.apache.kafka.clients.NetworkClient   : [Consumer clientId=consumer-notification-service-1, groupId=notification-service] Error while fetching metadata with correlation id 616 : {souq.platform.events=UNKNOWN_TOPIC_OR_PARTITION, souq.publisher.events=UNKNOWN_TOPIC_OR_PARTITION}
2026-02-28T16:48:58.051+01:00  WARN 42770 --- [notification-service] [ntainer#0-0-C-1] org.apache.kafka.clients.NetworkClient   : [Consumer clientId=consumer-notification-service-1, groupId=notification-service] Error while fetching metadata with correlation id 617 : {souq.platform.events=UNKNOWN_TOPIC_OR_PARTITION, souq.publisher.events=UNKNOWN_TOPIC_OR_PARTITION}
2026-02-28T16:48:59.052+01:00  WARN 42770 --- [notification-service] [ntainer#0-0-C-1] org.apache.kafka.clients.NetworkClient   : [Consumer clientId=consumer-notification-service-1, groupId=notification-service] Error while fetching metadata with correlation id 618 : {souq.platform.events=UNKNOWN_TOPIC_OR_PARTITION, souq.publisher.events=UNKNOWN_TOPIC_OR_PARTITION}
2026-02-28T16:49:00.052+01:00  WARN 42770 --- [notification-service] [ntainer#0-0-C-1] org.apache.kafka.clients.NetworkClient   : [Consumer clientId=consumer-notification-service-1, groupId=notification-service] Error while fetching metadata with correlation id 620 : {souq.platform.events=UNKNOWN_TOPIC_OR_PARTITION, souq.publisher.events=UNKNOWN_TOPIC_OR_PARTITION}
2026-02-28T16:49:01.053+01:00  WARN 42770 --- [notification-service] [ntainer#0-0-C-1] org.apache.kafka.clients.NetworkClient   : [Consumer clientId=consumer-notification-service-1, groupId=notification-service] Error while fetching metadata with correlation id 621 : {souq.platform.events=UNKNOWN_TOPIC_OR_PARTITION, souq.publisher.events=UNKNOWN_TOPIC_OR_PARTITION}
2026-02-28T16:49:01.890+01:00  WARN 42770 --- [notification-service] [ntainer#0-0-C-1] org.apache.kafka.clients.NetworkClient   : [Consumer clientId=consumer-notification-service-1, groupId=notification-service] Error while fetching metadata with correlation id 622 : {souq.platform.events=UNKNOWN_TOPIC_OR_PARTITION, souq.publisher.events=UNKNOWN_TOPIC_OR_PARTITION}
2026-02-28T16:49:02.851+01:00  WARN 42770 --- [notification-service] [ntainer#0-0-C-1] org.apache.kafka.clients.NetworkClient   : [Consumer clientId=consumer-notification-service-1, groupId=notification-service] Error while fetching metadata with correlation id 624 : {souq.platform.events=UNKNOWN_TOPIC_OR_PARTITION, souq.publisher.events=UNKNOWN_TOPIC_OR_PARTITION}
2026-02-28T16:49:03.823+01:00  WARN 42770 --- [notification-service] [ntainer#0-0-C-1] org.apache.kafka.clients.NetworkClient   : [Consumer clientId=consumer-notification-service-1, groupId=notification-service] Error while fetching metadata with correlation id 625 : {souq.platform.events=UNKNOWN_TOPIC_OR_PARTITION, souq.publisher.events=UNKNOWN_TOPIC_OR_PARTITION}
2026-02-28T16:49:04.741+01:00  WARN 42770 --- [notification-service] [ntainer#0-0-C-1] org.apache.kafka.clients.NetworkClient   : [Consumer clientId=consumer-notification-service-1, groupId=notification-service] Error while fetching metadata with correlation id 626 : {souq.platform.events=UNKNOWN_TOPIC_OR_PARTITION, souq.publisher.events=UNKNOWN_TOPIC_OR_PARTITION}
2026-02-28T16:49:05.646+01:00  WARN 42770 --- [notification-service] [ntainer#0-0-C-1] org.apache.kafka.clients.NetworkClient   : [Consumer clientId=consumer-notification-service-1, groupId=notification-service] Error while fetching metadata with correlation id 627 : {souq.platform.events=UNKNOWN_TOPIC_OR_PARTITION, souq.publisher.events=UNKNOWN_TOPIC_OR_PARTITION}
2026-02-28T16:49:06.526+01:00  WARN 42770 --- [notification-service] [ntainer#0-0-C-1] org.apache.kafka.clients.NetworkClient   : [Consumer clientId=consumer-notification-service-1, groupId=notification-service] Error while fetching metadata with correlation id 629 : {souq.platform.events=UNKNOWN_TOPIC_OR_PARTITION, souq.publisher.events=UNKNOWN_TOPIC_OR_PARTITION}
2026-02-28T16:49:07.527+01:00  WARN 42770 --- [notification-service] [ntainer#0-0-C-1] org.apache.kafka.clients.NetworkClient   : [Consumer clientId=consumer-notification-service-1, groupId=notification-service] Error while fetching metadata with correlation id 630 : {souq.platform.events=UNKNOWN_TOPIC_OR_PARTITION, souq.publisher.events=UNKNOWN_TOPIC_OR_PARTITION}
2026-02-28T16:49:08.432+01:00  WARN 42770 --- [notification-service] [ntainer#0-0-C-1] org.apache.kafka.clients.NetworkClient   : [Consumer clientId=consumer-notification-service-1, groupId=notification-service] Error while fetching metadata with correlation id 631 : {souq.platform.events=UNKNOWN_TOPIC_OR_PARTITION, souq.publisher.events=UNKNOWN_TOPIC_OR_PARTITION}
2026-02-28T16:49:09.354+01:00  WARN 42770 --- [notification-service] [ntainer#0-0-C-1] org.apache.kafka.clients.NetworkClient   : [Consumer clientId=consumer-notification-service-1, groupId=notification-service] Error while fetching metadata with correlation id 633 : {souq.platform.events=UNKNOWN_TOPIC_OR_PARTITION, souq.publisher.events=UNKNOWN_TOPIC_OR_PARTITION}
2026-02-28T16:49:10.259+01:00  WARN 42770 --- [notification-service] [ntainer#0-0-C-1] org.apache.kafka.clients.NetworkClient   : [Consumer clientId=consumer-notification-service-1, groupId=notification-service] Error while fetching metadata with correlation id 634 : {souq.platform.events=UNKNOWN_TOPIC_OR_PARTITION, souq.publisher.events=UNKNOWN_TOPIC_OR_PARTITION}
2026-02-28T16:49:11.260+01:00  WARN 42770 --- [notification-service] [ntainer#0-0-C-1] org.apache.kafka.clients.NetworkClient   : [Consumer clientId=consumer-notification-service-1, groupId=notification-service] Error while fetching metadata with correlation id 635 : {souq.platform.events=UNKNOWN_TOPIC_OR_PARTITION, souq.publisher.events=UNKNOWN_TOPIC_OR_PARTITION}
2026-02-28T16:49:12.261+01:00  WARN 42770 --- [notification-service] [ntainer#0-0-C-1] org.apache.kafka.clients.NetworkClient   : [Consumer clientId=consumer-notification-service-1, groupId=notification-service] Error while fetching metadata with correlation id 637 : {souq.platform.events=UNKNOWN_TOPIC_OR_PARTITION, souq.publisher.events=UNKNOWN_TOPIC_OR_PARTITION}
2026-02-28T16:49:13.239+01:00  WARN 42770 --- [notification-service] [ntainer#0-0-C-1] org.apache.kafka.clients.NetworkClient   : [Consumer clientId=consumer-notification-service-1, groupId=notification-service] Error while fetching metadata with correlation id 638 : {souq.platform.events=UNKNOWN_TOPIC_OR_PARTITION, souq.publisher.events=UNKNOWN_TOPIC_OR_PARTITION}
2026-02-28T16:49:14.240+01:00  WARN 42770 --- [notification-service] [ntainer#0-0-C-1] org.apache.kafka.clients.NetworkClient   : [Consumer clientId=consumer-notification-service-1, groupId=notification-service] Error while fetching metadata with correlation id 639 : {souq.platform.events=UNKNOWN_TOPIC_OR_PARTITION, souq.publisher.events=UNKNOWN_TOPIC_OR_PARTITION}
2026-02-28T16:49:15.155+01:00  WARN 42770 --- [notification-service] [ntainer#0-0-C-1] org.apache.kafka.clients.NetworkClient   : [Consumer clientId=consumer-notification-service-1, groupId=notification-service] Error while fetching metadata with correlation id 641 : {souq.platform.events=UNKNOWN_TOPIC_OR_PARTITION, souq.publisher.events=UNKNOWN_TOPIC_OR_PARTITION}
2026-02-28T16:49:16.155+01:00  WARN 42770 --- [notification-service] [ntainer#0-0-C-1] org.apache.kafka.clients.NetworkClient   : [Consumer clientId=consumer-notification-service-1, groupId=notification-service] Error while fetching metadata with correlation id 642 : {souq.platform.events=UNKNOWN_TOPIC_OR_PARTITION, souq.publisher.events=UNKNOWN_TOPIC_OR_PARTITION}
2026-02-28T16:49:17.093+01:00  WARN 42770 --- [notification-service] [ntainer#0-0-C-1] org.apache.kafka.clients.NetworkClient   : [Consumer clientId=consumer-notification-service-1, groupId=notification-service] Error while fetching metadata with correlation id 643 : {souq.platform.events=UNKNOWN_TOPIC_OR_PARTITION, souq.publisher.events=UNKNOWN_TOPIC_OR_PARTITION}
2026-02-28T16:49:18.054+01:00  WARN 42770 --- [notification-service] [ntainer#0-0-C-1] org.apache.kafka.clients.NetworkClient   : [Consumer clientId=consumer-notification-service-1, groupId=notification-service] Error while fetching metadata with correlation id 645 : {souq.platform.events=UNKNOWN_TOPIC_OR_PARTITION, souq.publisher.events=UNKNOWN_TOPIC_OR_PARTITION}
2026-02-28T16:49:19.054+01:00  WARN 42770 --- [notification-service] [ntainer#0-0-C-1] org.apache.kafka.clients.NetworkClient   : [Consumer clientId=consumer-notification-service-1, groupId=notification-service] Error while fetching metadata with correlation id 646 : {souq.platform.events=UNKNOWN_TOPIC_OR_PARTITION, souq.publisher.events=UNKNOWN_TOPIC_OR_PARTITION}
2026-02-28T16:49:20.054+01:00  WARN 42770 --- [notification-service] [ntainer#0-0-C-1] org.apache.kafka.clients.NetworkClient   : [Consumer clientId=consumer-notification-service-1, groupId=notification-service] Error while fetching metadata with correlation id 647 : {souq.platform.events=UNKNOWN_TOPIC_OR_PARTITION, souq.publisher.events=UNKNOWN_TOPIC_OR_PARTITION}
2026-02-28T16:49:21.045+01:00  WARN 42770 --- [notification-service] [ntainer#0-0-C-1] org.apache.kafka.clients.NetworkClient   : [Consumer clientId=consumer-notification-service-1, groupId=notification-service] Error while fetching metadata with correlation id 649 : {souq.platform.events=UNKNOWN_TOPIC_OR_PARTITION, souq.publisher.events=UNKNOWN_TOPIC_OR_PARTITION}
2026-02-28T16:49:21.988+01:00  WARN 42770 --- [notification-service] [ntainer#0-0-C-1] org.apache.kafka.clients.NetworkClient   : [Consumer clientId=consumer-notification-service-1, groupId=notification-service] Error while fetching metadata with correlation id 650 : {souq.platform.events=UNKNOWN_TOPIC_OR_PARTITION, souq.publisher.events=UNKNOWN_TOPIC_OR_PARTITION}
2026-02-28T16:49:22.988+01:00  WARN 42770 --- [notification-service] [ntainer#0-0-C-1] org.apache.kafka.clients.NetworkClient   : [Consumer clientId=consumer-notification-service-1, groupId=notification-service] Error while fetching metadata with correlation id 651 : {souq.platform.events=UNKNOWN_TOPIC_OR_PARTITION, souq.publisher.events=UNKNOWN_TOPIC_OR_PARTITION}
2026-02-28T16:49:23.989+01:00  WARN 42770 --- [notification-service] [ntainer#0-0-C-1] org.apache.kafka.clients.NetworkClient   : [Consumer clientId=consumer-notification-service-1, groupId=notification-service] Error while fetching metadata with correlation id 653 : {souq.platform.events=UNKNOWN_TOPIC_OR_PARTITION, souq.publisher.events=UNKNOWN_TOPIC_OR_PARTITION}
2026-02-28T16:49:24.990+01:00  WARN 42770 --- [notification-service] [ntainer#0-0-C-1] org.apache.kafka.clients.NetworkClient   : [Consumer clientId=consumer-notification-service-1, groupId=notification-service] Error while fetching metadata with correlation id 654 : {souq.platform.events=UNKNOWN_TOPIC_OR_PARTITION, souq.publisher.events=UNKNOWN_TOPIC_OR_PARTITION}
2026-02-28T16:49:25.908+01:00  WARN 42770 --- [notification-service] [ntainer#0-0-C-1] org.apache.kafka.clients.NetworkClient   : [Consumer clientId=consumer-notification-service-1, groupId=notification-service] Error while fetching metadata with correlation id 655 : {souq.platform.events=UNKNOWN_TOPIC_OR_PARTITION, souq.publisher.events=UNKNOWN_TOPIC_OR_PARTITION}
2026-02-28T16:49:26.908+01:00  WARN 42770 --- [notification-service] [ntainer#0-0-C-1] org.apache.kafka.clients.NetworkClient   : [Consumer clientId=consumer-notification-service-1, groupId=notification-service] Error while fetching metadata with correlation id 657 : {souq.platform.events=UNKNOWN_TOPIC_OR_PARTITION, souq.publisher.events=UNKNOWN_TOPIC_OR_PARTITION}
2026-02-28T16:49:27.813+01:00  WARN 42770 --- [notification-service] [ntainer#0-0-C-1] org.apache.kafka.clients.NetworkClient   : [Consumer clientId=consumer-notification-service-1, groupId=notification-service] Error while fetching metadata with correlation id 658 : {souq.platform.events=UNKNOWN_TOPIC_OR_PARTITION, souq.publisher.events=UNKNOWN_TOPIC_OR_PARTITION}
2026-02-28T16:49:28.718+01:00  WARN 42770 --- [notification-service] [ntainer#0-0-C-1] org.apache.kafka.clients.NetworkClient   : [Consumer clientId=consumer-notification-service-1, groupId=notification-service] Error while fetching metadata with correlation id 659 : {souq.platform.events=UNKNOWN_TOPIC_OR_PARTITION, souq.publisher.events=UNKNOWN_TOPIC_OR_PARTITION}
2026-02-28T16:49:29.623+01:00  WARN 42770 --- [notification-service] [ntainer#0-0-C-1] org.apache.kafka.clients.NetworkClient   : [Consumer clientId=consumer-notification-service-1, groupId=notification-service] Error while fetching metadata with correlation id 660 : {souq.platform.events=UNKNOWN_TOPIC_OR_PARTITION, souq.publisher.events=UNKNOWN_TOPIC_OR_PARTITION}
2026-02-28T16:49:30.459+01:00  WARN 42770 --- [notification-service] [ntainer#0-0-C-1] org.apache.kafka.clients.NetworkClient   : [Consumer clientId=consumer-notification-service-1, groupId=notification-service] Error while fetching metadata with correlation id 662 : {souq.platform.events=UNKNOWN_TOPIC_OR_PARTITION, souq.publisher.events=UNKNOWN_TOPIC_OR_PARTITION}
2026-02-28T16:49:31.460+01:00  WARN 42770 --- [notification-service] [ntainer#0-0-C-1] org.apache.kafka.clients.NetworkClient   : [Consumer clientId=consumer-notification-service-1, groupId=notification-service] Error while fetching metadata with correlation id 663 : {souq.platform.events=UNKNOWN_TOPIC_OR_PARTITION, souq.publisher.events=UNKNOWN_TOPIC_OR_PARTITION}
2026-02-28T16:49:32.435+01:00  WARN 42770 --- [notification-service] [ntainer#0-0-C-1] org.apache.kafka.clients.NetworkClient   : [Consumer clientId=consumer-notification-service-1, groupId=notification-service] Error while fetching metadata with correlation id 664 : {souq.platform.events=UNKNOWN_TOPIC_OR_PARTITION, souq.publisher.events=UNKNOWN_TOPIC_OR_PARTITION}
2026-02-28T16:49:33.367+01:00  WARN 42770 --- [notification-service] [ntainer#0-0-C-1] org.apache.kafka.clients.NetworkClient   : [Consumer clientId=consumer-notification-service-1, groupId=notification-service] Error while fetching metadata with correlation id 666 : {souq.platform.events=UNKNOWN_TOPIC_OR_PARTITION, souq.publisher.events=UNKNOWN_TOPIC_OR_PARTITION}
2026-02-28T16:49:34.303+01:00  WARN 42770 --- [notification-service] [ntainer#0-0-C-1] org.apache.kafka.clients.NetworkClient   : [Consumer clientId=consumer-notification-service-1, groupId=notification-service] Error while fetching metadata with correlation id 667 : {souq.platform.events=UNKNOWN_TOPIC_OR_PARTITION, souq.publisher.events=UNKNOWN_TOPIC_OR_PARTITION}
2026-02-28T16:49:35.304+01:00  WARN 42770 --- [notification-service] [ntainer#0-0-C-1] org.apache.kafka.clients.NetworkClient   : [Consumer clientId=consumer-notification-service-1, groupId=notification-service] Error while fetching metadata with correlation id 668 : {souq.platform.events=UNKNOWN_TOPIC_OR_PARTITION, souq.publisher.events=UNKNOWN_TOPIC_OR_PARTITION}
2026-02-28T16:49:36.157+01:00  WARN 42770 --- [notification-service] [ntainer#0-0-C-1] org.apache.kafka.clients.NetworkClient   : [Consumer clientId=consumer-notification-service-1, groupId=notification-service] Error while fetching metadata with correlation id 670 : {souq.platform.events=UNKNOWN_TOPIC_OR_PARTITION, souq.publisher.events=UNKNOWN_TOPIC_OR_PARTITION}
2026-02-28T16:49:36.995+01:00  WARN 42770 --- [notification-service] [ntainer#0-0-C-1] org.apache.kafka.clients.NetworkClient   : [Consumer clientId=consumer-notification-service-1, groupId=notification-service] Error while fetching metadata with correlation id 671 : {souq.platform.events=UNKNOWN_TOPIC_OR_PARTITION, souq.publisher.events=UNKNOWN_TOPIC_OR_PARTITION}
2026-02-28T16:49:37.901+01:00  WARN 42770 --- [notification-service] [ntainer#0-0-C-1] org.apache.kafka.clients.NetworkClient   : [Consumer clientId=consumer-notification-service-1, groupId=notification-service] Error while fetching metadata with correlation id 672 : {souq.platform.events=UNKNOWN_TOPIC_OR_PARTITION, souq.publisher.events=UNKNOWN_TOPIC_OR_PARTITION}
2026-02-28T16:49:38.902+01:00  WARN 42770 --- [notification-service] [ntainer#0-0-C-1] org.apache.kafka.clients.NetworkClient   : [Consumer clientId=consumer-notification-service-1, groupId=notification-service] Error while fetching metadata with correlation id 674 : {souq.platform.events=UNKNOWN_TOPIC_OR_PARTITION, souq.publisher.events=UNKNOWN_TOPIC_OR_PARTITION}
2026-02-28T16:49:39.903+01:00  WARN 42770 --- [notification-service] [ntainer#0-0-C-1] org.apache.kafka.clients.NetworkClient   : [Consumer clientId=consumer-notification-service-1, groupId=notification-service] Error while fetching metadata with correlation id 675 : {souq.platform.events=UNKNOWN_TOPIC_OR_PARTITION, souq.publisher.events=UNKNOWN_TOPIC_OR_PARTITION}
2026-02-28T16:49:40.808+01:00  WARN 42770 --- [notification-service] [ntainer#0-0-C-1] org.apache.kafka.clients.NetworkClient   : [Consumer clientId=consumer-notification-service-1, groupId=notification-service] Error while fetching metadata with correlation id 676 : {souq.platform.events=UNKNOWN_TOPIC_OR_PARTITION, souq.publisher.events=UNKNOWN_TOPIC_OR_PARTITION}
2026-02-28T16:49:41.808+01:00  WARN 42770 --- [notification-service] [ntainer#0-0-C-1] org.apache.kafka.clients.NetworkClient   : [Consumer clientId=consumer-notification-service-1, groupId=notification-service] Error while fetching metadata with correlation id 678 : {souq.platform.events=UNKNOWN_TOPIC_OR_PARTITION, souq.publisher.events=UNKNOWN_TOPIC_OR_PARTITION}
2026-02-28T16:49:42.809+01:00  WARN 42770 --- [notification-service] [ntainer#0-0-C-1] org.apache.kafka.clients.NetworkClient   : [Consumer clientId=consumer-notification-service-1, groupId=notification-service] Error while fetching metadata with correlation id 679 : {souq.platform.events=UNKNOWN_TOPIC_OR_PARTITION, souq.publisher.events=UNKNOWN_TOPIC_OR_PARTITION}
2026-02-28T16:49:43.810+01:00  WARN 42770 --- [notification-service] [ntainer#0-0-C-1] org.apache.kafka.clients.NetworkClient   : [Consumer clientId=consumer-notification-service-1, groupId=notification-service] Error while fetching metadata with correlation id 680 : {souq.platform.events=UNKNOWN_TOPIC_OR_PARTITION, souq.publisher.events=UNKNOWN_TOPIC_OR_PARTITION}
2026-02-28T16:49:44.657+01:00  WARN 42770 --- [notification-service] [ntainer#0-0-C-1] org.apache.kafka.clients.NetworkClient   : [Consumer clientId=consumer-notification-service-1, groupId=notification-service] Error while fetching metadata with correlation id 681 : {souq.platform.events=UNKNOWN_TOPIC_OR_PARTITION, souq.publisher.events=UNKNOWN_TOPIC_OR_PARTITION}
2026-02-28T16:49:45.561+01:00  WARN 42770 --- [notification-service] [ntainer#0-0-C-1] org.apache.kafka.clients.NetworkClient   : [Consumer clientId=consumer-notification-service-1, groupId=notification-service] Error while fetching metadata with correlation id 683 : {souq.platform.events=UNKNOWN_TOPIC_OR_PARTITION, souq.publisher.events=UNKNOWN_TOPIC_OR_PARTITION}
2026-02-28T16:49:46.493+01:00  WARN 42770 --- [notification-service] [ntainer#0-0-C-1] org.apache.kafka.clients.NetworkClient   : [Consumer clientId=consumer-notification-service-1, groupId=notification-service] Error while fetching metadata with correlation id 684 : {souq.platform.events=UNKNOWN_TOPIC_OR_PARTITION, souq.publisher.events=UNKNOWN_TOPIC_OR_PARTITION}
2026-02-28T16:49:47.490+01:00  WARN 42770 --- [notification-service] [ntainer#0-0-C-1] org.apache.kafka.clients.NetworkClient   : [Consumer clientId=consumer-notification-service-1, groupId=notification-service] Error while fetching metadata with correlation id 685 : {souq.platform.events=UNKNOWN_TOPIC_OR_PARTITION, souq.publisher.events=UNKNOWN_TOPIC_OR_PARTITION}
2026-02-28T16:49:48.361+01:00  WARN 42770 --- [notification-service] [ntainer#0-0-C-1] org.apache.kafka.clients.NetworkClient   : [Consumer clientId=consumer-notification-service-1, groupId=notification-service] Error while fetching metadata with correlation id 687 : {souq.platform.events=UNKNOWN_TOPIC_OR_PARTITION, souq.publisher.events=UNKNOWN_TOPIC_OR_PARTITION}
2026-02-28T16:49:49.300+01:00  WARN 42770 --- [notification-service] [ntainer#0-0-C-1] org.apache.kafka.clients.NetworkClient   : [Consumer clientId=consumer-notification-service-1, groupId=notification-service] Error while fetching metadata with correlation id 688 : {souq.platform.events=UNKNOWN_TOPIC_OR_PARTITION, souq.publisher.events=UNKNOWN_TOPIC_OR_PARTITION}
2026-02-28T16:49:50.301+01:00  WARN 42770 --- [notification-service] [ntainer#0-0-C-1] org.apache.kafka.clients.NetworkClient   : [Consumer clientId=consumer-notification-service-1, groupId=notification-service] Error while fetching metadata with correlation id 689 : {souq.platform.events=UNKNOWN_TOPIC_OR_PARTITION, souq.publisher.events=UNKNOWN_TOPIC_OR_PARTITION}
2026-02-28T16:49:51.302+01:00  WARN 42770 --- [notification-service] [ntainer#0-0-C-1] org.apache.kafka.clients.NetworkClient   : [Consumer clientId=consumer-notification-service-1, groupId=notification-service] Error while fetching metadata with correlation id 691 : {souq.platform.events=UNKNOWN_TOPIC_OR_PARTITION, souq.publisher.events=UNKNOWN_TOPIC_OR_PARTITION}
2026-02-28T16:49:52.197+01:00  WARN 42770 --- [notification-service] [ntainer#0-0-C-1] org.apache.kafka.clients.NetworkClient   : [Consumer clientId=consumer-notification-service-1, groupId=notification-service] Error while fetching metadata with correlation id 692 : {souq.platform.events=UNKNOWN_TOPIC_OR_PARTITION, souq.publisher.events=UNKNOWN_TOPIC_OR_PARTITION}
2026-02-28T16:49:53.152+01:00  WARN 42770 --- [notification-service] [ntainer#0-0-C-1] org.apache.kafka.clients.NetworkClient   : [Consumer clientId=consumer-notification-service-1, groupId=notification-service] Error while fetching metadata with correlation id 693 : {souq.platform.events=UNKNOWN_TOPIC_OR_PARTITION, souq.publisher.events=UNKNOWN_TOPIC_OR_PARTITION}
2026-02-28T16:49:54.098+01:00  WARN 42770 --- [notification-service] [ntainer#0-0-C-1] org.apache.kafka.clients.NetworkClient   : [Consumer clientId=consumer-notification-service-1, groupId=notification-service] Error while fetching metadata with correlation id 695 : {souq.platform.events=UNKNOWN_TOPIC_OR_PARTITION, souq.publisher.events=UNKNOWN_TOPIC_OR_PARTITION}
2026-02-28T16:49:55.003+01:00  WARN 42770 --- [notification-service] [ntainer#0-0-C-1] org.apache.kafka.clients.NetworkClient   : [Consumer clientId=consumer-notification-service-1, groupId=notification-service] Error while fetching metadata with correlation id 696 : {souq.platform.events=UNKNOWN_TOPIC_OR_PARTITION, souq.publisher.events=UNKNOWN_TOPIC_OR_PARTITION}
2026-02-28T16:49:55.913+01:00  WARN 42770 --- [notification-service] [ntainer#0-0-C-1] org.apache.kafka.clients.NetworkClient   : [Consumer clientId=consumer-notification-service-1, groupId=notification-service] Error while fetching metadata with correlation id 697 : {souq.platform.events=UNKNOWN_TOPIC_OR_PARTITION, souq.publisher.events=UNKNOWN_TOPIC_OR_PARTITION}
2026-02-28T16:49:56.860+01:00  WARN 42770 --- [notification-service] [ntainer#0-0-C-1] org.apache.kafka.clients.NetworkClient   : [Consumer clientId=consumer-notification-service-1, groupId=notification-service] Error while fetching metadata with correlation id 699 : {souq.platform.events=UNKNOWN_TOPIC_OR_PARTITION, souq.publisher.events=UNKNOWN_TOPIC_OR_PARTITION}
2026-02-28T16:49:57.861+01:00  WARN 42770 --- [notification-service] [ntainer#0-0-C-1] org.apache.kafka.clients.NetworkClient   : [Consumer clientId=consumer-notification-service-1, groupId=notification-service] Error while fetching metadata with correlation id 700 : {souq.platform.events=UNKNOWN_TOPIC_OR_PARTITION, souq.publisher.events=UNKNOWN_TOPIC_OR_PARTITION}
2026-02-28T16:49:58.852+01:00  WARN 42770 --- [notification-service] [ntainer#0-0-C-1] org.apache.kafka.clients.NetworkClient   : [Consumer clientId=consumer-notification-service-1, groupId=notification-service] Error while fetching metadata with correlation id 701 : {souq.platform.events=UNKNOWN_TOPIC_OR_PARTITION, souq.publisher.events=UNKNOWN_TOPIC_OR_PARTITION}
2026-02-28T16:49:59.742+01:00  WARN 42770 --- [notification-service] [ntainer#0-0-C-1] org.apache.kafka.clients.NetworkClient   : [Consumer clientId=consumer-notification-service-1, groupId=notification-service] Error while fetching metadata with correlation id 703 : {souq.platform.events=UNKNOWN_TOPIC_OR_PARTITION, souq.publisher.events=UNKNOWN_TOPIC_OR_PARTITION}
2026-02-28T16:50:00.742+01:00  WARN 42770 --- [notification-service] [ntainer#0-0-C-1] org.apache.kafka.clients.NetworkClient   : [Consumer clientId=consumer-notification-service-1, groupId=notification-service] Error while fetching metadata with correlation id 704 : {souq.platform.events=UNKNOWN_TOPIC_OR_PARTITION, souq.publisher.events=UNKNOWN_TOPIC_OR_PARTITION}
2026-02-28T16:50:01.596+01:00  WARN 42770 --- [notification-service] [ntainer#0-0-C-1] org.apache.kafka.clients.NetworkClient   : [Consumer clientId=consumer-notification-service-1, groupId=notification-service] Error while fetching metadata with correlation id 705 : {souq.platform.events=UNKNOWN_TOPIC_OR_PARTITION, souq.publisher.events=UNKNOWN_TOPIC_OR_PARTITION}
2026-02-28T16:50:02.596+01:00  WARN 42770 --- [notification-service] [ntainer#0-0-C-1] org.apache.kafka.clients.NetworkClient   : [Consumer clientId=consumer-notification-service-1, groupId=notification-service] Error while fetching metadata with correlation id 706 : {souq.platform.events=UNKNOWN_TOPIC_OR_PARTITION, souq.publisher.events=UNKNOWN_TOPIC_OR_PARTITION}
2026-02-28T16:50:03.597+01:00  WARN 42770 --- [notification-service] [ntainer#0-0-C-1] org.apache.kafka.clients.NetworkClient   : [Consumer clientId=consumer-notification-service-1, groupId=notification-service] Error while fetching metadata with correlation id 708 : {souq.platform.events=UNKNOWN_TOPIC_OR_PARTITION, souq.publisher.events=UNKNOWN_TOPIC_OR_PARTITION}
2026-02-28T16:50:04.597+01:00  WARN 42770 --- [notification-service] [ntainer#0-0-C-1] org.apache.kafka.clients.NetworkClient   : [Consumer clientId=consumer-notification-service-1, groupId=notification-service] Error while fetching metadata with correlation id 709 : {souq.platform.events=UNKNOWN_TOPIC_OR_PARTITION, souq.publisher.events=UNKNOWN_TOPIC_OR_PARTITION}
2026-02-28T16:50:05.502+01:00  WARN 42770 --- [notification-service] [ntainer#0-0-C-1] org.apache.kafka.clients.NetworkClient   : [Consumer clientId=consumer-notification-service-1, groupId=notification-service] Error while fetching metadata with correlation id 710 : {souq.platform.events=UNKNOWN_TOPIC_OR_PARTITION, souq.publisher.events=UNKNOWN_TOPIC_OR_PARTITION}
2026-02-28T16:50:06.496+01:00  WARN 42770 --- [notification-service] [ntainer#0-0-C-1] org.apache.kafka.clients.NetworkClient   : [Consumer clientId=consumer-notification-service-1, groupId=notification-service] Error while fetching metadata with correlation id 712 : {souq.platform.events=UNKNOWN_TOPIC_OR_PARTITION, souq.publisher.events=UNKNOWN_TOPIC_OR_PARTITION}
2026-02-28T16:50:07.400+01:00  WARN 42770 --- [notification-service] [ntainer#0-0-C-1] org.apache.kafka.clients.NetworkClient   : [Consumer clientId=consumer-notification-service-1, groupId=notification-service] Error while fetching metadata with correlation id 713 : {souq.platform.events=UNKNOWN_TOPIC_OR_PARTITION, souq.publisher.events=UNKNOWN_TOPIC_OR_PARTITION}
2026-02-28T16:50:08.306+01:00  WARN 42770 --- [notification-service] [ntainer#0-0-C-1] org.apache.kafka.clients.NetworkClient   : [Consumer clientId=consumer-notification-service-1, groupId=notification-service] Error while fetching metadata with correlation id 714 : {souq.platform.events=UNKNOWN_TOPIC_OR_PARTITION, souq.publisher.events=UNKNOWN_TOPIC_OR_PARTITION}
2026-02-28T16:50:09.265+01:00  WARN 42770 --- [notification-service] [ntainer#0-0-C-1] org.apache.kafka.clients.NetworkClient   : [Consumer clientId=consumer-notification-service-1, groupId=notification-service] Error while fetching metadata with correlation id 716 : {souq.platform.events=UNKNOWN_TOPIC_OR_PARTITION, souq.publisher.events=UNKNOWN_TOPIC_OR_PARTITION}
2026-02-28T16:50:10.266+01:00  WARN 42770 --- [notification-service] [ntainer#0-0-C-1] org.apache.kafka.clients.NetworkClient   : [Consumer clientId=consumer-notification-service-1, groupId=notification-service] Error while fetching metadata with correlation id 717 : {souq.platform.events=UNKNOWN_TOPIC_OR_PARTITION, souq.publisher.events=UNKNOWN_TOPIC_OR_PARTITION}
2026-02-28T16:50:11.267+01:00  WARN 42770 --- [notification-service] [ntainer#0-0-C-1] org.apache.kafka.clients.NetworkClient   : [Consumer clientId=consumer-notification-service-1, groupId=notification-service] Error while fetching metadata with correlation id 718 : {souq.platform.events=UNKNOWN_TOPIC_OR_PARTITION, souq.publisher.events=UNKNOWN_TOPIC_OR_PARTITION}
2026-02-28T16:50:12.166+01:00  WARN 42770 --- [notification-service] [ntainer#0-0-C-1] org.apache.kafka.clients.NetworkClient   : [Consumer clientId=consumer-notification-service-1, groupId=notification-service] Error while fetching metadata with correlation id 720 : {souq.platform.events=UNKNOWN_TOPIC_OR_PARTITION, souq.publisher.events=UNKNOWN_TOPIC_OR_PARTITION}
2026-02-28T16:50:13.167+01:00  WARN 42770 --- [notification-service] [ntainer#0-0-C-1] org.apache.kafka.clients.NetworkClient   : [Consumer clientId=consumer-notification-service-1, groupId=notification-service] Error while fetching metadata with correlation id 721 : {souq.platform.events=UNKNOWN_TOPIC_OR_PARTITION, souq.publisher.events=UNKNOWN_TOPIC_OR_PARTITION}
2026-02-28T16:50:14.072+01:00  WARN 42770 --- [notification-service] [ntainer#0-0-C-1] org.apache.kafka.clients.NetworkClient   : [Consumer clientId=consumer-notification-service-1, groupId=notification-service] Error while fetching metadata with correlation id 722 : {souq.platform.events=UNKNOWN_TOPIC_OR_PARTITION, souq.publisher.events=UNKNOWN_TOPIC_OR_PARTITION}
2026-02-28T16:50:14.966+01:00  WARN 42770 --- [notification-service] [ntainer#0-0-C-1] org.apache.kafka.clients.NetworkClient   : [Consumer clientId=consumer-notification-service-1, groupId=notification-service] Error while fetching metadata with correlation id 724 : {souq.platform.events=UNKNOWN_TOPIC_OR_PARTITION, souq.publisher.events=UNKNOWN_TOPIC_OR_PARTITION}
2026-02-28T16:50:15.871+01:00  WARN 42770 --- [notification-service] [ntainer#0-0-C-1] org.apache.kafka.clients.NetworkClient   : [Consumer clientId=consumer-notification-service-1, groupId=notification-service] Error while fetching metadata with correlation id 725 : {souq.platform.events=UNKNOWN_TOPIC_OR_PARTITION, souq.publisher.events=UNKNOWN_TOPIC_OR_PARTITION}
2026-02-28T16:50:16.797+01:00  WARN 42770 --- [notification-service] [ntainer#0-0-C-1] org.apache.kafka.clients.NetworkClient   : [Consumer clientId=consumer-notification-service-1, groupId=notification-service] Error while fetching metadata with correlation id 726 : {souq.platform.events=UNKNOWN_TOPIC_OR_PARTITION, souq.publisher.events=UNKNOWN_TOPIC_OR_PARTITION}
2026-02-28T16:50:17.664+01:00  WARN 42770 --- [notification-service] [ntainer#0-0-C-1] org.apache.kafka.clients.NetworkClient   : [Consumer clientId=consumer-notification-service-1, groupId=notification-service] Error while fetching metadata with correlation id 728 : {souq.platform.events=UNKNOWN_TOPIC_OR_PARTITION, souq.publisher.events=UNKNOWN_TOPIC_OR_PARTITION}
2026-02-28T16:50:18.568+01:00  WARN 42770 --- [notification-service] [ntainer#0-0-C-1] org.apache.kafka.clients.NetworkClient   : [Consumer clientId=consumer-notification-service-1, groupId=notification-service] Error while fetching metadata with correlation id 729 : {souq.platform.events=UNKNOWN_TOPIC_OR_PARTITION, souq.publisher.events=UNKNOWN_TOPIC_OR_PARTITION}
2026-02-28T16:50:19.569+01:00  WARN 42770 --- [notification-service] [ntainer#0-0-C-1] org.apache.kafka.clients.NetworkClient   : [Consumer clientId=consumer-notification-service-1, groupId=notification-service] Error while fetching metadata with correlation id 730 : {souq.platform.events=UNKNOWN_TOPIC_OR_PARTITION, souq.publisher.events=UNKNOWN_TOPIC_OR_PARTITION}
2026-02-28T16:50:20.508+01:00  WARN 42770 --- [notification-service] [ntainer#0-0-C-1] org.apache.kafka.clients.NetworkClient   : [Consumer clientId=consumer-notification-service-1, groupId=notification-service] Error while fetching metadata with correlation id 731 : {souq.platform.events=UNKNOWN_TOPIC_OR_PARTITION, souq.publisher.events=UNKNOWN_TOPIC_OR_PARTITION}
2026-02-28T16:50:21.467+01:00  WARN 42770 --- [notification-service] [ntainer#0-0-C-1] org.apache.kafka.clients.NetworkClient   : [Consumer clientId=consumer-notification-service-1, groupId=notification-service] Error while fetching metadata with correlation id 733 : {souq.platform.events=UNKNOWN_TOPIC_OR_PARTITION, souq.publisher.events=UNKNOWN_TOPIC_OR_PARTITION}
2026-02-28T16:50:22.400+01:00  WARN 42770 --- [notification-service] [ntainer#0-0-C-1] org.apache.kafka.clients.NetworkClient   : [Consumer clientId=consumer-notification-service-1, groupId=notification-service] Error while fetching metadata with correlation id 734 : {souq.platform.events=UNKNOWN_TOPIC_OR_PARTITION, souq.publisher.events=UNKNOWN_TOPIC_OR_PARTITION}
2026-02-28T16:50:23.401+01:00  WARN 42770 --- [notification-service] [ntainer#0-0-C-1] org.apache.kafka.clients.NetworkClient   : [Consumer clientId=consumer-notification-service-1, groupId=notification-service] Error while fetching metadata with correlation id 735 : {souq.platform.events=UNKNOWN_TOPIC_OR_PARTITION, souq.publisher.events=UNKNOWN_TOPIC_OR_PARTITION}
2026-02-28T16:50:24.368+01:00  WARN 42770 --- [notification-service] [ntainer#0-0-C-1] org.apache.kafka.clients.NetworkClient   : [Consumer clientId=consumer-notification-service-1, groupId=notification-service] Error while fetching metadata with correlation id 737 : {souq.platform.events=UNKNOWN_TOPIC_OR_PARTITION, souq.publisher.events=UNKNOWN_TOPIC_OR_PARTITION}
2026-02-28T16:50:25.273+01:00  WARN 42770 --- [notification-service] [ntainer#0-0-C-1] org.apache.kafka.clients.NetworkClient   : [Consumer clientId=consumer-notification-service-1, groupId=notification-service] Error while fetching metadata with correlation id 738 : {souq.platform.events=UNKNOWN_TOPIC_OR_PARTITION, souq.publisher.events=UNKNOWN_TOPIC_OR_PARTITION}
2026-02-28T16:50:26.273+01:00  WARN 42770 --- [notification-service] [ntainer#0-0-C-1] org.apache.kafka.clients.NetworkClient   : [Consumer clientId=consumer-notification-service-1, groupId=notification-service] Error while fetching metadata with correlation id 739 : {souq.platform.events=UNKNOWN_TOPIC_OR_PARTITION, souq.publisher.events=UNKNOWN_TOPIC_OR_PARTITION}
2026-02-28T16:50:27.274+01:00  WARN 42770 --- [notification-service] [ntainer#0-0-C-1] org.apache.kafka.clients.NetworkClient   : [Consumer clientId=consumer-notification-service-1, groupId=notification-service] Error while fetching metadata with correlation id 741 : {souq.platform.events=UNKNOWN_TOPIC_OR_PARTITION, souq.publisher.events=UNKNOWN_TOPIC_OR_PARTITION}
2026-02-28T16:50:28.266+01:00  WARN 42770 --- [notification-service] [ntainer#0-0-C-1] org.apache.kafka.clients.NetworkClient   : [Consumer clientId=consumer-notification-service-1, groupId=notification-service] Error while fetching metadata with correlation id 742 : {souq.platform.events=UNKNOWN_TOPIC_OR_PARTITION, souq.publisher.events=UNKNOWN_TOPIC_OR_PARTITION}
2026-02-28T16:50:29.266+01:00  WARN 42770 --- [notification-service] [ntainer#0-0-C-1] org.apache.kafka.clients.NetworkClient   : [Consumer clientId=consumer-notification-service-1, groupId=notification-service] Error while fetching metadata with correlation id 743 : {souq.platform.events=UNKNOWN_TOPIC_OR_PARTITION, souq.publisher.events=UNKNOWN_TOPIC_OR_PARTITION}
2026-02-28T16:50:30.267+01:00  WARN 42770 --- [notification-service] [ntainer#0-0-C-1] org.apache.kafka.clients.NetworkClient   : [Consumer clientId=consumer-notification-service-1, groupId=notification-service] Error while fetching metadata with correlation id 745 : {souq.platform.events=UNKNOWN_TOPIC_OR_PARTITION, souq.publisher.events=UNKNOWN_TOPIC_OR_PARTITION}
2026-02-28T16:50:31.232+01:00  WARN 42770 --- [notification-service] [ntainer#0-0-C-1] org.apache.kafka.clients.NetworkClient   : [Consumer clientId=consumer-notification-service-1, groupId=notification-service] Error while fetching metadata with correlation id 746 : {souq.platform.events=UNKNOWN_TOPIC_OR_PARTITION, souq.publisher.events=UNKNOWN_TOPIC_OR_PARTITION}
2026-02-28T16:50:32.099+01:00  WARN 42770 --- [notification-service] [ntainer#0-0-C-1] org.apache.kafka.clients.NetworkClient   : [Consumer clientId=consumer-notification-service-1, groupId=notification-service] Error while fetching metadata with correlation id 747 : {souq.platform.events=UNKNOWN_TOPIC_OR_PARTITION, souq.publisher.events=UNKNOWN_TOPIC_OR_PARTITION}
2026-02-28T16:50:33.100+01:00  WARN 42770 --- [notification-service] [ntainer#0-0-C-1] org.apache.kafka.clients.NetworkClient   : [Consumer clientId=consumer-notification-service-1, groupId=notification-service] Error while fetching metadata with correlation id 749 : {souq.platform.events=UNKNOWN_TOPIC_OR_PARTITION, souq.publisher.events=UNKNOWN_TOPIC_OR_PARTITION}
2026-02-28T16:50:34.101+01:00  WARN 42770 --- [notification-service] [ntainer#0-0-C-1] org.apache.kafka.clients.NetworkClient   : [Consumer clientId=consumer-notification-service-1, groupId=notification-service] Error while fetching metadata with correlation id 750 : {souq.platform.events=UNKNOWN_TOPIC_OR_PARTITION, souq.publisher.events=UNKNOWN_TOPIC_OR_PARTITION}
2026-02-28T16:50:35.102+01:00  WARN 42770 --- [notification-service] [ntainer#0-0-C-1] org.apache.kafka.clients.NetworkClient   : [Consumer clientId=consumer-notification-service-1, groupId=notification-service] Error while fetching metadata with correlation id 751 : {souq.platform.events=UNKNOWN_TOPIC_OR_PARTITION, souq.publisher.events=UNKNOWN_TOPIC_OR_PARTITION}
2026-02-28T16:50:36.102+01:00  WARN 42770 --- [notification-service] [ntainer#0-0-C-1] org.apache.kafka.clients.NetworkClient   : [Consumer clientId=consumer-notification-service-1, groupId=notification-service] Error while fetching metadata with correlation id 753 : {souq.platform.events=UNKNOWN_TOPIC_OR_PARTITION, souq.publisher.events=UNKNOWN_TOPIC_OR_PARTITION}
2026-02-28T16:50:37.103+01:00  WARN 42770 --- [notification-service] [ntainer#0-0-C-1] org.apache.kafka.clients.NetworkClient   : [Consumer clientId=consumer-notification-service-1, groupId=notification-service] Error while fetching metadata with correlation id 754 : {souq.platform.events=UNKNOWN_TOPIC_OR_PARTITION, souq.publisher.events=UNKNOWN_TOPIC_OR_PARTITION}
2026-02-28T16:50:38.104+01:00  WARN 42770 --- [notification-service] [ntainer#0-0-C-1] org.apache.kafka.clients.NetworkClient   : [Consumer clientId=consumer-notification-service-1, groupId=notification-service] Error while fetching metadata with correlation id 755 : {souq.platform.events=UNKNOWN_TOPIC_OR_PARTITION, souq.publisher.events=UNKNOWN_TOPIC_OR_PARTITION}
2026-02-28T16:50:39.101+01:00  WARN 42770 --- [notification-service] [ntainer#0-0-C-1] org.apache.kafka.clients.NetworkClient   : [Consumer clientId=consumer-notification-service-1, groupId=notification-service] Error while fetching metadata with correlation id 757 : {souq.platform.events=UNKNOWN_TOPIC_OR_PARTITION, souq.publisher.events=UNKNOWN_TOPIC_OR_PARTITION}
2026-02-28T16:50:40.006+01:00  WARN 42770 --- [notification-service] [ntainer#0-0-C-1] org.apache.kafka.clients.NetworkClient   : [Consumer clientId=consumer-notification-service-1, groupId=notification-service] Error while fetching metadata with correlation id 758 : {souq.platform.events=UNKNOWN_TOPIC_OR_PARTITION, souq.publisher.events=UNKNOWN_TOPIC_OR_PARTITION}
2026-02-28T16:50:41.003+01:00  WARN 42770 --- [notification-service] [ntainer#0-0-C-1] org.apache.kafka.clients.NetworkClient   : [Consumer clientId=consumer-notification-service-1, groupId=notification-service] Error while fetching metadata with correlation id 759 : {souq.platform.events=UNKNOWN_TOPIC_OR_PARTITION, souq.publisher.events=UNKNOWN_TOPIC_OR_PARTITION}
2026-02-28T16:50:41.599+01:00  INFO 42770 --- [notification-service] [ntainer#0-0-C-1] org.apache.kafka.clients.NetworkClient   : [Consumer clientId=consumer-notification-service-1, groupId=notification-service] Node -1 disconnected.
2026-02-28T16:50:41.869+01:00  WARN 42770 --- [notification-service] [ntainer#0-0-C-1] org.apache.kafka.clients.NetworkClient   : [Consumer clientId=consumer-notification-service-1, groupId=notification-service] Error while fetching metadata with correlation id 761 : {souq.platform.events=UNKNOWN_TOPIC_OR_PARTITION, souq.publisher.events=UNKNOWN_TOPIC_OR_PARTITION}
2026-02-28T16:50:42.870+01:00  WARN 42770 --- [notification-service] [ntainer#0-0-C-1] org.apache.kafka.clients.NetworkClient   : [Consumer clientId=consumer-notification-service-1, groupId=notification-service] Error while fetching metadata with correlation id 762 : {souq.platform.events=UNKNOWN_TOPIC_OR_PARTITION, souq.publisher.events=UNKNOWN_TOPIC_OR_PARTITION}
2026-02-28T16:50:43.776+01:00  WARN 42770 --- [notification-service] [ntainer#0-0-C-1] org.apache.kafka.clients.NetworkClient   : [Consumer clientId=consumer-notification-service-1, groupId=notification-service] Error while fetching metadata with correlation id 763 : {souq.platform.events=UNKNOWN_TOPIC_OR_PARTITION, souq.publisher.events=UNKNOWN_TOPIC_OR_PARTITION}
2026-02-28T16:50:44.668+01:00  WARN 42770 --- [notification-service] [ntainer#0-0-C-1] org.apache.kafka.clients.NetworkClient   : [Consumer clientId=consumer-notification-service-1, groupId=notification-service] Error while fetching metadata with correlation id 765 : {souq.platform.events=UNKNOWN_TOPIC_OR_PARTITION, souq.publisher.events=UNKNOWN_TOPIC_OR_PARTITION}
2026-02-28T16:50:45.669+01:00  WARN 42770 --- [notification-service] [ntainer#0-0-C-1] org.apache.kafka.clients.NetworkClient   : [Consumer clientId=consumer-notification-service-1, groupId=notification-service] Error while fetching metadata with correlation id 766 : {souq.platform.events=UNKNOWN_TOPIC_OR_PARTITION, souq.publisher.events=UNKNOWN_TOPIC_OR_PARTITION}
2026-02-28T16:50:46.599+01:00  WARN 42770 --- [notification-service] [ntainer#0-0-C-1] org.apache.kafka.clients.NetworkClient   : [Consumer clientId=consumer-notification-service-1, groupId=notification-service] Error while fetching metadata with correlation id 767 : {souq.platform.events=UNKNOWN_TOPIC_OR_PARTITION, souq.publisher.events=UNKNOWN_TOPIC_OR_PARTITION}
2026-02-28T16:50:47.600+01:00  WARN 42770 --- [notification-service] [ntainer#0-0-C-1] org.apache.kafka.clients.NetworkClient   : [Consumer clientId=consumer-notification-service-1, groupId=notification-service] Error while fetching metadata with correlation id 768 : {souq.platform.events=UNKNOWN_TOPIC_OR_PARTITION, souq.publisher.events=UNKNOWN_TOPIC_OR_PARTITION}
2026-02-28T16:50:48.601+01:00  WARN 42770 --- [notification-service] [ntainer#0-0-C-1] org.apache.kafka.clients.NetworkClient   : [Consumer clientId=consumer-notification-service-1, groupId=notification-service] Error while fetching metadata with correlation id 770 : {souq.platform.events=UNKNOWN_TOPIC_OR_PARTITION, souq.publisher.events=UNKNOWN_TOPIC_OR_PARTITION}
2026-02-28T16:50:49.506+01:00  WARN 42770 --- [notification-service] [ntainer#0-0-C-1] org.apache.kafka.clients.NetworkClient   : [Consumer clientId=consumer-notification-service-1, groupId=notification-service] Error while fetching metadata with correlation id 771 : {souq.platform.events=UNKNOWN_TOPIC_OR_PARTITION, souq.publisher.events=UNKNOWN_TOPIC_OR_PARTITION}
2026-02-28T16:50:50.506+01:00  WARN 42770 --- [notification-service] [ntainer#0-0-C-1] org.apache.kafka.clients.NetworkClient   : [Consumer clientId=consumer-notification-service-1, groupId=notification-service] Error while fetching metadata with correlation id 772 : {souq.platform.events=UNKNOWN_TOPIC_OR_PARTITION, souq.publisher.events=UNKNOWN_TOPIC_OR_PARTITION}
2026-02-28T16:50:51.474+01:00  WARN 42770 --- [notification-service] [ntainer#0-0-C-1] org.apache.kafka.clients.NetworkClient   : [Consumer clientId=consumer-notification-service-1, groupId=notification-service] Error while fetching metadata with correlation id 774 : {souq.platform.events=UNKNOWN_TOPIC_OR_PARTITION, souq.publisher.events=UNKNOWN_TOPIC_OR_PARTITION}
2026-02-28T16:50:52.476+01:00  WARN 42770 --- [notification-service] [ntainer#0-0-C-1] org.apache.kafka.clients.NetworkClient   : [Consumer clientId=consumer-notification-service-1, groupId=notification-service] Error while fetching metadata with correlation id 775 : {souq.platform.events=UNKNOWN_TOPIC_OR_PARTITION, souq.publisher.events=UNKNOWN_TOPIC_OR_PARTITION}
2026-02-28T16:50:53.467+01:00  WARN 42770 --- [notification-service] [ntainer#0-0-C-1] org.apache.kafka.clients.NetworkClient   : [Consumer clientId=consumer-notification-service-1, groupId=notification-service] Error while fetching metadata with correlation id 776 : {souq.platform.events=UNKNOWN_TOPIC_OR_PARTITION, souq.publisher.events=UNKNOWN_TOPIC_OR_PARTITION}
2026-02-28T16:50:54.373+01:00  WARN 42770 --- [notification-service] [ntainer#0-0-C-1] org.apache.kafka.clients.NetworkClient   : [Consumer clientId=consumer-notification-service-1, groupId=notification-service] Error while fetching metadata with correlation id 778 : {souq.platform.events=UNKNOWN_TOPIC_OR_PARTITION, souq.publisher.events=UNKNOWN_TOPIC_OR_PARTITION}
2026-02-28T16:50:55.278+01:00  WARN 42770 --- [notification-service] [ntainer#0-0-C-1] org.apache.kafka.clients.NetworkClient   : [Consumer clientId=consumer-notification-service-1, groupId=notification-service] Error while fetching metadata with correlation id 779 : {souq.platform.events=UNKNOWN_TOPIC_OR_PARTITION, souq.publisher.events=UNKNOWN_TOPIC_OR_PARTITION}
2026-02-28T16:50:56.241+01:00  WARN 42770 --- [notification-service] [ntainer#0-0-C-1] org.apache.kafka.clients.NetworkClient   : [Consumer clientId=consumer-notification-service-1, groupId=notification-service] Error while fetching metadata with correlation id 780 : {souq.platform.events=UNKNOWN_TOPIC_OR_PARTITION, souq.publisher.events=UNKNOWN_TOPIC_OR_PARTITION}
2026-02-28T16:50:57.242+01:00  WARN 42770 --- [notification-service] [ntainer#0-0-C-1] org.apache.kafka.clients.NetworkClient   : [Consumer clientId=consumer-notification-service-1, groupId=notification-service] Error while fetching metadata with correlation id 782 : {souq.platform.events=UNKNOWN_TOPIC_OR_PARTITION, souq.publisher.events=UNKNOWN_TOPIC_OR_PARTITION}
2026-02-28T16:50:58.243+01:00  WARN 42770 --- [notification-service] [ntainer#0-0-C-1] org.apache.kafka.clients.NetworkClient   : [Consumer clientId=consumer-notification-service-1, groupId=notification-service] Error while fetching metadata with correlation id 783 : {souq.platform.events=UNKNOWN_TOPIC_OR_PARTITION, souq.publisher.events=UNKNOWN_TOPIC_OR_PARTITION}
2026-02-28T16:50:59.243+01:00  WARN 42770 --- [notification-service] [ntainer#0-0-C-1] org.apache.kafka.clients.NetworkClient   : [Consumer clientId=consumer-notification-service-1, groupId=notification-service] Error while fetching metadata with correlation id 784 : {souq.platform.events=UNKNOWN_TOPIC_OR_PARTITION, souq.publisher.events=UNKNOWN_TOPIC_OR_PARTITION}
2026-02-28T16:51:00.244+01:00  WARN 42770 --- [notification-service] [ntainer#0-0-C-1] org.apache.kafka.clients.NetworkClient   : [Consumer clientId=consumer-notification-service-1, groupId=notification-service] Error while fetching metadata with correlation id 786 : {souq.platform.events=UNKNOWN_TOPIC_OR_PARTITION, souq.publisher.events=UNKNOWN_TOPIC_OR_PARTITION}
2026-02-28T16:51:01.210+01:00  WARN 42770 --- [notification-service] [ntainer#0-0-C-1] org.apache.kafka.clients.NetworkClient   : [Consumer clientId=consumer-notification-service-1, groupId=notification-service] Error while fetching metadata with correlation id 787 : {souq.platform.events=UNKNOWN_TOPIC_OR_PARTITION, souq.publisher.events=UNKNOWN_TOPIC_OR_PARTITION}
2026-02-28T16:51:02.203+01:00  WARN 42770 --- [notification-service] [ntainer#0-0-C-1] org.apache.kafka.clients.NetworkClient   : [Consumer clientId=consumer-notification-service-1, groupId=notification-service] Error while fetching metadata with correlation id 788 : {souq.platform.events=UNKNOWN_TOPIC_OR_PARTITION, souq.publisher.events=UNKNOWN_TOPIC_OR_PARTITION}
2026-02-28T16:51:03.204+01:00  WARN 42770 --- [notification-service] [ntainer#0-0-C-1] org.apache.kafka.clients.NetworkClient   : [Consumer clientId=consumer-notification-service-1, groupId=notification-service] Error while fetching metadata with correlation id 790 : {souq.platform.events=UNKNOWN_TOPIC_OR_PARTITION, souq.publisher.events=UNKNOWN_TOPIC_OR_PARTITION}
2026-02-28T16:51:04.205+01:00  WARN 42770 --- [notification-service] [ntainer#0-0-C-1] org.apache.kafka.clients.NetworkClient   : [Consumer clientId=consumer-notification-service-1, groupId=notification-service] Error while fetching metadata with correlation id 791 : {souq.platform.events=UNKNOWN_TOPIC_OR_PARTITION, souq.publisher.events=UNKNOWN_TOPIC_OR_PARTITION}
2026-02-28T16:51:05.206+01:00  WARN 42770 --- [notification-service] [ntainer#0-0-C-1] org.apache.kafka.clients.NetworkClient   : [Consumer clientId=consumer-notification-service-1, groupId=notification-service] Error while fetching metadata with correlation id 792 : {souq.platform.events=UNKNOWN_TOPIC_OR_PARTITION, souq.publisher.events=UNKNOWN_TOPIC_OR_PARTITION}
2026-02-28T16:51:06.036+01:00  WARN 42770 --- [notification-service] [ntainer#0-0-C-1] org.apache.kafka.clients.NetworkClient   : [Consumer clientId=consumer-notification-service-1, groupId=notification-service] Error while fetching metadata with correlation id 794 : {souq.platform.events=UNKNOWN_TOPIC_OR_PARTITION, souq.publisher.events=UNKNOWN_TOPIC_OR_PARTITION}
2026-02-28T16:51:07.036+01:00  WARN 42770 --- [notification-service] [ntainer#0-0-C-1] org.apache.kafka.clients.NetworkClient   : [Consumer clientId=consumer-notification-service-1, groupId=notification-service] Error while fetching metadata with correlation id 795 : {souq.platform.events=UNKNOWN_TOPIC_OR_PARTITION, souq.publisher.events=UNKNOWN_TOPIC_OR_PARTITION}
2026-02-28T16:51:07.918+01:00  WARN 42770 --- [notification-service] [ntainer#0-0-C-1] org.apache.kafka.clients.NetworkClient   : [Consumer clientId=consumer-notification-service-1, groupId=notification-service] Error while fetching metadata with correlation id 796 : {souq.platform.events=UNKNOWN_TOPIC_OR_PARTITION, souq.publisher.events=UNKNOWN_TOPIC_OR_PARTITION}
2026-02-28T16:51:08.873+01:00  WARN 42770 --- [notification-service] [ntainer#0-0-C-1] org.apache.kafka.clients.NetworkClient   : [Consumer clientId=consumer-notification-service-1, groupId=notification-service] Error while fetching metadata with correlation id 798 : {souq.platform.events=UNKNOWN_TOPIC_OR_PARTITION, souq.publisher.events=UNKNOWN_TOPIC_OR_PARTITION}
2026-02-28T16:51:09.805+01:00  WARN 42770 --- [notification-service] [ntainer#0-0-C-1] org.apache.kafka.clients.NetworkClient   : [Consumer clientId=consumer-notification-service-1, groupId=notification-service] Error while fetching metadata with correlation id 799 : {souq.platform.events=UNKNOWN_TOPIC_OR_PARTITION, souq.publisher.events=UNKNOWN_TOPIC_OR_PARTITION}
2026-02-28T16:51:10.710+01:00  WARN 42770 --- [notification-service] [ntainer#0-0-C-1] org.apache.kafka.clients.NetworkClient   : [Consumer clientId=consumer-notification-service-1, groupId=notification-service] Error while fetching metadata with correlation id 800 : {souq.platform.events=UNKNOWN_TOPIC_OR_PARTITION, souq.publisher.events=UNKNOWN_TOPIC_OR_PARTITION}
2026-02-28T16:51:11.673+01:00  WARN 42770 --- [notification-service] [ntainer#0-0-C-1] org.apache.kafka.clients.NetworkClient   : [Consumer clientId=consumer-notification-service-1, groupId=notification-service] Error while fetching metadata with correlation id 802 : {souq.platform.events=UNKNOWN_TOPIC_OR_PARTITION, souq.publisher.events=UNKNOWN_TOPIC_OR_PARTITION}
2026-02-28T16:51:12.633+01:00  WARN 42770 --- [notification-service] [ntainer#0-0-C-1] org.apache.kafka.clients.NetworkClient   : [Consumer clientId=consumer-notification-service-1, groupId=notification-service] Error while fetching metadata with correlation id 803 : {souq.platform.events=UNKNOWN_TOPIC_OR_PARTITION, souq.publisher.events=UNKNOWN_TOPIC_OR_PARTITION}
2026-02-28T16:51:13.633+01:00  WARN 42770 --- [notification-service] [ntainer#0-0-C-1] org.apache.kafka.clients.NetworkClient   : [Consumer clientId=consumer-notification-service-1, groupId=notification-service] Error while fetching metadata with correlation id 804 : {souq.platform.events=UNKNOWN_TOPIC_OR_PARTITION, souq.publisher.events=UNKNOWN_TOPIC_OR_PARTITION}
2026-02-28T16:51:14.623+01:00  WARN 42770 --- [notification-service] [ntainer#0-0-C-1] org.apache.kafka.clients.NetworkClient   : [Consumer clientId=consumer-notification-service-1, groupId=notification-service] Error while fetching metadata with correlation id 805 : {souq.platform.events=UNKNOWN_TOPIC_OR_PARTITION, souq.publisher.events=UNKNOWN_TOPIC_OR_PARTITION}
2026-02-28T16:51:15.577+01:00  WARN 42770 --- [notification-service] [ntainer#0-0-C-1] org.apache.kafka.clients.NetworkClient   : [Consumer clientId=consumer-notification-service-1, groupId=notification-service] Error while fetching metadata with correlation id 807 : {souq.platform.events=UNKNOWN_TOPIC_OR_PARTITION, souq.publisher.events=UNKNOWN_TOPIC_OR_PARTITION}
2026-02-28T16:51:16.574+01:00  WARN 42770 --- [notification-service] [ntainer#0-0-C-1] org.apache.kafka.clients.NetworkClient   : [Consumer clientId=consumer-notification-service-1, groupId=notification-service] Error while fetching metadata with correlation id 808 : {souq.platform.events=UNKNOWN_TOPIC_OR_PARTITION, souq.publisher.events=UNKNOWN_TOPIC_OR_PARTITION}
2026-02-28T16:51:17.412+01:00  WARN 42770 --- [notification-service] [ntainer#0-0-C-1] org.apache.kafka.clients.NetworkClient   : [Consumer clientId=consumer-notification-service-1, groupId=notification-service] Error while fetching metadata with correlation id 809 : {souq.platform.events=UNKNOWN_TOPIC_OR_PARTITION, souq.publisher.events=UNKNOWN_TOPIC_OR_PARTITION}
2026-02-28T16:51:18.377+01:00  WARN 42770 --- [notification-service] [ntainer#0-0-C-1] org.apache.kafka.clients.NetworkClient   : [Consumer clientId=consumer-notification-service-1, groupId=notification-service] Error while fetching metadata with correlation id 811 : {souq.platform.events=UNKNOWN_TOPIC_OR_PARTITION, souq.publisher.events=UNKNOWN_TOPIC_OR_PARTITION}
2026-02-28T16:51:19.377+01:00  WARN 42770 --- [notification-service] [ntainer#0-0-C-1] org.apache.kafka.clients.NetworkClient   : [Consumer clientId=consumer-notification-service-1, groupId=notification-service] Error while fetching metadata with correlation id 812 : {souq.platform.events=UNKNOWN_TOPIC_OR_PARTITION, souq.publisher.events=UNKNOWN_TOPIC_OR_PARTITION}
2026-02-28T16:51:20.378+01:00  WARN 42770 --- [notification-service] [ntainer#0-0-C-1] org.apache.kafka.clients.NetworkClient   : [Consumer clientId=consumer-notification-service-1, groupId=notification-service] Error while fetching metadata with correlation id 813 : {souq.platform.events=UNKNOWN_TOPIC_OR_PARTITION, souq.publisher.events=UNKNOWN_TOPIC_OR_PARTITION}
2026-02-28T16:51:21.378+01:00  WARN 42770 --- [notification-service] [ntainer#0-0-C-1] org.apache.kafka.clients.NetworkClient   : [Consumer clientId=consumer-notification-service-1, groupId=notification-service] Error while fetching metadata with correlation id 815 : {souq.platform.events=UNKNOWN_TOPIC_OR_PARTITION, souq.publisher.events=UNKNOWN_TOPIC_OR_PARTITION}
2026-02-28T16:51:22.379+01:00  WARN 42770 --- [notification-service] [ntainer#0-0-C-1] org.apache.kafka.clients.NetworkClient   : [Consumer clientId=consumer-notification-service-1, groupId=notification-service] Error while fetching metadata with correlation id 816 : {souq.platform.events=UNKNOWN_TOPIC_OR_PARTITION, souq.publisher.events=UNKNOWN_TOPIC_OR_PARTITION}
2026-02-28T16:51:23.284+01:00  WARN 42770 --- [notification-service] [ntainer#0-0-C-1] org.apache.kafka.clients.NetworkClient   : [Consumer clientId=consumer-notification-service-1, groupId=notification-service] Error while fetching metadata with correlation id 817 : {souq.platform.events=UNKNOWN_TOPIC_OR_PARTITION, souq.publisher.events=UNKNOWN_TOPIC_OR_PARTITION}
2026-02-28T16:51:24.177+01:00  WARN 42770 --- [notification-service] [ntainer#0-0-C-1] org.apache.kafka.clients.NetworkClient   : [Consumer clientId=consumer-notification-service-1, groupId=notification-service] Error while fetching metadata with correlation id 819 : {souq.platform.events=UNKNOWN_TOPIC_OR_PARTITION, souq.publisher.events=UNKNOWN_TOPIC_OR_PARTITION}
2026-02-28T16:51:25.178+01:00  WARN 42770 --- [notification-service] [ntainer#0-0-C-1] org.apache.kafka.clients.NetworkClient   : [Consumer clientId=consumer-notification-service-1, groupId=notification-service] Error while fetching metadata with correlation id 820 : {souq.platform.events=UNKNOWN_TOPIC_OR_PARTITION, souq.publisher.events=UNKNOWN_TOPIC_OR_PARTITION}
2026-02-28T16:51:26.090+01:00  WARN 42770 --- [notification-service] [ntainer#0-0-C-1] org.apache.kafka.clients.NetworkClient   : [Consumer clientId=consumer-notification-service-1, groupId=notification-service] Error while fetching metadata with correlation id 821 : {souq.platform.events=UNKNOWN_TOPIC_OR_PARTITION, souq.publisher.events=UNKNOWN_TOPIC_OR_PARTITION}
2026-02-28T16:51:27.077+01:00  WARN 42770 --- [notification-service] [ntainer#0-0-C-1] org.apache.kafka.clients.NetworkClient   : [Consumer clientId=consumer-notification-service-1, groupId=notification-service] Error while fetching metadata with correlation id 823 : {souq.platform.events=UNKNOWN_TOPIC_OR_PARTITION, souq.publisher.events=UNKNOWN_TOPIC_OR_PARTITION}
2026-02-28T16:51:27.983+01:00  WARN 42770 --- [notification-service] [ntainer#0-0-C-1] org.apache.kafka.clients.NetworkClient   : [Consumer clientId=consumer-notification-service-1, groupId=notification-service] Error while fetching metadata with correlation id 824 : {souq.platform.events=UNKNOWN_TOPIC_OR_PARTITION, souq.publisher.events=UNKNOWN_TOPIC_OR_PARTITION}
2026-02-28T16:51:28.984+01:00  WARN 42770 --- [notification-service] [ntainer#0-0-C-1] org.apache.kafka.clients.NetworkClient   : [Consumer clientId=consumer-notification-service-1, groupId=notification-service] Error while fetching metadata with correlation id 825 : {souq.platform.events=UNKNOWN_TOPIC_OR_PARTITION, souq.publisher.events=UNKNOWN_TOPIC_OR_PARTITION}
2026-02-28T16:51:29.977+01:00  WARN 42770 --- [notification-service] [ntainer#0-0-C-1] org.apache.kafka.clients.NetworkClient   : [Consumer clientId=consumer-notification-service-1, groupId=notification-service] Error while fetching metadata with correlation id 827 : {souq.platform.events=UNKNOWN_TOPIC_OR_PARTITION, souq.publisher.events=UNKNOWN_TOPIC_OR_PARTITION}
2026-02-28T16:51:30.884+01:00  WARN 42770 --- [notification-service] [ntainer#0-0-C-1] org.apache.kafka.clients.NetworkClient   : [Consumer clientId=consumer-notification-service-1, groupId=notification-service] Error while fetching metadata with correlation id 828 : {souq.platform.events=UNKNOWN_TOPIC_OR_PARTITION, souq.publisher.events=UNKNOWN_TOPIC_OR_PARTITION}
2026-02-28T16:51:31.802+01:00  WARN 42770 --- [notification-service] [ntainer#0-0-C-1] org.apache.kafka.clients.NetworkClient   : [Consumer clientId=consumer-notification-service-1, groupId=notification-service] Error while fetching metadata with correlation id 829 : {souq.platform.events=UNKNOWN_TOPIC_OR_PARTITION, souq.publisher.events=UNKNOWN_TOPIC_OR_PARTITION}
2026-02-28T16:51:32.803+01:00  WARN 42770 --- [notification-service] [ntainer#0-0-C-1] org.apache.kafka.clients.NetworkClient   : [Consumer clientId=consumer-notification-service-1, groupId=notification-service] Error while fetching metadata with correlation id 831 : {souq.platform.events=UNKNOWN_TOPIC_OR_PARTITION, souq.publisher.events=UNKNOWN_TOPIC_OR_PARTITION}
2026-02-28T16:51:33.708+01:00  WARN 42770 --- [notification-service] [ntainer#0-0-C-1] org.apache.kafka.clients.NetworkClient   : [Consumer clientId=consumer-notification-service-1, groupId=notification-service] Error while fetching metadata with correlation id 832 : {souq.platform.events=UNKNOWN_TOPIC_OR_PARTITION, souq.publisher.events=UNKNOWN_TOPIC_OR_PARTITION}
2026-02-28T16:51:34.710+01:00  WARN 42770 --- [notification-service] [ntainer#0-0-C-1] org.apache.kafka.clients.NetworkClient   : [Consumer clientId=consumer-notification-service-1, groupId=notification-service] Error while fetching metadata with correlation id 833 : {souq.platform.events=UNKNOWN_TOPIC_OR_PARTITION, souq.publisher.events=UNKNOWN_TOPIC_OR_PARTITION}
2026-02-28T16:51:35.615+01:00  WARN 42770 --- [notification-service] [ntainer#0-0-C-1] org.apache.kafka.clients.NetworkClient   : [Consumer clientId=consumer-notification-service-1, groupId=notification-service] Error while fetching metadata with correlation id 834 : {souq.platform.events=UNKNOWN_TOPIC_OR_PARTITION, souq.publisher.events=UNKNOWN_TOPIC_OR_PARTITION}
2026-02-28T16:51:36.616+01:00  WARN 42770 --- [notification-service] [ntainer#0-0-C-1] org.apache.kafka.clients.NetworkClient   : [Consumer clientId=consumer-notification-service-1, groupId=notification-service] Error while fetching metadata with correlation id 836 : {souq.platform.events=UNKNOWN_TOPIC_OR_PARTITION, souq.publisher.events=UNKNOWN_TOPIC_OR_PARTITION}
2026-02-28T16:51:37.617+01:00  WARN 42770 --- [notification-service] [ntainer#0-0-C-1] org.apache.kafka.clients.NetworkClient   : [Consumer clientId=consumer-notification-service-1, groupId=notification-service] Error while fetching metadata with correlation id 837 : {souq.platform.events=UNKNOWN_TOPIC_OR_PARTITION, souq.publisher.events=UNKNOWN_TOPIC_OR_PARTITION}
2026-02-28T16:51:38.618+01:00  WARN 42770 --- [notification-service] [ntainer#0-0-C-1] org.apache.kafka.clients.NetworkClient   : [Consumer clientId=consumer-notification-service-1, groupId=notification-service] Error while fetching metadata with correlation id 838 : {souq.platform.events=UNKNOWN_TOPIC_OR_PARTITION, souq.publisher.events=UNKNOWN_TOPIC_OR_PARTITION}
2026-02-28T16:51:39.482+01:00  WARN 42770 --- [notification-service] [ntainer#0-0-C-1] org.apache.kafka.clients.NetworkClient   : [Consumer clientId=consumer-notification-service-1, groupId=notification-service] Error while fetching metadata with correlation id 840 : {souq.platform.events=UNKNOWN_TOPIC_OR_PARTITION, souq.publisher.events=UNKNOWN_TOPIC_OR_PARTITION}
2026-02-28T16:51:40.386+01:00  WARN 42770 --- [notification-service] [ntainer#0-0-C-1] org.apache.kafka.clients.NetworkClient   : [Consumer clientId=consumer-notification-service-1, groupId=notification-service] Error while fetching metadata with correlation id 841 : {souq.platform.events=UNKNOWN_TOPIC_OR_PARTITION, souq.publisher.events=UNKNOWN_TOPIC_OR_PARTITION}
2026-02-28T16:51:41.387+01:00  WARN 42770 --- [notification-service] [ntainer#0-0-C-1] org.apache.kafka.clients.NetworkClient   : [Consumer clientId=consumer-notification-service-1, groupId=notification-service] Error while fetching metadata with correlation id 842 : {souq.platform.events=UNKNOWN_TOPIC_OR_PARTITION, souq.publisher.events=UNKNOWN_TOPIC_OR_PARTITION}
2026-02-28T16:51:42.281+01:00  WARN 42770 --- [notification-service] [ntainer#0-0-C-1] org.apache.kafka.clients.NetworkClient   : [Consumer clientId=consumer-notification-service-1, groupId=notification-service] Error while fetching metadata with correlation id 845 : {souq.platform.events=UNKNOWN_TOPIC_OR_PARTITION, souq.publisher.events=UNKNOWN_TOPIC_OR_PARTITION}
2026-02-28T16:51:43.246+01:00  WARN 42770 --- [notification-service] [ntainer#0-0-C-1] org.apache.kafka.clients.NetworkClient   : [Consumer clientId=consumer-notification-service-1, groupId=notification-service] Error while fetching metadata with correlation id 846 : {souq.platform.events=UNKNOWN_TOPIC_OR_PARTITION, souq.publisher.events=UNKNOWN_TOPIC_OR_PARTITION}
2026-02-28T16:51:44.192+01:00  WARN 42770 --- [notification-service] [ntainer#0-0-C-1] org.apache.kafka.clients.NetworkClient   : [Consumer clientId=consumer-notification-service-1, groupId=notification-service] Error while fetching metadata with correlation id 847 : {souq.platform.events=UNKNOWN_TOPIC_OR_PARTITION, souq.publisher.events=UNKNOWN_TOPIC_OR_PARTITION}
2026-02-28T16:51:45.082+01:00  WARN 42770 --- [notification-service] [ntainer#0-0-C-1] org.apache.kafka.clients.NetworkClient   : [Consumer clientId=consumer-notification-service-1, groupId=notification-service] Error while fetching metadata with correlation id 849 : {souq.platform.events=UNKNOWN_TOPIC_OR_PARTITION, souq.publisher.events=UNKNOWN_TOPIC_OR_PARTITION}
2026-02-28T16:51:46.082+01:00  WARN 42770 --- [notification-service] [ntainer#0-0-C-1] org.apache.kafka.clients.NetworkClient   : [Consumer clientId=consumer-notification-service-1, groupId=notification-service] Error while fetching metadata with correlation id 850 : {souq.platform.events=UNKNOWN_TOPIC_OR_PARTITION, souq.publisher.events=UNKNOWN_TOPIC_OR_PARTITION}
2026-02-28T16:51:47.083+01:00  WARN 42770 --- [notification-service] [ntainer#0-0-C-1] org.apache.kafka.clients.NetworkClient   : [Consumer clientId=consumer-notification-service-1, groupId=notification-service] Error while fetching metadata with correlation id 851 : {souq.platform.events=UNKNOWN_TOPIC_OR_PARTITION, souq.publisher.events=UNKNOWN_TOPIC_OR_PARTITION}
2026-02-28T16:51:47.981+01:00  WARN 42770 --- [notification-service] [ntainer#0-0-C-1] org.apache.kafka.clients.NetworkClient   : [Consumer clientId=consumer-notification-service-1, groupId=notification-service] Error while fetching metadata with correlation id 853 : {souq.platform.events=UNKNOWN_TOPIC_OR_PARTITION, souq.publisher.events=UNKNOWN_TOPIC_OR_PARTITION}
2026-02-28T16:51:48.982+01:00  WARN 42770 --- [notification-service] [ntainer#0-0-C-1] org.apache.kafka.clients.NetworkClient   : [Consumer clientId=consumer-notification-service-1, groupId=notification-service] Error while fetching metadata with correlation id 854 : {souq.platform.events=UNKNOWN_TOPIC_OR_PARTITION, souq.publisher.events=UNKNOWN_TOPIC_OR_PARTITION}
2026-02-28T16:51:49.939+01:00  WARN 42770 --- [notification-service] [ntainer#0-0-C-1] org.apache.kafka.clients.NetworkClient   : [Consumer clientId=consumer-notification-service-1, groupId=notification-service] Error while fetching metadata with correlation id 855 : {souq.platform.events=UNKNOWN_TOPIC_OR_PARTITION, souq.publisher.events=UNKNOWN_TOPIC_OR_PARTITION}
2026-02-28T16:51:50.940+01:00  WARN 42770 --- [notification-service] [ntainer#0-0-C-1] org.apache.kafka.clients.NetworkClient   : [Consumer clientId=consumer-notification-service-1, groupId=notification-service] Error while fetching metadata with correlation id 857 : {souq.platform.events=UNKNOWN_TOPIC_OR_PARTITION, souq.publisher.events=UNKNOWN_TOPIC_OR_PARTITION}
2026-02-28T16:51:51.905+01:00  WARN 42770 --- [notification-service] [ntainer#0-0-C-1] org.apache.kafka.clients.NetworkClient   : [Consumer clientId=consumer-notification-service-1, groupId=notification-service] Error while fetching metadata with correlation id 858 : {souq.platform.events=UNKNOWN_TOPIC_OR_PARTITION, souq.publisher.events=UNKNOWN_TOPIC_OR_PARTITION}
2026-02-28T16:51:52.819+01:00  WARN 42770 --- [notification-service] [ntainer#0-0-C-1] org.apache.kafka.clients.NetworkClient   : [Consumer clientId=consumer-notification-service-1, groupId=notification-service] Error while fetching metadata with correlation id 859 : {souq.platform.events=UNKNOWN_TOPIC_OR_PARTITION, souq.publisher.events=UNKNOWN_TOPIC_OR_PARTITION}
2026-02-28T16:51:53.781+01:00  WARN 42770 --- [notification-service] [ntainer#0-0-C-1] org.apache.kafka.clients.NetworkClient   : [Consumer clientId=consumer-notification-service-1, groupId=notification-service] Error while fetching metadata with correlation id 861 : {souq.platform.events=UNKNOWN_TOPIC_OR_PARTITION, souq.publisher.events=UNKNOWN_TOPIC_OR_PARTITION}
2026-02-28T16:51:54.685+01:00  WARN 42770 --- [notification-service] [ntainer#0-0-C-1] org.apache.kafka.clients.NetworkClient   : [Consumer clientId=consumer-notification-service-1, groupId=notification-service] Error while fetching metadata with correlation id 862 : {souq.platform.events=UNKNOWN_TOPIC_OR_PARTITION, souq.publisher.events=UNKNOWN_TOPIC_OR_PARTITION}
2026-02-28T16:51:55.617+01:00  WARN 42770 --- [notification-service] [ntainer#0-0-C-1] org.apache.kafka.clients.NetworkClient   : [Consumer clientId=consumer-notification-service-1, groupId=notification-service] Error while fetching metadata with correlation id 863 : {souq.platform.events=UNKNOWN_TOPIC_OR_PARTITION, souq.publisher.events=UNKNOWN_TOPIC_OR_PARTITION}
2026-02-28T16:51:56.604+01:00  WARN 42770 --- [notification-service] [ntainer#0-0-C-1] org.apache.kafka.clients.NetworkClient   : [Consumer clientId=consumer-notification-service-1, groupId=notification-service] Error while fetching metadata with correlation id 864 : {souq.platform.events=UNKNOWN_TOPIC_OR_PARTITION, souq.publisher.events=UNKNOWN_TOPIC_OR_PARTITION}
2026-02-28T16:51:57.567+01:00  WARN 42770 --- [notification-service] [ntainer#0-0-C-1] org.apache.kafka.clients.NetworkClient   : [Consumer clientId=consumer-notification-service-1, groupId=notification-service] Error while fetching metadata with correlation id 866 : {souq.platform.events=UNKNOWN_TOPIC_OR_PARTITION, souq.publisher.events=UNKNOWN_TOPIC_OR_PARTITION}
2026-02-28T16:51:58.473+01:00  WARN 42770 --- [notification-service] [ntainer#0-0-C-1] org.apache.kafka.clients.NetworkClient   : [Consumer clientId=consumer-notification-service-1, groupId=notification-service] Error while fetching metadata with correlation id 867 : {souq.platform.events=UNKNOWN_TOPIC_OR_PARTITION, souq.publisher.events=UNKNOWN_TOPIC_OR_PARTITION}
2026-02-28T16:51:59.378+01:00  WARN 42770 --- [notification-service] [ntainer#0-0-C-1] org.apache.kafka.clients.NetworkClient   : [Consumer clientId=consumer-notification-service-1, groupId=notification-service] Error while fetching metadata with correlation id 868 : {souq.platform.events=UNKNOWN_TOPIC_OR_PARTITION, souq.publisher.events=UNKNOWN_TOPIC_OR_PARTITION}
2026-02-28T16:52:00.265+01:00  WARN 42770 --- [notification-service] [ntainer#0-0-C-1] org.apache.kafka.clients.NetworkClient   : [Consumer clientId=consumer-notification-service-1, groupId=notification-service] Error while fetching metadata with correlation id 870 : {souq.platform.events=UNKNOWN_TOPIC_OR_PARTITION, souq.publisher.events=UNKNOWN_TOPIC_OR_PARTITION}
2026-02-28T16:52:01.221+01:00  WARN 42770 --- [notification-service] [ntainer#0-0-C-1] org.apache.kafka.clients.NetworkClient   : [Consumer clientId=consumer-notification-service-1, groupId=notification-service] Error while fetching metadata with correlation id 871 : {souq.platform.events=UNKNOWN_TOPIC_OR_PARTITION, souq.publisher.events=UNKNOWN_TOPIC_OR_PARTITION}
2026-02-28T16:52:02.222+01:00  WARN 42770 --- [notification-service] [ntainer#0-0-C-1] org.apache.kafka.clients.NetworkClient   : [Consumer clientId=consumer-notification-service-1, groupId=notification-service] Error while fetching metadata with correlation id 872 : {souq.platform.events=UNKNOWN_TOPIC_OR_PARTITION, souq.publisher.events=UNKNOWN_TOPIC_OR_PARTITION}
2026-02-28T16:52:03.184+01:00  WARN 42770 --- [notification-service] [ntainer#0-0-C-1] org.apache.kafka.clients.NetworkClient   : [Consumer clientId=consumer-notification-service-1, groupId=notification-service] Error while fetching metadata with correlation id 874 : {souq.platform.events=UNKNOWN_TOPIC_OR_PARTITION, souq.publisher.events=UNKNOWN_TOPIC_OR_PARTITION}
2026-02-28T16:52:04.089+01:00  WARN 42770 --- [notification-service] [ntainer#0-0-C-1] org.apache.kafka.clients.NetworkClient   : [Consumer clientId=consumer-notification-service-1, groupId=notification-service] Error while fetching metadata with correlation id 875 : {souq.platform.events=UNKNOWN_TOPIC_OR_PARTITION, souq.publisher.events=UNKNOWN_TOPIC_OR_PARTITION}
2026-02-28T16:52:05.075+01:00  WARN 42770 --- [notification-service] [ntainer#0-0-C-1] org.apache.kafka.clients.NetworkClient   : [Consumer clientId=consumer-notification-service-1, groupId=notification-service] Error while fetching metadata with correlation id 876 : {souq.platform.events=UNKNOWN_TOPIC_OR_PARTITION, souq.publisher.events=UNKNOWN_TOPIC_OR_PARTITION}
2026-02-28T16:52:06.076+01:00  WARN 42770 --- [notification-service] [ntainer#0-0-C-1] org.apache.kafka.clients.NetworkClient   : [Consumer clientId=consumer-notification-service-1, groupId=notification-service] Error while fetching metadata with correlation id 878 : {souq.platform.events=UNKNOWN_TOPIC_OR_PARTITION, souq.publisher.events=UNKNOWN_TOPIC_OR_PARTITION}
2026-02-28T16:52:07.070+01:00  WARN 42770 --- [notification-service] [ntainer#0-0-C-1] org.apache.kafka.clients.NetworkClient   : [Consumer clientId=consumer-notification-service-1, groupId=notification-service] Error while fetching metadata with correlation id 879 : {souq.platform.events=UNKNOWN_TOPIC_OR_PARTITION, souq.publisher.events=UNKNOWN_TOPIC_OR_PARTITION}
2026-02-28T16:52:08.070+01:00  WARN 42770 --- [notification-service] [ntainer#0-0-C-1] org.apache.kafka.clients.NetworkClient   : [Consumer clientId=consumer-notification-service-1, groupId=notification-service] Error while fetching metadata with correlation id 880 : {souq.platform.events=UNKNOWN_TOPIC_OR_PARTITION, souq.publisher.events=UNKNOWN_TOPIC_OR_PARTITION}
2026-02-28T16:52:08.983+01:00  WARN 42770 --- [notification-service] [ntainer#0-0-C-1] org.apache.kafka.clients.NetworkClient   : [Consumer clientId=consumer-notification-service-1, groupId=notification-service] Error while fetching metadata with correlation id 882 : {souq.platform.events=UNKNOWN_TOPIC_OR_PARTITION, souq.publisher.events=UNKNOWN_TOPIC_OR_PARTITION}
2026-02-28T16:52:09.934+01:00  WARN 42770 --- [notification-service] [ntainer#0-0-C-1] org.apache.kafka.clients.NetworkClient   : [Consumer clientId=consumer-notification-service-1, groupId=notification-service] Error while fetching metadata with correlation id 883 : {souq.platform.events=UNKNOWN_TOPIC_OR_PARTITION, souq.publisher.events=UNKNOWN_TOPIC_OR_PARTITION}
2026-02-28T16:52:10.840+01:00  WARN 42770 --- [notification-service] [ntainer#0-0-C-1] org.apache.kafka.clients.NetworkClient   : [Consumer clientId=consumer-notification-service-1, groupId=notification-service] Error while fetching metadata with correlation id 884 : {souq.platform.events=UNKNOWN_TOPIC_OR_PARTITION, souq.publisher.events=UNKNOWN_TOPIC_OR_PARTITION}
2026-02-28T16:52:11.682+01:00  WARN 42770 --- [notification-service] [ntainer#0-0-C-1] org.apache.kafka.clients.NetworkClient   : [Consumer clientId=consumer-notification-service-1, groupId=notification-service] Error while fetching metadata with correlation id 886 : {souq.platform.events=UNKNOWN_TOPIC_OR_PARTITION, souq.publisher.events=UNKNOWN_TOPIC_OR_PARTITION}
2026-02-28T16:52:12.587+01:00  WARN 42770 --- [notification-service] [ntainer#0-0-C-1] org.apache.kafka.clients.NetworkClient   : [Consumer clientId=consumer-notification-service-1, groupId=notification-service] Error while fetching metadata with correlation id 887 : {souq.platform.events=UNKNOWN_TOPIC_OR_PARTITION, souq.publisher.events=UNKNOWN_TOPIC_OR_PARTITION}
2026-02-28T16:52:13.492+01:00  WARN 42770 --- [notification-service] [ntainer#0-0-C-1] org.apache.kafka.clients.NetworkClient   : [Consumer clientId=consumer-notification-service-1, groupId=notification-service] Error while fetching metadata with correlation id 888 : {souq.platform.events=UNKNOWN_TOPIC_OR_PARTITION, souq.publisher.events=UNKNOWN_TOPIC_OR_PARTITION}
2026-02-28T16:52:14.332+01:00  WARN 42770 --- [notification-service] [ntainer#0-0-C-1] org.apache.kafka.clients.NetworkClient   : [Consumer clientId=consumer-notification-service-1, groupId=notification-service] Error while fetching metadata with correlation id 889 : {souq.platform.events=UNKNOWN_TOPIC_OR_PARTITION, souq.publisher.events=UNKNOWN_TOPIC_OR_PARTITION}
2026-02-28T16:52:15.285+01:00  WARN 42770 --- [notification-service] [ntainer#0-0-C-1] org.apache.kafka.clients.NetworkClient   : [Consumer clientId=consumer-notification-service-1, groupId=notification-service] Error while fetching metadata with correlation id 891 : {souq.platform.events=UNKNOWN_TOPIC_OR_PARTITION, souq.publisher.events=UNKNOWN_TOPIC_OR_PARTITION}
2026-02-28T16:52:16.190+01:00  WARN 42770 --- [notification-service] [ntainer#0-0-C-1] org.apache.kafka.clients.NetworkClient   : [Consumer clientId=consumer-notification-service-1, groupId=notification-service] Error while fetching metadata with correlation id 892 : {souq.platform.events=UNKNOWN_TOPIC_OR_PARTITION, souq.publisher.events=UNKNOWN_TOPIC_OR_PARTITION}
2026-02-28T16:52:17.191+01:00  WARN 42770 --- [notification-service] [ntainer#0-0-C-1] org.apache.kafka.clients.NetworkClient   : [Consumer clientId=consumer-notification-service-1, groupId=notification-service] Error while fetching metadata with correlation id 893 : {souq.platform.events=UNKNOWN_TOPIC_OR_PARTITION, souq.publisher.events=UNKNOWN_TOPIC_OR_PARTITION}
2026-02-28T16:52:18.186+01:00  WARN 42770 --- [notification-service] [ntainer#0-0-C-1] org.apache.kafka.clients.NetworkClient   : [Consumer clientId=consumer-notification-service-1, groupId=notification-service] Error while fetching metadata with correlation id 895 : {souq.platform.events=UNKNOWN_TOPIC_OR_PARTITION, souq.publisher.events=UNKNOWN_TOPIC_OR_PARTITION}
2026-02-28T16:52:19.187+01:00  WARN 42770 --- [notification-service] [ntainer#0-0-C-1] org.apache.kafka.clients.NetworkClient   : [Consumer clientId=consumer-notification-service-1, groupId=notification-service] Error while fetching metadata with correlation id 896 : {souq.platform.events=UNKNOWN_TOPIC_OR_PARTITION, souq.publisher.events=UNKNOWN_TOPIC_OR_PARTITION}
2026-02-28T16:52:20.188+01:00  WARN 42770 --- [notification-service] [ntainer#0-0-C-1] org.apache.kafka.clients.NetworkClient   : [Consumer clientId=consumer-notification-service-1, groupId=notification-service] Error while fetching metadata with correlation id 897 : {souq.platform.events=UNKNOWN_TOPIC_OR_PARTITION, souq.publisher.events=UNKNOWN_TOPIC_OR_PARTITION}
2026-02-28T16:52:21.086+01:00  WARN 42770 --- [notification-service] [ntainer#0-0-C-1] org.apache.kafka.clients.NetworkClient   : [Consumer clientId=consumer-notification-service-1, groupId=notification-service] Error while fetching metadata with correlation id 899 : {souq.platform.events=UNKNOWN_TOPIC_OR_PARTITION, souq.publisher.events=UNKNOWN_TOPIC_OR_PARTITION}
2026-02-28T16:52:22.039+01:00  WARN 42770 --- [notification-service] [ntainer#0-0-C-1] org.apache.kafka.clients.NetworkClient   : [Consumer clientId=consumer-notification-service-1, groupId=notification-service] Error while fetching metadata with correlation id 900 : {souq.platform.events=UNKNOWN_TOPIC_OR_PARTITION, souq.publisher.events=UNKNOWN_TOPIC_OR_PARTITION}
2026-02-28T16:52:22.946+01:00  WARN 42770 --- [notification-service] [ntainer#0-0-C-1] org.apache.kafka.clients.NetworkClient   : [Consumer clientId=consumer-notification-service-1, groupId=notification-service] Error while fetching metadata with correlation id 901 : {souq.platform.events=UNKNOWN_TOPIC_OR_PARTITION, souq.publisher.events=UNKNOWN_TOPIC_OR_PARTITION}
2026-02-28T16:52:23.786+01:00  WARN 42770 --- [notification-service] [ntainer#0-0-C-1] org.apache.kafka.clients.NetworkClient   : [Consumer clientId=consumer-notification-service-1, groupId=notification-service] Error while fetching metadata with correlation id 903 : {souq.platform.events=UNKNOWN_TOPIC_OR_PARTITION, souq.publisher.events=UNKNOWN_TOPIC_OR_PARTITION}
2026-02-28T16:52:24.787+01:00  WARN 42770 --- [notification-service] [ntainer#0-0-C-1] org.apache.kafka.clients.NetworkClient   : [Consumer clientId=consumer-notification-service-1, groupId=notification-service] Error while fetching metadata with correlation id 904 : {souq.platform.events=UNKNOWN_TOPIC_OR_PARTITION, souq.publisher.events=UNKNOWN_TOPIC_OR_PARTITION}
2026-02-28T16:52:25.788+01:00  WARN 42770 --- [notification-service] [ntainer#0-0-C-1] org.apache.kafka.clients.NetworkClient   : [Consumer clientId=consumer-notification-service-1, groupId=notification-service] Error while fetching metadata with correlation id 905 : {souq.platform.events=UNKNOWN_TOPIC_OR_PARTITION, souq.publisher.events=UNKNOWN_TOPIC_OR_PARTITION}
2026-02-28T16:52:26.624+01:00  WARN 42770 --- [notification-service] [ntainer#0-0-C-1] org.apache.kafka.clients.NetworkClient   : [Consumer clientId=consumer-notification-service-1, groupId=notification-service] Error while fetching metadata with correlation id 906 : {souq.platform.events=UNKNOWN_TOPIC_OR_PARTITION, souq.publisher.events=UNKNOWN_TOPIC_OR_PARTITION}
2026-02-28T16:52:27.625+01:00  WARN 42770 --- [notification-service] [ntainer#0-0-C-1] org.apache.kafka.clients.NetworkClient   : [Consumer clientId=consumer-notification-service-1, groupId=notification-service] Error while fetching metadata with correlation id 908 : {souq.platform.events=UNKNOWN_TOPIC_OR_PARTITION, souq.publisher.events=UNKNOWN_TOPIC_OR_PARTITION}
2026-02-28T16:52:28.626+01:00  WARN 42770 --- [notification-service] [ntainer#0-0-C-1] org.apache.kafka.clients.NetworkClient   : [Consumer clientId=consumer-notification-service-1, groupId=notification-service] Error while fetching metadata with correlation id 909 : {souq.platform.events=UNKNOWN_TOPIC_OR_PARTITION, souq.publisher.events=UNKNOWN_TOPIC_OR_PARTITION}
2026-02-28T16:52:29.626+01:00  WARN 42770 --- [notification-service] [ntainer#0-0-C-1] org.apache.kafka.clients.NetworkClient   : [Consumer clientId=consumer-notification-service-1, groupId=notification-service] Error while fetching metadata with correlation id 910 : {souq.platform.events=UNKNOWN_TOPIC_OR_PARTITION, souq.publisher.events=UNKNOWN_TOPIC_OR_PARTITION}
2026-02-28T16:52:30.588+01:00  WARN 42770 --- [notification-service] [ntainer#0-0-C-1] org.apache.kafka.clients.NetworkClient   : [Consumer clientId=consumer-notification-service-1, groupId=notification-service] Error while fetching metadata with correlation id 912 : {souq.platform.events=UNKNOWN_TOPIC_OR_PARTITION, souq.publisher.events=UNKNOWN_TOPIC_OR_PARTITION}
2026-02-28T16:52:31.492+01:00  WARN 42770 --- [notification-service] [ntainer#0-0-C-1] org.apache.kafka.clients.NetworkClient   : [Consumer clientId=consumer-notification-service-1, groupId=notification-service] Error while fetching metadata with correlation id 913 : {souq.platform.events=UNKNOWN_TOPIC_OR_PARTITION, souq.publisher.events=UNKNOWN_TOPIC_OR_PARTITION}
2026-02-28T16:52:32.409+01:00  WARN 42770 --- [notification-service] [ntainer#0-0-C-1] org.apache.kafka.clients.NetworkClient   : [Consumer clientId=consumer-notification-service-1, groupId=notification-service] Error while fetching metadata with correlation id 914 : {souq.platform.events=UNKNOWN_TOPIC_OR_PARTITION, souq.publisher.events=UNKNOWN_TOPIC_OR_PARTITION}
2026-02-28T16:52:33.389+01:00  WARN 42770 --- [notification-service] [ntainer#0-0-C-1] org.apache.kafka.clients.NetworkClient   : [Consumer clientId=consumer-notification-service-1, groupId=notification-service] Error while fetching metadata with correlation id 916 : {souq.platform.events=UNKNOWN_TOPIC_OR_PARTITION, souq.publisher.events=UNKNOWN_TOPIC_OR_PARTITION}
2026-02-28T16:52:34.379+01:00  WARN 42770 --- [notification-service] [ntainer#0-0-C-1] org.apache.kafka.clients.NetworkClient   : [Consumer clientId=consumer-notification-service-1, groupId=notification-service] Error while fetching metadata with correlation id 917 : {souq.platform.events=UNKNOWN_TOPIC_OR_PARTITION, souq.publisher.events=UNKNOWN_TOPIC_OR_PARTITION}
2026-02-28T16:52:35.379+01:00  WARN 42770 --- [notification-service] [ntainer#0-0-C-1] org.apache.kafka.clients.NetworkClient   : [Consumer clientId=consumer-notification-service-1, groupId=notification-service] Error while fetching metadata with correlation id 918 : {souq.platform.events=UNKNOWN_TOPIC_OR_PARTITION, souq.publisher.events=UNKNOWN_TOPIC_OR_PARTITION}
2026-02-28T16:52:36.368+01:00  WARN 42770 --- [notification-service] [ntainer#0-0-C-1] org.apache.kafka.clients.NetworkClient   : [Consumer clientId=consumer-notification-service-1, groupId=notification-service] Error while fetching metadata with correlation id 920 : {souq.platform.events=UNKNOWN_TOPIC_OR_PARTITION, souq.publisher.events=UNKNOWN_TOPIC_OR_PARTITION}
2026-02-28T16:52:37.210+01:00  WARN 42770 --- [notification-service] [ntainer#0-0-C-1] org.apache.kafka.clients.NetworkClient   : [Consumer clientId=consumer-notification-service-1, groupId=notification-service] Error while fetching metadata with correlation id 921 : {souq.platform.events=UNKNOWN_TOPIC_OR_PARTITION, souq.publisher.events=UNKNOWN_TOPIC_OR_PARTITION}
2026-02-28T16:52:38.211+01:00  WARN 42770 --- [notification-service] [ntainer#0-0-C-1] org.apache.kafka.clients.NetworkClient   : [Consumer clientId=consumer-notification-service-1, groupId=notification-service] Error while fetching metadata with correlation id 922 : {souq.platform.events=UNKNOWN_TOPIC_OR_PARTITION, souq.publisher.events=UNKNOWN_TOPIC_OR_PARTITION}
2026-02-28T16:52:39.189+01:00  WARN 42770 --- [notification-service] [ntainer#0-0-C-1] org.apache.kafka.clients.NetworkClient   : [Consumer clientId=consumer-notification-service-1, groupId=notification-service] Error while fetching metadata with correlation id 924 : {souq.platform.events=UNKNOWN_TOPIC_OR_PARTITION, souq.publisher.events=UNKNOWN_TOPIC_OR_PARTITION}
2026-02-28T16:52:40.059+01:00  WARN 42770 --- [notification-service] [ntainer#0-0-C-1] org.apache.kafka.clients.NetworkClient   : [Consumer clientId=consumer-notification-service-1, groupId=notification-service] Error while fetching metadata with correlation id 925 : {souq.platform.events=UNKNOWN_TOPIC_OR_PARTITION, souq.publisher.events=UNKNOWN_TOPIC_OR_PARTITION}
2026-02-28T16:52:41.060+01:00  WARN 42770 --- [notification-service] [ntainer#0-0-C-1] org.apache.kafka.clients.NetworkClient   : [Consumer clientId=consumer-notification-service-1, groupId=notification-service] Error while fetching metadata with correlation id 926 : {souq.platform.events=UNKNOWN_TOPIC_OR_PARTITION, souq.publisher.events=UNKNOWN_TOPIC_OR_PARTITION}
2026-02-28T16:52:41.988+01:00  WARN 42770 --- [notification-service] [ntainer#0-0-C-1] org.apache.kafka.clients.NetworkClient   : [Consumer clientId=consumer-notification-service-1, groupId=notification-service] Error while fetching metadata with correlation id 928 : {souq.platform.events=UNKNOWN_TOPIC_OR_PARTITION, souq.publisher.events=UNKNOWN_TOPIC_OR_PARTITION}
2026-02-28T16:52:42.894+01:00  WARN 42770 --- [notification-service] [ntainer#0-0-C-1] org.apache.kafka.clients.NetworkClient   : [Consumer clientId=consumer-notification-service-1, groupId=notification-service] Error while fetching metadata with correlation id 929 : {souq.platform.events=UNKNOWN_TOPIC_OR_PARTITION, souq.publisher.events=UNKNOWN_TOPIC_OR_PARTITION}
2026-02-28T16:52:43.806+01:00  WARN 42770 --- [notification-service] [ntainer#0-0-C-1] org.apache.kafka.clients.NetworkClient   : [Consumer clientId=consumer-notification-service-1, groupId=notification-service] Error while fetching metadata with correlation id 930 : {souq.platform.events=UNKNOWN_TOPIC_OR_PARTITION, souq.publisher.events=UNKNOWN_TOPIC_OR_PARTITION}
2026-02-28T16:52:44.687+01:00  WARN 42770 --- [notification-service] [ntainer#0-0-C-1] org.apache.kafka.clients.NetworkClient   : [Consumer clientId=consumer-notification-service-1, groupId=notification-service] Error while fetching metadata with correlation id 932 : {souq.platform.events=UNKNOWN_TOPIC_OR_PARTITION, souq.publisher.events=UNKNOWN_TOPIC_OR_PARTITION}
2026-02-28T16:52:45.688+01:00  WARN 42770 --- [notification-service] [ntainer#0-0-C-1] org.apache.kafka.clients.NetworkClient   : [Consumer clientId=consumer-notification-service-1, groupId=notification-service] Error while fetching metadata with correlation id 933 : {souq.platform.events=UNKNOWN_TOPIC_OR_PARTITION, souq.publisher.events=UNKNOWN_TOPIC_OR_PARTITION}
2026-02-28T16:52:46.689+01:00  WARN 42770 --- [notification-service] [ntainer#0-0-C-1] org.apache.kafka.clients.NetworkClient   : [Consumer clientId=consumer-notification-service-1, groupId=notification-service] Error while fetching metadata with correlation id 934 : {souq.platform.events=UNKNOWN_TOPIC_OR_PARTITION, souq.publisher.events=UNKNOWN_TOPIC_OR_PARTITION}
2026-02-28T16:52:47.688+01:00  WARN 42770 --- [notification-service] [ntainer#0-0-C-1] org.apache.kafka.clients.NetworkClient   : [Consumer clientId=consumer-notification-service-1, groupId=notification-service] Error while fetching metadata with correlation id 935 : {souq.platform.events=UNKNOWN_TOPIC_OR_PARTITION, souq.publisher.events=UNKNOWN_TOPIC_OR_PARTITION}
2026-02-28T16:52:48.494+01:00  WARN 42770 --- [notification-service] [ntainer#0-0-C-1] org.apache.kafka.clients.NetworkClient   : [Consumer clientId=consumer-notification-service-1, groupId=notification-service] Error while fetching metadata with correlation id 937 : {souq.platform.events=UNKNOWN_TOPIC_OR_PARTITION, souq.publisher.events=UNKNOWN_TOPIC_OR_PARTITION}
2026-02-28T16:52:49.495+01:00  WARN 42770 --- [notification-service] [ntainer#0-0-C-1] org.apache.kafka.clients.NetworkClient   : [Consumer clientId=consumer-notification-service-1, groupId=notification-service] Error while fetching metadata with correlation id 938 : {souq.platform.events=UNKNOWN_TOPIC_OR_PARTITION, souq.publisher.events=UNKNOWN_TOPIC_OR_PARTITION}
2026-02-28T16:52:50.400+01:00  WARN 42770 --- [notification-service] [ntainer#0-0-C-1] org.apache.kafka.clients.NetworkClient   : [Consumer clientId=consumer-notification-service-1, groupId=notification-service] Error while fetching metadata with correlation id 939 : {souq.platform.events=UNKNOWN_TOPIC_OR_PARTITION, souq.publisher.events=UNKNOWN_TOPIC_OR_PARTITION}
2026-02-28T16:52:51.401+01:00  WARN 42770 --- [notification-service] [ntainer#0-0-C-1] org.apache.kafka.clients.NetworkClient   : [Consumer clientId=consumer-notification-service-1, groupId=notification-service] Error while fetching metadata with correlation id 941 : {souq.platform.events=UNKNOWN_TOPIC_OR_PARTITION, souq.publisher.events=UNKNOWN_TOPIC_OR_PARTITION}
2026-02-28T16:52:52.373+01:00  WARN 42770 --- [notification-service] [ntainer#0-0-C-1] org.apache.kafka.clients.NetworkClient   : [Consumer clientId=consumer-notification-service-1, groupId=notification-service] Error while fetching metadata with correlation id 942 : {souq.platform.events=UNKNOWN_TOPIC_OR_PARTITION, souq.publisher.events=UNKNOWN_TOPIC_OR_PARTITION}
2026-02-28T16:52:53.374+01:00  WARN 42770 --- [notification-service] [ntainer#0-0-C-1] org.apache.kafka.clients.NetworkClient   : [Consumer clientId=consumer-notification-service-1, groupId=notification-service] Error while fetching metadata with correlation id 943 : {souq.platform.events=UNKNOWN_TOPIC_OR_PARTITION, souq.publisher.events=UNKNOWN_TOPIC_OR_PARTITION}
2026-02-28T16:52:54.193+01:00  WARN 42770 --- [notification-service] [ntainer#0-0-C-1] org.apache.kafka.clients.NetworkClient   : [Consumer clientId=consumer-notification-service-1, groupId=notification-service] Error while fetching metadata with correlation id 945 : {souq.platform.events=UNKNOWN_TOPIC_OR_PARTITION, souq.publisher.events=UNKNOWN_TOPIC_OR_PARTITION}
2026-02-28T16:52:55.194+01:00  WARN 42770 --- [notification-service] [ntainer#0-0-C-1] org.apache.kafka.clients.NetworkClient   : [Consumer clientId=consumer-notification-service-1, groupId=notification-service] Error while fetching metadata with correlation id 946 : {souq.platform.events=UNKNOWN_TOPIC_OR_PARTITION, souq.publisher.events=UNKNOWN_TOPIC_OR_PARTITION}
2026-02-28T16:52:56.195+01:00  WARN 42770 --- [notification-service] [ntainer#0-0-C-1] org.apache.kafka.clients.NetworkClient   : [Consumer clientId=consumer-notification-service-1, groupId=notification-service] Error while fetching metadata with correlation id 947 : {souq.platform.events=UNKNOWN_TOPIC_OR_PARTITION, souq.publisher.events=UNKNOWN_TOPIC_OR_PARTITION}
2026-02-28T16:52:57.094+01:00  WARN 42770 --- [notification-service] [ntainer#0-0-C-1] org.apache.kafka.clients.NetworkClient   : [Consumer clientId=consumer-notification-service-1, groupId=notification-service] Error while fetching metadata with correlation id 949 : {souq.platform.events=UNKNOWN_TOPIC_OR_PARTITION, souq.publisher.events=UNKNOWN_TOPIC_OR_PARTITION}
2026-02-28T16:52:58.000+01:00  WARN 42770 --- [notification-service] [ntainer#0-0-C-1] org.apache.kafka.clients.NetworkClient   : [Consumer clientId=consumer-notification-service-1, groupId=notification-service] Error while fetching metadata with correlation id 950 : {souq.platform.events=UNKNOWN_TOPIC_OR_PARTITION, souq.publisher.events=UNKNOWN_TOPIC_OR_PARTITION}
2026-02-28T16:52:58.905+01:00  WARN 42770 --- [notification-service] [ntainer#0-0-C-1] org.apache.kafka.clients.NetworkClient   : [Consumer clientId=consumer-notification-service-1, groupId=notification-service] Error while fetching metadata with correlation id 951 : {souq.platform.events=UNKNOWN_TOPIC_OR_PARTITION, souq.publisher.events=UNKNOWN_TOPIC_OR_PARTITION}
2026-02-28T16:52:59.906+01:00  WARN 42770 --- [notification-service] [ntainer#0-0-C-1] org.apache.kafka.clients.NetworkClient   : [Consumer clientId=consumer-notification-service-1, groupId=notification-service] Error while fetching metadata with correlation id 953 : {souq.platform.events=UNKNOWN_TOPIC_OR_PARTITION, souq.publisher.events=UNKNOWN_TOPIC_OR_PARTITION}
2026-02-28T16:53:00.810+01:00  WARN 42770 --- [notification-service] [ntainer#0-0-C-1] org.apache.kafka.clients.NetworkClient   : [Consumer clientId=consumer-notification-service-1, groupId=notification-service] Error while fetching metadata with correlation id 954 : {souq.platform.events=UNKNOWN_TOPIC_OR_PARTITION, souq.publisher.events=UNKNOWN_TOPIC_OR_PARTITION}
2026-02-28T16:53:01.731+01:00  WARN 42770 --- [notification-service] [ntainer#0-0-C-1] org.apache.kafka.clients.NetworkClient   : [Consumer clientId=consumer-notification-service-1, groupId=notification-service] Error while fetching metadata with correlation id 955 : {souq.platform.events=UNKNOWN_TOPIC_OR_PARTITION, souq.publisher.events=UNKNOWN_TOPIC_OR_PARTITION}
2026-02-28T16:53:02.635+01:00  WARN 42770 --- [notification-service] [ntainer#0-0-C-1] org.apache.kafka.clients.NetworkClient   : [Consumer clientId=consumer-notification-service-1, groupId=notification-service] Error while fetching metadata with correlation id 956 : {souq.platform.events=UNKNOWN_TOPIC_OR_PARTITION, souq.publisher.events=UNKNOWN_TOPIC_OR_PARTITION}
2026-02-28T16:53:03.473+01:00  WARN 42770 --- [notification-service] [ntainer#0-0-C-1] org.apache.kafka.clients.NetworkClient   : [Consumer clientId=consumer-notification-service-1, groupId=notification-service] Error while fetching metadata with correlation id 958 : {souq.platform.events=UNKNOWN_TOPIC_OR_PARTITION, souq.publisher.events=UNKNOWN_TOPIC_OR_PARTITION}
2026-02-28T16:53:04.378+01:00  WARN 42770 --- [notification-service] [ntainer#0-0-C-1] org.apache.kafka.clients.NetworkClient   : [Consumer clientId=consumer-notification-service-1, groupId=notification-service] Error while fetching metadata with correlation id 959 : {souq.platform.events=UNKNOWN_TOPIC_OR_PARTITION, souq.publisher.events=UNKNOWN_TOPIC_OR_PARTITION}
2026-02-28T16:53:05.379+01:00  WARN 42770 --- [notification-service] [ntainer#0-0-C-1] org.apache.kafka.clients.NetworkClient   : [Consumer clientId=consumer-notification-service-1, groupId=notification-service] Error while fetching metadata with correlation id 960 : {souq.platform.events=UNKNOWN_TOPIC_OR_PARTITION, souq.publisher.events=UNKNOWN_TOPIC_OR_PARTITION}
2026-02-28T16:53:06.295+01:00  WARN 42770 --- [notification-service] [ntainer#0-0-C-1] org.apache.kafka.clients.NetworkClient   : [Consumer clientId=consumer-notification-service-1, groupId=notification-service] Error while fetching metadata with correlation id 962 : {souq.platform.events=UNKNOWN_TOPIC_OR_PARTITION, souq.publisher.events=UNKNOWN_TOPIC_OR_PARTITION}
2026-02-28T16:53:07.213+01:00  WARN 42770 --- [notification-service] [ntainer#0-0-C-1] org.apache.kafka.clients.NetworkClient   : [Consumer clientId=consumer-notification-service-1, groupId=notification-service] Error while fetching metadata with correlation id 963 : {souq.platform.events=UNKNOWN_TOPIC_OR_PARTITION, souq.publisher.events=UNKNOWN_TOPIC_OR_PARTITION}
2026-02-28T16:53:08.119+01:00  WARN 42770 --- [notification-service] [ntainer#0-0-C-1] org.apache.kafka.clients.NetworkClient   : [Consumer clientId=consumer-notification-service-1, groupId=notification-service] Error while fetching metadata with correlation id 964 : {souq.platform.events=UNKNOWN_TOPIC_OR_PARTITION, souq.publisher.events=UNKNOWN_TOPIC_OR_PARTITION}
2026-02-28T16:53:09.094+01:00  WARN 42770 --- [notification-service] [ntainer#0-0-C-1] org.apache.kafka.clients.NetworkClient   : [Consumer clientId=consumer-notification-service-1, groupId=notification-service] Error while fetching metadata with correlation id 966 : {souq.platform.events=UNKNOWN_TOPIC_OR_PARTITION, souq.publisher.events=UNKNOWN_TOPIC_OR_PARTITION}
2026-02-28T16:53:09.999+01:00  WARN 42770 --- [notification-service] [ntainer#0-0-C-1] org.apache.kafka.clients.NetworkClient   : [Consumer clientId=consumer-notification-service-1, groupId=notification-service] Error while fetching metadata with correlation id 967 : {souq.platform.events=UNKNOWN_TOPIC_OR_PARTITION, souq.publisher.events=UNKNOWN_TOPIC_OR_PARTITION}
2026-02-28T16:53:11.000+01:00  WARN 42770 --- [notification-service] [ntainer#0-0-C-1] org.apache.kafka.clients.NetworkClient   : [Consumer clientId=consumer-notification-service-1, groupId=notification-service] Error while fetching metadata with correlation id 968 : {souq.platform.events=UNKNOWN_TOPIC_OR_PARTITION, souq.publisher.events=UNKNOWN_TOPIC_OR_PARTITION}
2026-02-28T16:53:11.994+01:00  WARN 42770 --- [notification-service] [ntainer#0-0-C-1] org.apache.kafka.clients.NetworkClient   : [Consumer clientId=consumer-notification-service-1, groupId=notification-service] Error while fetching metadata with correlation id 970 : {souq.platform.events=UNKNOWN_TOPIC_OR_PARTITION, souq.publisher.events=UNKNOWN_TOPIC_OR_PARTITION}
2026-02-28T16:53:12.995+01:00  WARN 42770 --- [notification-service] [ntainer#0-0-C-1] org.apache.kafka.clients.NetworkClient   : [Consumer clientId=consumer-notification-service-1, groupId=notification-service] Error while fetching metadata with correlation id 971 : {souq.platform.events=UNKNOWN_TOPIC_OR_PARTITION, souq.publisher.events=UNKNOWN_TOPIC_OR_PARTITION}
2026-02-28T16:53:13.996+01:00  WARN 42770 --- [notification-service] [ntainer#0-0-C-1] org.apache.kafka.clients.NetworkClient   : [Consumer clientId=consumer-notification-service-1, groupId=notification-service] Error while fetching metadata with correlation id 972 : {souq.platform.events=UNKNOWN_TOPIC_OR_PARTITION, souq.publisher.events=UNKNOWN_TOPIC_OR_PARTITION}
2026-02-28T16:53:14.898+01:00  WARN 42770 --- [notification-service] [ntainer#0-0-C-1] org.apache.kafka.clients.NetworkClient   : [Consumer clientId=consumer-notification-service-1, groupId=notification-service] Error while fetching metadata with correlation id 974 : {souq.platform.events=UNKNOWN_TOPIC_OR_PARTITION, souq.publisher.events=UNKNOWN_TOPIC_OR_PARTITION}
2026-02-28T16:53:15.847+01:00  WARN 42770 --- [notification-service] [ntainer#0-0-C-1] org.apache.kafka.clients.NetworkClient   : [Consumer clientId=consumer-notification-service-1, groupId=notification-service] Error while fetching metadata with correlation id 975 : {souq.platform.events=UNKNOWN_TOPIC_OR_PARTITION, souq.publisher.events=UNKNOWN_TOPIC_OR_PARTITION}
2026-02-28T16:53:16.844+01:00  WARN 42770 --- [notification-service] [ntainer#0-0-C-1] org.apache.kafka.clients.NetworkClient   : [Consumer clientId=consumer-notification-service-1, groupId=notification-service] Error while fetching metadata with correlation id 976 : {souq.platform.events=UNKNOWN_TOPIC_OR_PARTITION, souq.publisher.events=UNKNOWN_TOPIC_OR_PARTITION}
2026-02-28T16:53:17.693+01:00  WARN 42770 --- [notification-service] [ntainer#0-0-C-1] org.apache.kafka.clients.NetworkClient   : [Consumer clientId=consumer-notification-service-1, groupId=notification-service] Error while fetching metadata with correlation id 977 : {souq.platform.events=UNKNOWN_TOPIC_OR_PARTITION, souq.publisher.events=UNKNOWN_TOPIC_OR_PARTITION}
2026-02-28T16:53:18.598+01:00  WARN 42770 --- [notification-service] [ntainer#0-0-C-1] org.apache.kafka.clients.NetworkClient   : [Consumer clientId=consumer-notification-service-1, groupId=notification-service] Error while fetching metadata with correlation id 979 : {souq.platform.events=UNKNOWN_TOPIC_OR_PARTITION, souq.publisher.events=UNKNOWN_TOPIC_OR_PARTITION}
2026-02-28T16:53:19.599+01:00  WARN 42770 --- [notification-service] [ntainer#0-0-C-1] org.apache.kafka.clients.NetworkClient   : [Consumer clientId=consumer-notification-service-1, groupId=notification-service] Error while fetching metadata with correlation id 980 : {souq.platform.events=UNKNOWN_TOPIC_OR_PARTITION, souq.publisher.events=UNKNOWN_TOPIC_OR_PARTITION}
2026-02-28T16:53:20.600+01:00  WARN 42770 --- [notification-service] [ntainer#0-0-C-1] org.apache.kafka.clients.NetworkClient   : [Consumer clientId=consumer-notification-service-1, groupId=notification-service] Error while fetching metadata with correlation id 981 : {souq.platform.events=UNKNOWN_TOPIC_OR_PARTITION, souq.publisher.events=UNKNOWN_TOPIC_OR_PARTITION}
2026-02-28T16:53:21.585+01:00  WARN 42770 --- [notification-service] [ntainer#0-0-C-1] org.apache.kafka.clients.NetworkClient   : [Consumer clientId=consumer-notification-service-1, groupId=notification-service] Error while fetching metadata with correlation id 983 : {souq.platform.events=UNKNOWN_TOPIC_OR_PARTITION, souq.publisher.events=UNKNOWN_TOPIC_OR_PARTITION}
2026-02-28T16:53:22.586+01:00  WARN 42770 --- [notification-service] [ntainer#0-0-C-1] org.apache.kafka.clients.NetworkClient   : [Consumer clientId=consumer-notification-service-1, groupId=notification-service] Error while fetching metadata with correlation id 984 : {souq.platform.events=UNKNOWN_TOPIC_OR_PARTITION, souq.publisher.events=UNKNOWN_TOPIC_OR_PARTITION}
2026-02-28T16:53:23.587+01:00  WARN 42770 --- [notification-service] [ntainer#0-0-C-1] org.apache.kafka.clients.NetworkClient   : [Consumer clientId=consumer-notification-service-1, groupId=notification-service] Error while fetching metadata with correlation id 985 : {souq.platform.events=UNKNOWN_TOPIC_OR_PARTITION, souq.publisher.events=UNKNOWN_TOPIC_OR_PARTITION}
2026-02-28T16:53:24.498+01:00  WARN 42770 --- [notification-service] [ntainer#0-0-C-1] org.apache.kafka.clients.NetworkClient   : [Consumer clientId=consumer-notification-service-1, groupId=notification-service] Error while fetching metadata with correlation id 987 : {souq.platform.events=UNKNOWN_TOPIC_OR_PARTITION, souq.publisher.events=UNKNOWN_TOPIC_OR_PARTITION}
2026-02-28T16:53:25.499+01:00  WARN 42770 --- [notification-service] [ntainer#0-0-C-1] org.apache.kafka.clients.NetworkClient   : [Consumer clientId=consumer-notification-service-1, groupId=notification-service] Error while fetching metadata with correlation id 988 : {souq.platform.events=UNKNOWN_TOPIC_OR_PARTITION, souq.publisher.events=UNKNOWN_TOPIC_OR_PARTITION}
2026-02-28T16:53:26.405+01:00  WARN 42770 --- [notification-service] [ntainer#0-0-C-1] org.apache.kafka.clients.NetworkClient   : [Consumer clientId=consumer-notification-service-1, groupId=notification-service] Error while fetching metadata with correlation id 989 : {souq.platform.events=UNKNOWN_TOPIC_OR_PARTITION, souq.publisher.events=UNKNOWN_TOPIC_OR_PARTITION}
2026-02-28T16:53:27.310+01:00  WARN 42770 --- [notification-service] [ntainer#0-0-C-1] org.apache.kafka.clients.NetworkClient   : [Consumer clientId=consumer-notification-service-1, groupId=notification-service] Error while fetching metadata with correlation id 991 : {souq.platform.events=UNKNOWN_TOPIC_OR_PARTITION, souq.publisher.events=UNKNOWN_TOPIC_OR_PARTITION}
2026-02-28T16:53:28.311+01:00  WARN 42770 --- [notification-service] [ntainer#0-0-C-1] org.apache.kafka.clients.NetworkClient   : [Consumer clientId=consumer-notification-service-1, groupId=notification-service] Error while fetching metadata with correlation id 992 : {souq.platform.events=UNKNOWN_TOPIC_OR_PARTITION, souq.publisher.events=UNKNOWN_TOPIC_OR_PARTITION}
2026-02-28T16:53:29.312+01:00  WARN 42770 --- [notification-service] [ntainer#0-0-C-1] org.apache.kafka.clients.NetworkClient   : [Consumer clientId=consumer-notification-service-1, groupId=notification-service] Error while fetching metadata with correlation id 993 : {souq.platform.events=UNKNOWN_TOPIC_OR_PARTITION, souq.publisher.events=UNKNOWN_TOPIC_OR_PARTITION}
2026-02-28T16:53:30.297+01:00  WARN 42770 --- [notification-service] [ntainer#0-0-C-1] org.apache.kafka.clients.NetworkClient   : [Consumer clientId=consumer-notification-service-1, groupId=notification-service] Error while fetching metadata with correlation id 995 : {souq.platform.events=UNKNOWN_TOPIC_OR_PARTITION, souq.publisher.events=UNKNOWN_TOPIC_OR_PARTITION}
2026-02-28T16:53:31.295+01:00  WARN 42770 --- [notification-service] [ntainer#0-0-C-1] org.apache.kafka.clients.NetworkClient   : [Consumer clientId=consumer-notification-service-1, groupId=notification-service] Error while fetching metadata with correlation id 996 : {souq.platform.events=UNKNOWN_TOPIC_OR_PARTITION, souq.publisher.events=UNKNOWN_TOPIC_OR_PARTITION}
2026-02-28T16:53:32.295+01:00  WARN 42770 --- [notification-service] [ntainer#0-0-C-1] org.apache.kafka.clients.NetworkClient   : [Consumer clientId=consumer-notification-service-1, groupId=notification-service] Error while fetching metadata with correlation id 997 : {souq.platform.events=UNKNOWN_TOPIC_OR_PARTITION, souq.publisher.events=UNKNOWN_TOPIC_OR_PARTITION}
2026-02-28T16:53:33.296+01:00  WARN 42770 --- [notification-service] [ntainer#0-0-C-1] org.apache.kafka.clients.NetworkClient   : [Consumer clientId=consumer-notification-service-1, groupId=notification-service] Error while fetching metadata with correlation id 999 : {souq.platform.events=UNKNOWN_TOPIC_OR_PARTITION, souq.publisher.events=UNKNOWN_TOPIC_OR_PARTITION}
2026-02-28T16:53:34.203+01:00  WARN 42770 --- [notification-service] [ntainer#0-0-C-1] org.apache.kafka.clients.NetworkClient   : [Consumer clientId=consumer-notification-service-1, groupId=notification-service] Error while fetching metadata with correlation id 1000 : {souq.platform.events=UNKNOWN_TOPIC_OR_PARTITION, souq.publisher.events=UNKNOWN_TOPIC_OR_PARTITION}
2026-02-28T16:53:35.161+01:00  WARN 42770 --- [notification-service] [ntainer#0-0-C-1] org.apache.kafka.clients.NetworkClient   : [Consumer clientId=consumer-notification-service-1, groupId=notification-service] Error while fetching metadata with correlation id 1001 : {souq.platform.events=UNKNOWN_TOPIC_OR_PARTITION, souq.publisher.events=UNKNOWN_TOPIC_OR_PARTITION}
2026-02-28T16:53:36.097+01:00  WARN 42770 --- [notification-service] [ntainer#0-0-C-1] org.apache.kafka.clients.NetworkClient   : [Consumer clientId=consumer-notification-service-1, groupId=notification-service] Error while fetching metadata with correlation id 1003 : {souq.platform.events=UNKNOWN_TOPIC_OR_PARTITION, souq.publisher.events=UNKNOWN_TOPIC_OR_PARTITION}
2026-02-28T16:53:36.914+01:00  WARN 42770 --- [notification-service] [ntainer#0-0-C-1] org.apache.kafka.clients.NetworkClient   : [Consumer clientId=consumer-notification-service-1, groupId=notification-service] Error while fetching metadata with correlation id 1004 : {souq.platform.events=UNKNOWN_TOPIC_OR_PARTITION, souq.publisher.events=UNKNOWN_TOPIC_OR_PARTITION}
2026-02-28T16:53:37.916+01:00  WARN 42770 --- [notification-service] [ntainer#0-0-C-1] org.apache.kafka.clients.NetworkClient   : [Consumer clientId=consumer-notification-service-1, groupId=notification-service] Error while fetching metadata with correlation id 1005 : {souq.platform.events=UNKNOWN_TOPIC_OR_PARTITION, souq.publisher.events=UNKNOWN_TOPIC_OR_PARTITION}
2026-02-28T16:53:38.897+01:00  WARN 42770 --- [notification-service] [ntainer#0-0-C-1] org.apache.kafka.clients.NetworkClient   : [Consumer clientId=consumer-notification-service-1, groupId=notification-service] Error while fetching metadata with correlation id 1007 : {souq.platform.events=UNKNOWN_TOPIC_OR_PARTITION, souq.publisher.events=UNKNOWN_TOPIC_OR_PARTITION}
2026-02-28T16:53:39.879+01:00  WARN 42770 --- [notification-service] [ntainer#0-0-C-1] org.apache.kafka.clients.NetworkClient   : [Consumer clientId=consumer-notification-service-1, groupId=notification-service] Error while fetching metadata with correlation id 1008 : {souq.platform.events=UNKNOWN_TOPIC_OR_PARTITION, souq.publisher.events=UNKNOWN_TOPIC_OR_PARTITION}
2026-02-28T16:53:40.879+01:00  WARN 42770 --- [notification-service] [ntainer#0-0-C-1] org.apache.kafka.clients.NetworkClient   : [Consumer clientId=consumer-notification-service-1, groupId=notification-service] Error while fetching metadata with correlation id 1009 : {souq.platform.events=UNKNOWN_TOPIC_OR_PARTITION, souq.publisher.events=UNKNOWN_TOPIC_OR_PARTITION}
2026-02-28T16:53:41.838+01:00  WARN 42770 --- [notification-service] [ntainer#0-0-C-1] org.apache.kafka.clients.NetworkClient   : [Consumer clientId=consumer-notification-service-1, groupId=notification-service] Error while fetching metadata with correlation id 1011 : {souq.platform.events=UNKNOWN_TOPIC_OR_PARTITION, souq.publisher.events=UNKNOWN_TOPIC_OR_PARTITION}
2026-02-28T16:53:42.744+01:00  WARN 42770 --- [notification-service] [ntainer#0-0-C-1] org.apache.kafka.clients.NetworkClient   : [Consumer clientId=consumer-notification-service-1, groupId=notification-service] Error while fetching metadata with correlation id 1012 : {souq.platform.events=UNKNOWN_TOPIC_OR_PARTITION, souq.publisher.events=UNKNOWN_TOPIC_OR_PARTITION}
2026-02-28T16:53:43.745+01:00  WARN 42770 --- [notification-service] [ntainer#0-0-C-1] org.apache.kafka.clients.NetworkClient   : [Consumer clientId=consumer-notification-service-1, groupId=notification-service] Error while fetching metadata with correlation id 1013 : {souq.platform.events=UNKNOWN_TOPIC_OR_PARTITION, souq.publisher.events=UNKNOWN_TOPIC_OR_PARTITION}
2026-02-28T16:53:44.697+01:00  WARN 42770 --- [notification-service] [ntainer#0-0-C-1] org.apache.kafka.clients.NetworkClient   : [Consumer clientId=consumer-notification-service-1, groupId=notification-service] Error while fetching metadata with correlation id 1015 : {souq.platform.events=UNKNOWN_TOPIC_OR_PARTITION, souq.publisher.events=UNKNOWN_TOPIC_OR_PARTITION}
2026-02-28T16:53:45.698+01:00  WARN 42770 --- [notification-service] [ntainer#0-0-C-1] org.apache.kafka.clients.NetworkClient   : [Consumer clientId=consumer-notification-service-1, groupId=notification-service] Error while fetching metadata with correlation id 1016 : {souq.platform.events=UNKNOWN_TOPIC_OR_PARTITION, souq.publisher.events=UNKNOWN_TOPIC_OR_PARTITION}
2026-02-28T16:53:46.613+01:00  WARN 42770 --- [notification-service] [ntainer#0-0-C-1] org.apache.kafka.clients.NetworkClient   : [Consumer clientId=consumer-notification-service-1, groupId=notification-service] Error while fetching metadata with correlation id 1017 : {souq.platform.events=UNKNOWN_TOPIC_OR_PARTITION, souq.publisher.events=UNKNOWN_TOPIC_OR_PARTITION}
2026-02-28T16:53:47.518+01:00  WARN 42770 --- [notification-service] [ntainer#0-0-C-1] org.apache.kafka.clients.NetworkClient   : [Consumer clientId=consumer-notification-service-1, groupId=notification-service] Error while fetching metadata with correlation id 1018 : {souq.platform.events=UNKNOWN_TOPIC_OR_PARTITION, souq.publisher.events=UNKNOWN_TOPIC_OR_PARTITION}
2026-02-28T16:53:48.519+01:00  WARN 42770 --- [notification-service] [ntainer#0-0-C-1] org.apache.kafka.clients.NetworkClient   : [Consumer clientId=consumer-notification-service-1, groupId=notification-service] Error while fetching metadata with correlation id 1020 : {souq.platform.events=UNKNOWN_TOPIC_OR_PARTITION, souq.publisher.events=UNKNOWN_TOPIC_OR_PARTITION}
2026-02-28T16:53:49.520+01:00  WARN 42770 --- [notification-service] [ntainer#0-0-C-1] org.apache.kafka.clients.NetworkClient   : [Consumer clientId=consumer-notification-service-1, groupId=notification-service] Error while fetching metadata with correlation id 1021 : {souq.platform.events=UNKNOWN_TOPIC_OR_PARTITION, souq.publisher.events=UNKNOWN_TOPIC_OR_PARTITION}
2026-02-28T16:53:50.521+01:00  WARN 42770 --- [notification-service] [ntainer#0-0-C-1] org.apache.kafka.clients.NetworkClient   : [Consumer clientId=consumer-notification-service-1, groupId=notification-service] Error while fetching metadata with correlation id 1022 : {souq.platform.events=UNKNOWN_TOPIC_OR_PARTITION, souq.publisher.events=UNKNOWN_TOPIC_OR_PARTITION}
2026-02-28T16:53:51.502+01:00  WARN 42770 --- [notification-service] [ntainer#0-0-C-1] org.apache.kafka.clients.NetworkClient   : [Consumer clientId=consumer-notification-service-1, groupId=notification-service] Error while fetching metadata with correlation id 1024 : {souq.platform.events=UNKNOWN_TOPIC_OR_PARTITION, souq.publisher.events=UNKNOWN_TOPIC_OR_PARTITION}
2026-02-28T16:53:52.418+01:00  WARN 42770 --- [notification-service] [ntainer#0-0-C-1] org.apache.kafka.clients.NetworkClient   : [Consumer clientId=consumer-notification-service-1, groupId=notification-service] Error while fetching metadata with correlation id 1025 : {souq.platform.events=UNKNOWN_TOPIC_OR_PARTITION, souq.publisher.events=UNKNOWN_TOPIC_OR_PARTITION}
2026-02-28T16:53:53.419+01:00  WARN 42770 --- [notification-service] [ntainer#0-0-C-1] org.apache.kafka.clients.NetworkClient   : [Consumer clientId=consumer-notification-service-1, groupId=notification-service] Error while fetching metadata with correlation id 1026 : {souq.platform.events=UNKNOWN_TOPIC_OR_PARTITION, souq.publisher.events=UNKNOWN_TOPIC_OR_PARTITION}
2026-02-28T16:53:54.302+01:00  WARN 42770 --- [notification-service] [ntainer#0-0-C-1] org.apache.kafka.clients.NetworkClient   : [Consumer clientId=consumer-notification-service-1, groupId=notification-service] Error while fetching metadata with correlation id 1028 : {souq.platform.events=UNKNOWN_TOPIC_OR_PARTITION, souq.publisher.events=UNKNOWN_TOPIC_OR_PARTITION}
2026-02-28T16:53:55.254+01:00  WARN 42770 --- [notification-service] [ntainer#0-0-C-1] org.apache.kafka.clients.NetworkClient   : [Consumer clientId=consumer-notification-service-1, groupId=notification-service] Error while fetching metadata with correlation id 1029 : {souq.platform.events=UNKNOWN_TOPIC_OR_PARTITION, souq.publisher.events=UNKNOWN_TOPIC_OR_PARTITION}
2026-02-28T16:53:56.255+01:00  WARN 42770 --- [notification-service] [ntainer#0-0-C-1] org.apache.kafka.clients.NetworkClient   : [Consumer clientId=consumer-notification-service-1, groupId=notification-service] Error while fetching metadata with correlation id 1030 : {souq.platform.events=UNKNOWN_TOPIC_OR_PARTITION, souq.publisher.events=UNKNOWN_TOPIC_OR_PARTITION}
2026-02-28T16:53:57.102+01:00  WARN 42770 --- [notification-service] [ntainer#0-0-C-1] org.apache.kafka.clients.NetworkClient   : [Consumer clientId=consumer-notification-service-1, groupId=notification-service] Error while fetching metadata with correlation id 1032 : {souq.platform.events=UNKNOWN_TOPIC_OR_PARTITION, souq.publisher.events=UNKNOWN_TOPIC_OR_PARTITION}
2026-02-28T16:53:58.007+01:00  WARN 42770 --- [notification-service] [ntainer#0-0-C-1] org.apache.kafka.clients.NetworkClient   : [Consumer clientId=consumer-notification-service-1, groupId=notification-service] Error while fetching metadata with correlation id 1033 : {souq.platform.events=UNKNOWN_TOPIC_OR_PARTITION, souq.publisher.events=UNKNOWN_TOPIC_OR_PARTITION}
2026-02-28T16:53:59.007+01:00  WARN 42770 --- [notification-service] [ntainer#0-0-C-1] org.apache.kafka.clients.NetworkClient   : [Consumer clientId=consumer-notification-service-1, groupId=notification-service] Error while fetching metadata with correlation id 1034 : {souq.platform.events=UNKNOWN_TOPIC_OR_PARTITION, souq.publisher.events=UNKNOWN_TOPIC_OR_PARTITION}
2026-02-28T16:54:00.008+01:00  WARN 42770 --- [notification-service] [ntainer#0-0-C-1] org.apache.kafka.clients.NetworkClient   : [Consumer clientId=consumer-notification-service-1, groupId=notification-service] Error while fetching metadata with correlation id 1036 : {souq.platform.events=UNKNOWN_TOPIC_OR_PARTITION, souq.publisher.events=UNKNOWN_TOPIC_OR_PARTITION}
2026-02-28T16:54:00.925+01:00  WARN 42770 --- [notification-service] [ntainer#0-0-C-1] org.apache.kafka.clients.NetworkClient   : [Consumer clientId=consumer-notification-service-1, groupId=notification-service] Error while fetching metadata with correlation id 1037 : {souq.platform.events=UNKNOWN_TOPIC_OR_PARTITION, souq.publisher.events=UNKNOWN_TOPIC_OR_PARTITION}
2026-02-28T16:54:01.926+01:00  WARN 42770 --- [notification-service] [ntainer#0-0-C-1] org.apache.kafka.clients.NetworkClient   : [Consumer clientId=consumer-notification-service-1, groupId=notification-service] Error while fetching metadata with correlation id 1038 : {souq.platform.events=UNKNOWN_TOPIC_OR_PARTITION, souq.publisher.events=UNKNOWN_TOPIC_OR_PARTITION}
2026-02-28T16:54:02.803+01:00  WARN 42770 --- [notification-service] [ntainer#0-0-C-1] org.apache.kafka.clients.NetworkClient   : [Consumer clientId=consumer-notification-service-1, groupId=notification-service] Error while fetching metadata with correlation id 1040 : {souq.platform.events=UNKNOWN_TOPIC_OR_PARTITION, souq.publisher.events=UNKNOWN_TOPIC_OR_PARTITION}
2026-02-28T16:54:03.690+01:00  WARN 42770 --- [notification-service] [ntainer#0-0-C-1] org.apache.kafka.clients.NetworkClient   : [Consumer clientId=consumer-notification-service-1, groupId=notification-service] Error while fetching metadata with correlation id 1041 : {souq.platform.events=UNKNOWN_TOPIC_OR_PARTITION, souq.publisher.events=UNKNOWN_TOPIC_OR_PARTITION}
2026-02-28T16:54:04.691+01:00  WARN 42770 --- [notification-service] [ntainer#0-0-C-1] org.apache.kafka.clients.NetworkClient   : [Consumer clientId=consumer-notification-service-1, groupId=notification-service] Error while fetching metadata with correlation id 1042 : {souq.platform.events=UNKNOWN_TOPIC_OR_PARTITION, souq.publisher.events=UNKNOWN_TOPIC_OR_PARTITION}
2026-02-28T16:54:05.692+01:00  WARN 42770 --- [notification-service] [ntainer#0-0-C-1] org.apache.kafka.clients.NetworkClient   : [Consumer clientId=consumer-notification-service-1, groupId=notification-service] Error while fetching metadata with correlation id 1043 : {souq.platform.events=UNKNOWN_TOPIC_OR_PARTITION, souq.publisher.events=UNKNOWN_TOPIC_OR_PARTITION}
2026-02-28T16:54:06.640+01:00  WARN 42770 --- [notification-service] [ntainer#0-0-C-1] org.apache.kafka.clients.NetworkClient   : [Consumer clientId=consumer-notification-service-1, groupId=notification-service] Error while fetching metadata with correlation id 1045 : {souq.platform.events=UNKNOWN_TOPIC_OR_PARTITION, souq.publisher.events=UNKNOWN_TOPIC_OR_PARTITION}
2026-02-28T16:54:07.640+01:00  WARN 42770 --- [notification-service] [ntainer#0-0-C-1] org.apache.kafka.clients.NetworkClient   : [Consumer clientId=consumer-notification-service-1, groupId=notification-service] Error while fetching metadata with correlation id 1046 : {souq.platform.events=UNKNOWN_TOPIC_OR_PARTITION, souq.publisher.events=UNKNOWN_TOPIC_OR_PARTITION}
2026-02-28T16:54:08.641+01:00  WARN 42770 --- [notification-service] [ntainer#0-0-C-1] org.apache.kafka.clients.NetworkClient   : [Consumer clientId=consumer-notification-service-1, groupId=notification-service] Error while fetching metadata with correlation id 1047 : {souq.platform.events=UNKNOWN_TOPIC_OR_PARTITION, souq.publisher.events=UNKNOWN_TOPIC_OR_PARTITION}
2026-02-28T16:54:09.631+01:00  WARN 42770 --- [notification-service] [ntainer#0-0-C-1] org.apache.kafka.clients.NetworkClient   : [Consumer clientId=consumer-notification-service-1, groupId=notification-service] Error while fetching metadata with correlation id 1049 : {souq.platform.events=UNKNOWN_TOPIC_OR_PARTITION, souq.publisher.events=UNKNOWN_TOPIC_OR_PARTITION}
2026-02-28T16:54:10.632+01:00  WARN 42770 --- [notification-service] [ntainer#0-0-C-1] org.apache.kafka.clients.NetworkClient   : [Consumer clientId=consumer-notification-service-1, groupId=notification-service] Error while fetching metadata with correlation id 1050 : {souq.platform.events=UNKNOWN_TOPIC_OR_PARTITION, souq.publisher.events=UNKNOWN_TOPIC_OR_PARTITION}
2026-02-28T16:54:11.616+01:00  WARN 42770 --- [notification-service] [ntainer#0-0-C-1] org.apache.kafka.clients.NetworkClient   : [Consumer clientId=consumer-notification-service-1, groupId=notification-service] Error while fetching metadata with correlation id 1051 : {souq.platform.events=UNKNOWN_TOPIC_OR_PARTITION, souq.publisher.events=UNKNOWN_TOPIC_OR_PARTITION}
2026-02-28T16:54:12.507+01:00  WARN 42770 --- [notification-service] [ntainer#0-0-C-1] org.apache.kafka.clients.NetworkClient   : [Consumer clientId=consumer-notification-service-1, groupId=notification-service] Error while fetching metadata with correlation id 1053 : {souq.platform.events=UNKNOWN_TOPIC_OR_PARTITION, souq.publisher.events=UNKNOWN_TOPIC_OR_PARTITION}
2026-02-28T16:54:13.508+01:00  WARN 42770 --- [notification-service] [ntainer#0-0-C-1] org.apache.kafka.clients.NetworkClient   : [Consumer clientId=consumer-notification-service-1, groupId=notification-service] Error while fetching metadata with correlation id 1054 : {souq.platform.events=UNKNOWN_TOPIC_OR_PARTITION, souq.publisher.events=UNKNOWN_TOPIC_OR_PARTITION}
2026-02-28T16:54:14.509+01:00  WARN 42770 --- [notification-service] [ntainer#0-0-C-1] org.apache.kafka.clients.NetworkClient   : [Consumer clientId=consumer-notification-service-1, groupId=notification-service] Error while fetching metadata with correlation id 1055 : {souq.platform.events=UNKNOWN_TOPIC_OR_PARTITION, souq.publisher.events=UNKNOWN_TOPIC_OR_PARTITION}
2026-02-28T16:54:15.408+01:00  WARN 42770 --- [notification-service] [ntainer#0-0-C-1] org.apache.kafka.clients.NetworkClient   : [Consumer clientId=consumer-notification-service-1, groupId=notification-service] Error while fetching metadata with correlation id 1057 : {souq.platform.events=UNKNOWN_TOPIC_OR_PARTITION, souq.publisher.events=UNKNOWN_TOPIC_OR_PARTITION}
2026-02-28T16:54:16.306+01:00  WARN 42770 --- [notification-service] [ntainer#0-0-C-1] org.apache.kafka.clients.NetworkClient   : [Consumer clientId=consumer-notification-service-1, groupId=notification-service] Error while fetching metadata with correlation id 1058 : {souq.platform.events=UNKNOWN_TOPIC_OR_PARTITION, souq.publisher.events=UNKNOWN_TOPIC_OR_PARTITION}
2026-02-28T16:54:17.307+01:00  WARN 42770 --- [notification-service] [ntainer#0-0-C-1] org.apache.kafka.clients.NetworkClient   : [Consumer clientId=consumer-notification-service-1, groupId=notification-service] Error while fetching metadata with correlation id 1059 : {souq.platform.events=UNKNOWN_TOPIC_OR_PARTITION, souq.publisher.events=UNKNOWN_TOPIC_OR_PARTITION}
2026-02-28T16:54:18.237+01:00  WARN 42770 --- [notification-service] [ntainer#0-0-C-1] org.apache.kafka.clients.NetworkClient   : [Consumer clientId=consumer-notification-service-1, groupId=notification-service] Error while fetching metadata with correlation id 1061 : {souq.platform.events=UNKNOWN_TOPIC_OR_PARTITION, souq.publisher.events=UNKNOWN_TOPIC_OR_PARTITION}
2026-02-28T16:54:19.120+01:00  WARN 42770 --- [notification-service] [ntainer#0-0-C-1] org.apache.kafka.clients.NetworkClient   : [Consumer clientId=consumer-notification-service-1, groupId=notification-service] Error while fetching metadata with correlation id 1062 : {souq.platform.events=UNKNOWN_TOPIC_OR_PARTITION, souq.publisher.events=UNKNOWN_TOPIC_OR_PARTITION}
2026-02-28T16:54:20.100+01:00  WARN 42770 --- [notification-service] [ntainer#0-0-C-1] org.apache.kafka.clients.NetworkClient   : [Consumer clientId=consumer-notification-service-1, groupId=notification-service] Error while fetching metadata with correlation id 1063 : {souq.platform.events=UNKNOWN_TOPIC_OR_PARTITION, souq.publisher.events=UNKNOWN_TOPIC_OR_PARTITION}
2026-02-28T16:54:21.101+01:00  WARN 42770 --- [notification-service] [ntainer#0-0-C-1] org.apache.kafka.clients.NetworkClient   : [Consumer clientId=consumer-notification-service-1, groupId=notification-service] Error while fetching metadata with correlation id 1065 : {souq.platform.events=UNKNOWN_TOPIC_OR_PARTITION, souq.publisher.events=UNKNOWN_TOPIC_OR_PARTITION}
2026-02-28T16:54:22.102+01:00  WARN 42770 --- [notification-service] [ntainer#0-0-C-1] org.apache.kafka.clients.NetworkClient   : [Consumer clientId=consumer-notification-service-1, groupId=notification-service] Error while fetching metadata with correlation id 1066 : {souq.platform.events=UNKNOWN_TOPIC_OR_PARTITION, souq.publisher.events=UNKNOWN_TOPIC_OR_PARTITION}
2026-02-28T16:54:23.103+01:00  WARN 42770 --- [notification-service] [ntainer#0-0-C-1] org.apache.kafka.clients.NetworkClient   : [Consumer clientId=consumer-notification-service-1, groupId=notification-service] Error while fetching metadata with correlation id 1067 : {souq.platform.events=UNKNOWN_TOPIC_OR_PARTITION, souq.publisher.events=UNKNOWN_TOPIC_OR_PARTITION}
2026-02-28T16:54:23.997+01:00  WARN 42770 --- [notification-service] [ntainer#0-0-C-1] org.apache.kafka.clients.NetworkClient   : [Consumer clientId=consumer-notification-service-1, groupId=notification-service] Error while fetching metadata with correlation id 1069 : {souq.platform.events=UNKNOWN_TOPIC_OR_PARTITION, souq.publisher.events=UNKNOWN_TOPIC_OR_PARTITION}
2026-02-28T16:54:24.902+01:00  WARN 42770 --- [notification-service] [ntainer#0-0-C-1] org.apache.kafka.clients.NetworkClient   : [Consumer clientId=consumer-notification-service-1, groupId=notification-service] Error while fetching metadata with correlation id 1070 : {souq.platform.events=UNKNOWN_TOPIC_OR_PARTITION, souq.publisher.events=UNKNOWN_TOPIC_OR_PARTITION}
2026-02-28T16:54:25.903+01:00  WARN 42770 --- [notification-service] [ntainer#0-0-C-1] org.apache.kafka.clients.NetworkClient   : [Consumer clientId=consumer-notification-service-1, groupId=notification-service] Error while fetching metadata with correlation id 1071 : {souq.platform.events=UNKNOWN_TOPIC_OR_PARTITION, souq.publisher.events=UNKNOWN_TOPIC_OR_PARTITION}
2026-02-28T16:54:26.705+01:00  WARN 42770 --- [notification-service] [ntainer#0-0-C-1] org.apache.kafka.clients.NetworkClient   : [Consumer clientId=consumer-notification-service-1, groupId=notification-service] Error while fetching metadata with correlation id 1072 : {souq.platform.events=UNKNOWN_TOPIC_OR_PARTITION, souq.publisher.events=UNKNOWN_TOPIC_OR_PARTITION}
2026-02-28T16:54:27.510+01:00  WARN 42770 --- [notification-service] [ntainer#0-0-C-1] org.apache.kafka.clients.NetworkClient   : [Consumer clientId=consumer-notification-service-1, groupId=notification-service] Error while fetching metadata with correlation id 1074 : {souq.platform.events=UNKNOWN_TOPIC_OR_PARTITION, souq.publisher.events=UNKNOWN_TOPIC_OR_PARTITION}
2026-02-28T16:54:28.426+01:00  WARN 42770 --- [notification-service] [ntainer#0-0-C-1] org.apache.kafka.clients.NetworkClient   : [Consumer clientId=consumer-notification-service-1, groupId=notification-service] Error while fetching metadata with correlation id 1075 : {souq.platform.events=UNKNOWN_TOPIC_OR_PARTITION, souq.publisher.events=UNKNOWN_TOPIC_OR_PARTITION}
2026-02-28T16:54:29.427+01:00  WARN 42770 --- [notification-service] [ntainer#0-0-C-1] org.apache.kafka.clients.NetworkClient   : [Consumer clientId=consumer-notification-service-1, groupId=notification-service] Error while fetching metadata with correlation id 1076 : {souq.platform.events=UNKNOWN_TOPIC_OR_PARTITION, souq.publisher.events=UNKNOWN_TOPIC_OR_PARTITION}
2026-02-28T16:54:30.387+01:00  WARN 42770 --- [notification-service] [ntainer#0-0-C-1] org.apache.kafka.clients.NetworkClient   : [Consumer clientId=consumer-notification-service-1, groupId=notification-service] Error while fetching metadata with correlation id 1078 : {souq.platform.events=UNKNOWN_TOPIC_OR_PARTITION, souq.publisher.events=UNKNOWN_TOPIC_OR_PARTITION}
2026-02-28T16:54:31.388+01:00  WARN 42770 --- [notification-service] [ntainer#0-0-C-1] org.apache.kafka.clients.NetworkClient   : [Consumer clientId=consumer-notification-service-1, groupId=notification-service] Error while fetching metadata with correlation id 1079 : {souq.platform.events=UNKNOWN_TOPIC_OR_PARTITION, souq.publisher.events=UNKNOWN_TOPIC_OR_PARTITION}
2026-02-28T16:54:32.389+01:00  WARN 42770 --- [notification-service] [ntainer#0-0-C-1] org.apache.kafka.clients.NetworkClient   : [Consumer clientId=consumer-notification-service-1, groupId=notification-service] Error while fetching metadata with correlation id 1080 : {souq.platform.events=UNKNOWN_TOPIC_OR_PARTITION, souq.publisher.events=UNKNOWN_TOPIC_OR_PARTITION}
2026-02-28T16:54:33.390+01:00  WARN 42770 --- [notification-service] [ntainer#0-0-C-1] org.apache.kafka.clients.NetworkClient   : [Consumer clientId=consumer-notification-service-1, groupId=notification-service] Error while fetching metadata with correlation id 1082 : {souq.platform.events=UNKNOWN_TOPIC_OR_PARTITION, souq.publisher.events=UNKNOWN_TOPIC_OR_PARTITION}
2026-02-28T16:54:34.391+01:00  WARN 42770 --- [notification-service] [ntainer#0-0-C-1] org.apache.kafka.clients.NetworkClient   : [Consumer clientId=consumer-notification-service-1, groupId=notification-service] Error while fetching metadata with correlation id 1083 : {souq.platform.events=UNKNOWN_TOPIC_OR_PARTITION, souq.publisher.events=UNKNOWN_TOPIC_OR_PARTITION}
2026-02-28T16:54:35.292+01:00  WARN 42770 --- [notification-service] [ntainer#0-0-C-1] org.apache.kafka.clients.NetworkClient   : [Consumer clientId=consumer-notification-service-1, groupId=notification-service] Error while fetching metadata with correlation id 1084 : {souq.platform.events=UNKNOWN_TOPIC_OR_PARTITION, souq.publisher.events=UNKNOWN_TOPIC_OR_PARTITION}
2026-02-28T16:54:36.274+01:00  WARN 42770 --- [notification-service] [ntainer#0-0-C-1] org.apache.kafka.clients.NetworkClient   : [Consumer clientId=consumer-notification-service-1, groupId=notification-service] Error while fetching metadata with correlation id 1086 : {souq.platform.events=UNKNOWN_TOPIC_OR_PARTITION, souq.publisher.events=UNKNOWN_TOPIC_OR_PARTITION}
2026-02-28T16:54:37.120+01:00  WARN 42770 --- [notification-service] [ntainer#0-0-C-1] org.apache.kafka.clients.NetworkClient   : [Consumer clientId=consumer-notification-service-1, groupId=notification-service] Error while fetching metadata with correlation id 1087 : {souq.platform.events=UNKNOWN_TOPIC_OR_PARTITION, souq.publisher.events=UNKNOWN_TOPIC_OR_PARTITION}
2026-02-28T16:54:38.121+01:00  WARN 42770 --- [notification-service] [ntainer#0-0-C-1] org.apache.kafka.clients.NetworkClient   : [Consumer clientId=consumer-notification-service-1, groupId=notification-service] Error while fetching metadata with correlation id 1088 : {souq.platform.events=UNKNOWN_TOPIC_OR_PARTITION, souq.publisher.events=UNKNOWN_TOPIC_OR_PARTITION}
2026-02-28T16:54:39.009+01:00  WARN 42770 --- [notification-service] [ntainer#0-0-C-1] org.apache.kafka.clients.NetworkClient   : [Consumer clientId=consumer-notification-service-1, groupId=notification-service] Error while fetching metadata with correlation id 1090 : {souq.platform.events=UNKNOWN_TOPIC_OR_PARTITION, souq.publisher.events=UNKNOWN_TOPIC_OR_PARTITION}
2026-02-28T16:54:39.914+01:00  WARN 42770 --- [notification-service] [ntainer#0-0-C-1] org.apache.kafka.clients.NetworkClient   : [Consumer clientId=consumer-notification-service-1, groupId=notification-service] Error while fetching metadata with correlation id 1091 : {souq.platform.events=UNKNOWN_TOPIC_OR_PARTITION, souq.publisher.events=UNKNOWN_TOPIC_OR_PARTITION}
2026-02-28T16:54:40.820+01:00  WARN 42770 --- [notification-service] [ntainer#0-0-C-1] org.apache.kafka.clients.NetworkClient   : [Consumer clientId=consumer-notification-service-1, groupId=notification-service] Error while fetching metadata with correlation id 1092 : {souq.platform.events=UNKNOWN_TOPIC_OR_PARTITION, souq.publisher.events=UNKNOWN_TOPIC_OR_PARTITION}
2026-02-28T16:54:41.708+01:00  WARN 42770 --- [notification-service] [ntainer#0-0-C-1] org.apache.kafka.clients.NetworkClient   : [Consumer clientId=consumer-notification-service-1, groupId=notification-service] Error while fetching metadata with correlation id 1094 : {souq.platform.events=UNKNOWN_TOPIC_OR_PARTITION, souq.publisher.events=UNKNOWN_TOPIC_OR_PARTITION}
2026-02-28T16:54:42.614+01:00  WARN 42770 --- [notification-service] [ntainer#0-0-C-1] org.apache.kafka.clients.NetworkClient   : [Consumer clientId=consumer-notification-service-1, groupId=notification-service] Error while fetching metadata with correlation id 1095 : {souq.platform.events=UNKNOWN_TOPIC_OR_PARTITION, souq.publisher.events=UNKNOWN_TOPIC_OR_PARTITION}
2026-02-28T16:54:43.518+01:00  WARN 42770 --- [notification-service] [ntainer#0-0-C-1] org.apache.kafka.clients.NetworkClient   : [Consumer clientId=consumer-notification-service-1, groupId=notification-service] Error while fetching metadata with correlation id 1096 : {souq.platform.events=UNKNOWN_TOPIC_OR_PARTITION, souq.publisher.events=UNKNOWN_TOPIC_OR_PARTITION}
2026-02-28T16:54:44.424+01:00  WARN 42770 --- [notification-service] [ntainer#0-0-C-1] org.apache.kafka.clients.NetworkClient   : [Consumer clientId=consumer-notification-service-1, groupId=notification-service] Error while fetching metadata with correlation id 1097 : {souq.platform.events=UNKNOWN_TOPIC_OR_PARTITION, souq.publisher.events=UNKNOWN_TOPIC_OR_PARTITION}
2026-02-28T16:54:45.425+01:00  WARN 42770 --- [notification-service] [ntainer#0-0-C-1] org.apache.kafka.clients.NetworkClient   : [Consumer clientId=consumer-notification-service-1, groupId=notification-service] Error while fetching metadata with correlation id 1099 : {souq.platform.events=UNKNOWN_TOPIC_OR_PARTITION, souq.publisher.events=UNKNOWN_TOPIC_OR_PARTITION}
2026-02-28T16:54:46.330+01:00  WARN 42770 --- [notification-service] [ntainer#0-0-C-1] org.apache.kafka.clients.NetworkClient   : [Consumer clientId=consumer-notification-service-1, groupId=notification-service] Error while fetching metadata with correlation id 1100 : {souq.platform.events=UNKNOWN_TOPIC_OR_PARTITION, souq.publisher.events=UNKNOWN_TOPIC_OR_PARTITION}
2026-02-28T16:54:47.329+01:00  WARN 42770 --- [notification-service] [ntainer#0-0-C-1] org.apache.kafka.clients.NetworkClient   : [Consumer clientId=consumer-notification-service-1, groupId=notification-service] Error while fetching metadata with correlation id 1101 : {souq.platform.events=UNKNOWN_TOPIC_OR_PARTITION, souq.publisher.events=UNKNOWN_TOPIC_OR_PARTITION}
2026-02-28T16:54:48.213+01:00  WARN 42770 --- [notification-service] [ntainer#0-0-C-1] org.apache.kafka.clients.NetworkClient   : [Consumer clientId=consumer-notification-service-1, groupId=notification-service] Error while fetching metadata with correlation id 1103 : {souq.platform.events=UNKNOWN_TOPIC_OR_PARTITION, souq.publisher.events=UNKNOWN_TOPIC_OR_PARTITION}
2026-02-28T16:54:49.214+01:00  WARN 42770 --- [notification-service] [ntainer#0-0-C-1] org.apache.kafka.clients.NetworkClient   : [Consumer clientId=consumer-notification-service-1, groupId=notification-service] Error while fetching metadata with correlation id 1104 : {souq.platform.events=UNKNOWN_TOPIC_OR_PARTITION, souq.publisher.events=UNKNOWN_TOPIC_OR_PARTITION}
2026-02-28T16:54:50.205+01:00  WARN 42770 --- [notification-service] [ntainer#0-0-C-1] org.apache.kafka.clients.NetworkClient   : [Consumer clientId=consumer-notification-service-1, groupId=notification-service] Error while fetching metadata with correlation id 1105 : {souq.platform.events=UNKNOWN_TOPIC_OR_PARTITION, souq.publisher.events=UNKNOWN_TOPIC_OR_PARTITION}
2026-02-28T16:54:51.113+01:00  WARN 42770 --- [notification-service] [ntainer#0-0-C-1] org.apache.kafka.clients.NetworkClient   : [Consumer clientId=consumer-notification-service-1, groupId=notification-service] Error while fetching metadata with correlation id 1107 : {souq.platform.events=UNKNOWN_TOPIC_OR_PARTITION, souq.publisher.events=UNKNOWN_TOPIC_OR_PARTITION}
2026-02-28T16:54:52.113+01:00  WARN 42770 --- [notification-service] [ntainer#0-0-C-1] org.apache.kafka.clients.NetworkClient   : [Consumer clientId=consumer-notification-service-1, groupId=notification-service] Error while fetching metadata with correlation id 1108 : {souq.platform.events=UNKNOWN_TOPIC_OR_PARTITION, souq.publisher.events=UNKNOWN_TOPIC_OR_PARTITION}
2026-02-28T16:54:52.917+01:00  WARN 42770 --- [notification-service] [ntainer#0-0-C-1] org.apache.kafka.clients.NetworkClient   : [Consumer clientId=consumer-notification-service-1, groupId=notification-service] Error while fetching metadata with correlation id 1109 : {souq.platform.events=UNKNOWN_TOPIC_OR_PARTITION, souq.publisher.events=UNKNOWN_TOPIC_OR_PARTITION}
2026-02-28T16:54:53.918+01:00  WARN 42770 --- [notification-service] [ntainer#0-0-C-1] org.apache.kafka.clients.NetworkClient   : [Consumer clientId=consumer-notification-service-1, groupId=notification-service] Error while fetching metadata with correlation id 1111 : {souq.platform.events=UNKNOWN_TOPIC_OR_PARTITION, souq.publisher.events=UNKNOWN_TOPIC_OR_PARTITION}
2026-02-28T16:54:54.823+01:00  WARN 42770 --- [notification-service] [ntainer#0-0-C-1] org.apache.kafka.clients.NetworkClient   : [Consumer clientId=consumer-notification-service-1, groupId=notification-service] Error while fetching metadata with correlation id 1112 : {souq.platform.events=UNKNOWN_TOPIC_OR_PARTITION, souq.publisher.events=UNKNOWN_TOPIC_OR_PARTITION}
2026-02-28T16:54:55.824+01:00  WARN 42770 --- [notification-service] [ntainer#0-0-C-1] org.apache.kafka.clients.NetworkClient   : [Consumer clientId=consumer-notification-service-1, groupId=notification-service] Error while fetching metadata with correlation id 1113 : {souq.platform.events=UNKNOWN_TOPIC_OR_PARTITION, souq.publisher.events=UNKNOWN_TOPIC_OR_PARTITION}
2026-02-28T16:54:56.712+01:00  WARN 42770 --- [notification-service] [ntainer#0-0-C-1] org.apache.kafka.clients.NetworkClient   : [Consumer clientId=consumer-notification-service-1, groupId=notification-service] Error while fetching metadata with correlation id 1114 : {souq.platform.events=UNKNOWN_TOPIC_OR_PARTITION, souq.publisher.events=UNKNOWN_TOPIC_OR_PARTITION}
2026-02-28T16:54:57.707+01:00  WARN 42770 --- [notification-service] [ntainer#0-0-C-1] org.apache.kafka.clients.NetworkClient   : [Consumer clientId=consumer-notification-service-1, groupId=notification-service] Error while fetching metadata with correlation id 1116 : {souq.platform.events=UNKNOWN_TOPIC_OR_PARTITION, souq.publisher.events=UNKNOWN_TOPIC_OR_PARTITION}
2026-02-28T16:54:58.708+01:00  WARN 42770 --- [notification-service] [ntainer#0-0-C-1] org.apache.kafka.clients.NetworkClient   : [Consumer clientId=consumer-notification-service-1, groupId=notification-service] Error while fetching metadata with correlation id 1117 : {souq.platform.events=UNKNOWN_TOPIC_OR_PARTITION, souq.publisher.events=UNKNOWN_TOPIC_OR_PARTITION}
2026-02-28T16:54:59.676+01:00  WARN 42770 --- [notification-service] [ntainer#0-0-C-1] org.apache.kafka.clients.NetworkClient   : [Consumer clientId=consumer-notification-service-1, groupId=notification-service] Error while fetching metadata with correlation id 1118 : {souq.platform.events=UNKNOWN_TOPIC_OR_PARTITION, souq.publisher.events=UNKNOWN_TOPIC_OR_PARTITION}
2026-02-28T16:55:00.677+01:00  WARN 42770 --- [notification-service] [ntainer#0-0-C-1] org.apache.kafka.clients.NetworkClient   : [Consumer clientId=consumer-notification-service-1, groupId=notification-service] Error while fetching metadata with correlation id 1120 : {souq.platform.events=UNKNOWN_TOPIC_OR_PARTITION, souq.publisher.events=UNKNOWN_TOPIC_OR_PARTITION}
2026-02-28T16:55:01.619+01:00  WARN 42770 --- [notification-service] [ntainer#0-0-C-1] org.apache.kafka.clients.NetworkClient   : [Consumer clientId=consumer-notification-service-1, groupId=notification-service] Error while fetching metadata with correlation id 1121 : {souq.platform.events=UNKNOWN_TOPIC_OR_PARTITION, souq.publisher.events=UNKNOWN_TOPIC_OR_PARTITION}
2026-02-28T16:55:02.524+01:00  WARN 42770 --- [notification-service] [ntainer#0-0-C-1] org.apache.kafka.clients.NetworkClient   : [Consumer clientId=consumer-notification-service-1, groupId=notification-service] Error while fetching metadata with correlation id 1122 : {souq.platform.events=UNKNOWN_TOPIC_OR_PARTITION, souq.publisher.events=UNKNOWN_TOPIC_OR_PARTITION}
2026-02-28T16:55:03.417+01:00  WARN 42770 --- [notification-service] [ntainer#0-0-C-1] org.apache.kafka.clients.NetworkClient   : [Consumer clientId=consumer-notification-service-1, groupId=notification-service] Error while fetching metadata with correlation id 1124 : {souq.platform.events=UNKNOWN_TOPIC_OR_PARTITION, souq.publisher.events=UNKNOWN_TOPIC_OR_PARTITION}
2026-02-28T16:55:04.278+01:00  WARN 42770 --- [notification-service] [ntainer#0-0-C-1] org.apache.kafka.clients.NetworkClient   : [Consumer clientId=consumer-notification-service-1, groupId=notification-service] Error while fetching metadata with correlation id 1125 : {souq.platform.events=UNKNOWN_TOPIC_OR_PARTITION, souq.publisher.events=UNKNOWN_TOPIC_OR_PARTITION}
2026-02-28T16:55:05.183+01:00  WARN 42770 --- [notification-service] [ntainer#0-0-C-1] org.apache.kafka.clients.NetworkClient   : [Consumer clientId=consumer-notification-service-1, groupId=notification-service] Error while fetching metadata with correlation id 1126 : {souq.platform.events=UNKNOWN_TOPIC_OR_PARTITION, souq.publisher.events=UNKNOWN_TOPIC_OR_PARTITION}
2026-02-28T16:55:06.184+01:00  WARN 42770 --- [notification-service] [ntainer#0-0-C-1] org.apache.kafka.clients.NetworkClient   : [Consumer clientId=consumer-notification-service-1, groupId=notification-service] Error while fetching metadata with correlation id 1128 : {souq.platform.events=UNKNOWN_TOPIC_OR_PARTITION, souq.publisher.events=UNKNOWN_TOPIC_OR_PARTITION}
2026-02-28T16:55:07.122+01:00  WARN 42770 --- [notification-service] [ntainer#0-0-C-1] org.apache.kafka.clients.NetworkClient   : [Consumer clientId=consumer-notification-service-1, groupId=notification-service] Error while fetching metadata with correlation id 1129 : {souq.platform.events=UNKNOWN_TOPIC_OR_PARTITION, souq.publisher.events=UNKNOWN_TOPIC_OR_PARTITION}
2026-02-28T16:55:08.025+01:00  WARN 42770 --- [notification-service] [ntainer#0-0-C-1] org.apache.kafka.clients.NetworkClient   : [Consumer clientId=consumer-notification-service-1, groupId=notification-service] Error while fetching metadata with correlation id 1130 : {souq.platform.events=UNKNOWN_TOPIC_OR_PARTITION, souq.publisher.events=UNKNOWN_TOPIC_OR_PARTITION}
2026-02-28T16:55:08.994+01:00  WARN 42770 --- [notification-service] [ntainer#0-0-C-1] org.apache.kafka.clients.NetworkClient   : [Consumer clientId=consumer-notification-service-1, groupId=notification-service] Error while fetching metadata with correlation id 1132 : {souq.platform.events=UNKNOWN_TOPIC_OR_PARTITION, souq.publisher.events=UNKNOWN_TOPIC_OR_PARTITION}
2026-02-28T16:55:09.900+01:00  WARN 42770 --- [notification-service] [ntainer#0-0-C-1] org.apache.kafka.clients.NetworkClient   : [Consumer clientId=consumer-notification-service-1, groupId=notification-service] Error while fetching metadata with correlation id 1133 : {souq.platform.events=UNKNOWN_TOPIC_OR_PARTITION, souq.publisher.events=UNKNOWN_TOPIC_OR_PARTITION}
2026-02-28T16:55:10.901+01:00  WARN 42770 --- [notification-service] [ntainer#0-0-C-1] org.apache.kafka.clients.NetworkClient   : [Consumer clientId=consumer-notification-service-1, groupId=notification-service] Error while fetching metadata with correlation id 1134 : {souq.platform.events=UNKNOWN_TOPIC_OR_PARTITION, souq.publisher.events=UNKNOWN_TOPIC_OR_PARTITION}
2026-02-28T16:55:11.902+01:00  WARN 42770 --- [notification-service] [ntainer#0-0-C-1] org.apache.kafka.clients.NetworkClient   : [Consumer clientId=consumer-notification-service-1, groupId=notification-service] Error while fetching metadata with correlation id 1136 : {souq.platform.events=UNKNOWN_TOPIC_OR_PARTITION, souq.publisher.events=UNKNOWN_TOPIC_OR_PARTITION}
2026-02-28T16:55:12.903+01:00  WARN 42770 --- [notification-service] [ntainer#0-0-C-1] org.apache.kafka.clients.NetworkClient   : [Consumer clientId=consumer-notification-service-1, groupId=notification-service] Error while fetching metadata with correlation id 1137 : {souq.platform.events=UNKNOWN_TOPIC_OR_PARTITION, souq.publisher.events=UNKNOWN_TOPIC_OR_PARTITION}
2026-02-28T16:55:13.806+01:00  WARN 42770 --- [notification-service] [ntainer#0-0-C-1] org.apache.kafka.clients.NetworkClient   : [Consumer clientId=consumer-notification-service-1, groupId=notification-service] Error while fetching metadata with correlation id 1138 : {souq.platform.events=UNKNOWN_TOPIC_OR_PARTITION, souq.publisher.events=UNKNOWN_TOPIC_OR_PARTITION}
2026-02-28T16:55:14.806+01:00  WARN 42770 --- [notification-service] [ntainer#0-0-C-1] org.apache.kafka.clients.NetworkClient   : [Consumer clientId=consumer-notification-service-1, groupId=notification-service] Error while fetching metadata with correlation id 1140 : {souq.platform.events=UNKNOWN_TOPIC_OR_PARTITION, souq.publisher.events=UNKNOWN_TOPIC_OR_PARTITION}
2026-02-28T16:55:15.806+01:00  WARN 42770 --- [notification-service] [ntainer#0-0-C-1] org.apache.kafka.clients.NetworkClient   : [Consumer clientId=consumer-notification-service-1, groupId=notification-service] Error while fetching metadata with correlation id 1141 : {souq.platform.events=UNKNOWN_TOPIC_OR_PARTITION, souq.publisher.events=UNKNOWN_TOPIC_OR_PARTITION}
2026-02-28T16:55:16.721+01:00  WARN 42770 --- [notification-service] [ntainer#0-0-C-1] org.apache.kafka.clients.NetworkClient   : [Consumer clientId=consumer-notification-service-1, groupId=notification-service] Error while fetching metadata with correlation id 1142 : {souq.platform.events=UNKNOWN_TOPIC_OR_PARTITION, souq.publisher.events=UNKNOWN_TOPIC_OR_PARTITION}
2026-02-28T16:55:17.627+01:00  WARN 42770 --- [notification-service] [ntainer#0-0-C-1] org.apache.kafka.clients.NetworkClient   : [Consumer clientId=consumer-notification-service-1, groupId=notification-service] Error while fetching metadata with correlation id 1143 : {souq.platform.events=UNKNOWN_TOPIC_OR_PARTITION, souq.publisher.events=UNKNOWN_TOPIC_OR_PARTITION}
2026-02-28T16:55:18.519+01:00  WARN 42770 --- [notification-service] [ntainer#0-0-C-1] org.apache.kafka.clients.NetworkClient   : [Consumer clientId=consumer-notification-service-1, groupId=notification-service] Error while fetching metadata with correlation id 1145 : {souq.platform.events=UNKNOWN_TOPIC_OR_PARTITION, souq.publisher.events=UNKNOWN_TOPIC_OR_PARTITION}
2026-02-28T16:55:19.424+01:00  WARN 42770 --- [notification-service] [ntainer#0-0-C-1] org.apache.kafka.clients.NetworkClient   : [Consumer clientId=consumer-notification-service-1, groupId=notification-service] Error while fetching metadata with correlation id 1146 : {souq.platform.events=UNKNOWN_TOPIC_OR_PARTITION, souq.publisher.events=UNKNOWN_TOPIC_OR_PARTITION}
2026-02-28T16:55:20.425+01:00  WARN 42770 --- [notification-service] [ntainer#0-0-C-1] org.apache.kafka.clients.NetworkClient   : [Consumer clientId=consumer-notification-service-1, groupId=notification-service] Error while fetching metadata with correlation id 1147 : {souq.platform.events=UNKNOWN_TOPIC_OR_PARTITION, souq.publisher.events=UNKNOWN_TOPIC_OR_PARTITION}
2026-02-28T16:55:21.276+01:00  WARN 42770 --- [notification-service] [ntainer#0-0-C-1] org.apache.kafka.clients.NetworkClient   : [Consumer clientId=consumer-notification-service-1, groupId=notification-service] Error while fetching metadata with correlation id 1149 : {souq.platform.events=UNKNOWN_TOPIC_OR_PARTITION, souq.publisher.events=UNKNOWN_TOPIC_OR_PARTITION}
2026-02-28T16:55:22.277+01:00  WARN 42770 --- [notification-service] [ntainer#0-0-C-1] org.apache.kafka.clients.NetworkClient   : [Consumer clientId=consumer-notification-service-1, groupId=notification-service] Error while fetching metadata with correlation id 1150 : {souq.platform.events=UNKNOWN_TOPIC_OR_PARTITION, souq.publisher.events=UNKNOWN_TOPIC_OR_PARTITION}
2026-02-28T16:55:23.182+01:00  WARN 42770 --- [notification-service] [ntainer#0-0-C-1] org.apache.kafka.clients.NetworkClient   : [Consumer clientId=consumer-notification-service-1, groupId=notification-service] Error while fetching metadata with correlation id 1151 : {souq.platform.events=UNKNOWN_TOPIC_OR_PARTITION, souq.publisher.events=UNKNOWN_TOPIC_OR_PARTITION}
2026-02-28T16:55:24.118+01:00  WARN 42770 --- [notification-service] [ntainer#0-0-C-1] org.apache.kafka.clients.NetworkClient   : [Consumer clientId=consumer-notification-service-1, groupId=notification-service] Error while fetching metadata with correlation id 1153 : {souq.platform.events=UNKNOWN_TOPIC_OR_PARTITION, souq.publisher.events=UNKNOWN_TOPIC_OR_PARTITION}
2026-02-28T16:55:25.082+01:00  WARN 42770 --- [notification-service] [ntainer#0-0-C-1] org.apache.kafka.clients.NetworkClient   : [Consumer clientId=consumer-notification-service-1, groupId=notification-service] Error while fetching metadata with correlation id 1154 : {souq.platform.events=UNKNOWN_TOPIC_OR_PARTITION, souq.publisher.events=UNKNOWN_TOPIC_OR_PARTITION}
2026-02-28T16:55:26.082+01:00  WARN 42770 --- [notification-service] [ntainer#0-0-C-1] org.apache.kafka.clients.NetworkClient   : [Consumer clientId=consumer-notification-service-1, groupId=notification-service] Error while fetching metadata with correlation id 1155 : {souq.platform.events=UNKNOWN_TOPIC_OR_PARTITION, souq.publisher.events=UNKNOWN_TOPIC_OR_PARTITION}
2026-02-28T16:55:27.032+01:00  WARN 42770 --- [notification-service] [ntainer#0-0-C-1] org.apache.kafka.clients.NetworkClient   : [Consumer clientId=consumer-notification-service-1, groupId=notification-service] Error while fetching metadata with correlation id 1157 : {souq.platform.events=UNKNOWN_TOPIC_OR_PARTITION, souq.publisher.events=UNKNOWN_TOPIC_OR_PARTITION}
2026-02-28T16:55:27.937+01:00  WARN 42770 --- [notification-service] [ntainer#0-0-C-1] org.apache.kafka.clients.NetworkClient   : [Consumer clientId=consumer-notification-service-1, groupId=notification-service] Error while fetching metadata with correlation id 1158 : {souq.platform.events=UNKNOWN_TOPIC_OR_PARTITION, souq.publisher.events=UNKNOWN_TOPIC_OR_PARTITION}
2026-02-28T16:55:28.907+01:00  WARN 42770 --- [notification-service] [ntainer#0-0-C-1] org.apache.kafka.clients.NetworkClient   : [Consumer clientId=consumer-notification-service-1, groupId=notification-service] Error while fetching metadata with correlation id 1159 : {souq.platform.events=UNKNOWN_TOPIC_OR_PARTITION, souq.publisher.events=UNKNOWN_TOPIC_OR_PARTITION}
2026-02-28T16:55:29.716+01:00  WARN 42770 --- [notification-service] [ntainer#0-0-C-1] org.apache.kafka.clients.NetworkClient   : [Consumer clientId=consumer-notification-service-1, groupId=notification-service] Error while fetching metadata with correlation id 1161 : {souq.platform.events=UNKNOWN_TOPIC_OR_PARTITION, souq.publisher.events=UNKNOWN_TOPIC_OR_PARTITION}
2026-02-28T16:55:30.621+01:00  WARN 42770 --- [notification-service] [ntainer#0-0-C-1] org.apache.kafka.clients.NetworkClient   : [Consumer clientId=consumer-notification-service-1, groupId=notification-service] Error while fetching metadata with correlation id 1162 : {souq.platform.events=UNKNOWN_TOPIC_OR_PARTITION, souq.publisher.events=UNKNOWN_TOPIC_OR_PARTITION}
2026-02-28T16:55:31.621+01:00  WARN 42770 --- [notification-service] [ntainer#0-0-C-1] org.apache.kafka.clients.NetworkClient   : [Consumer clientId=consumer-notification-service-1, groupId=notification-service] Error while fetching metadata with correlation id 1163 : {souq.platform.events=UNKNOWN_TOPIC_OR_PARTITION, souq.publisher.events=UNKNOWN_TOPIC_OR_PARTITION}
2026-02-28T16:55:32.622+01:00  WARN 42770 --- [notification-service] [ntainer#0-0-C-1] org.apache.kafka.clients.NetworkClient   : [Consumer clientId=consumer-notification-service-1, groupId=notification-service] Error while fetching metadata with correlation id 1164 : {souq.platform.events=UNKNOWN_TOPIC_OR_PARTITION, souq.publisher.events=UNKNOWN_TOPIC_OR_PARTITION}
2026-02-28T16:55:33.521+01:00  WARN 42770 --- [notification-service] [ntainer#0-0-C-1] org.apache.kafka.clients.NetworkClient   : [Consumer clientId=consumer-notification-service-1, groupId=notification-service] Error while fetching metadata with correlation id 1166 : {souq.platform.events=UNKNOWN_TOPIC_OR_PARTITION, souq.publisher.events=UNKNOWN_TOPIC_OR_PARTITION}
2026-02-28T16:55:34.445+01:00  WARN 42770 --- [notification-service] [ntainer#0-0-C-1] org.apache.kafka.clients.NetworkClient   : [Consumer clientId=consumer-notification-service-1, groupId=notification-service] Error while fetching metadata with correlation id 1167 : {souq.platform.events=UNKNOWN_TOPIC_OR_PARTITION, souq.publisher.events=UNKNOWN_TOPIC_OR_PARTITION}
2026-02-28T16:55:35.446+01:00  WARN 42770 --- [notification-service] [ntainer#0-0-C-1] org.apache.kafka.clients.NetworkClient   : [Consumer clientId=consumer-notification-service-1, groupId=notification-service] Error while fetching metadata with correlation id 1168 : {souq.platform.events=UNKNOWN_TOPIC_OR_PARTITION, souq.publisher.events=UNKNOWN_TOPIC_OR_PARTITION}
2026-02-28T16:55:36.421+01:00  WARN 42770 --- [notification-service] [ntainer#0-0-C-1] org.apache.kafka.clients.NetworkClient   : [Consumer clientId=consumer-notification-service-1, groupId=notification-service] Error while fetching metadata with correlation id 1170 : {souq.platform.events=UNKNOWN_TOPIC_OR_PARTITION, souq.publisher.events=UNKNOWN_TOPIC_OR_PARTITION}
2026-02-28T16:55:37.325+01:00  WARN 42770 --- [notification-service] [ntainer#0-0-C-1] org.apache.kafka.clients.NetworkClient   : [Consumer clientId=consumer-notification-service-1, groupId=notification-service] Error while fetching metadata with correlation id 1171 : {souq.platform.events=UNKNOWN_TOPIC_OR_PARTITION, souq.publisher.events=UNKNOWN_TOPIC_OR_PARTITION}
2026-02-28T16:55:38.326+01:00  WARN 42770 --- [notification-service] [ntainer#0-0-C-1] org.apache.kafka.clients.NetworkClient   : [Consumer clientId=consumer-notification-service-1, groupId=notification-service] Error while fetching metadata with correlation id 1172 : {souq.platform.events=UNKNOWN_TOPIC_OR_PARTITION, souq.publisher.events=UNKNOWN_TOPIC_OR_PARTITION}
2026-02-28T16:55:39.301+01:00  WARN 42770 --- [notification-service] [ntainer#0-0-C-1] org.apache.kafka.clients.NetworkClient   : [Consumer clientId=consumer-notification-service-1, groupId=notification-service] Error while fetching metadata with correlation id 1174 : {souq.platform.events=UNKNOWN_TOPIC_OR_PARTITION, souq.publisher.events=UNKNOWN_TOPIC_OR_PARTITION}
2026-02-28T16:55:40.302+01:00  WARN 42770 --- [notification-service] [ntainer#0-0-C-1] org.apache.kafka.clients.NetworkClient   : [Consumer clientId=consumer-notification-service-1, groupId=notification-service] Error while fetching metadata with correlation id 1175 : {souq.platform.events=UNKNOWN_TOPIC_OR_PARTITION, souq.publisher.events=UNKNOWN_TOPIC_OR_PARTITION}
2026-02-28T16:55:41.254+01:00  WARN 42770 --- [notification-service] [ntainer#0-0-C-1] org.apache.kafka.clients.NetworkClient   : [Consumer clientId=consumer-notification-service-1, groupId=notification-service] Error while fetching metadata with correlation id 1176 : {souq.platform.events=UNKNOWN_TOPIC_OR_PARTITION, souq.publisher.events=UNKNOWN_TOPIC_OR_PARTITION}
2026-02-28T16:55:42.122+01:00  WARN 42770 --- [notification-service] [ntainer#0-0-C-1] org.apache.kafka.clients.NetworkClient   : [Consumer clientId=consumer-notification-service-1, groupId=notification-service] Error while fetching metadata with correlation id 1178 : {souq.platform.events=UNKNOWN_TOPIC_OR_PARTITION, souq.publisher.events=UNKNOWN_TOPIC_OR_PARTITION}
2026-02-28T16:55:43.123+01:00  WARN 42770 --- [notification-service] [ntainer#0-0-C-1] org.apache.kafka.clients.NetworkClient   : [Consumer clientId=consumer-notification-service-1, groupId=notification-service] Error while fetching metadata with correlation id 1179 : {souq.platform.events=UNKNOWN_TOPIC_OR_PARTITION, souq.publisher.events=UNKNOWN_TOPIC_OR_PARTITION}
2026-02-28T16:55:44.031+01:00  WARN 42770 --- [notification-service] [ntainer#0-0-C-1] org.apache.kafka.clients.NetworkClient   : [Consumer clientId=consumer-notification-service-1, groupId=notification-service] Error while fetching metadata with correlation id 1180 : {souq.platform.events=UNKNOWN_TOPIC_OR_PARTITION, souq.publisher.events=UNKNOWN_TOPIC_OR_PARTITION}
2026-02-28T16:55:45.022+01:00  WARN 42770 --- [notification-service] [ntainer#0-0-C-1] org.apache.kafka.clients.NetworkClient   : [Consumer clientId=consumer-notification-service-1, groupId=notification-service] Error while fetching metadata with correlation id 1182 : {souq.platform.events=UNKNOWN_TOPIC_OR_PARTITION, souq.publisher.events=UNKNOWN_TOPIC_OR_PARTITION}
2026-02-28T16:55:45.990+01:00  WARN 42770 --- [notification-service] [ntainer#0-0-C-1] org.apache.kafka.clients.NetworkClient   : [Consumer clientId=consumer-notification-service-1, groupId=notification-service] Error while fetching metadata with correlation id 1183 : {souq.platform.events=UNKNOWN_TOPIC_OR_PARTITION, souq.publisher.events=UNKNOWN_TOPIC_OR_PARTITION}
2026-02-28T16:55:46.991+01:00  WARN 42770 --- [notification-service] [ntainer#0-0-C-1] org.apache.kafka.clients.NetworkClient   : [Consumer clientId=consumer-notification-service-1, groupId=notification-service] Error while fetching metadata with correlation id 1184 : {souq.platform.events=UNKNOWN_TOPIC_OR_PARTITION, souq.publisher.events=UNKNOWN_TOPIC_OR_PARTITION}
2026-02-28T16:55:47.821+01:00  WARN 42770 --- [notification-service] [ntainer#0-0-C-1] org.apache.kafka.clients.NetworkClient   : [Consumer clientId=consumer-notification-service-1, groupId=notification-service] Error while fetching metadata with correlation id 1186 : {souq.platform.events=UNKNOWN_TOPIC_OR_PARTITION, souq.publisher.events=UNKNOWN_TOPIC_OR_PARTITION}
2026-02-28T16:55:48.822+01:00  WARN 42770 --- [notification-service] [ntainer#0-0-C-1] org.apache.kafka.clients.NetworkClient   : [Consumer clientId=consumer-notification-service-1, groupId=notification-service] Error while fetching metadata with correlation id 1187 : {souq.platform.events=UNKNOWN_TOPIC_OR_PARTITION, souq.publisher.events=UNKNOWN_TOPIC_OR_PARTITION}
2026-02-28T16:55:49.727+01:00  WARN 42770 --- [notification-service] [ntainer#0-0-C-1] org.apache.kafka.clients.NetworkClient   : [Consumer clientId=consumer-notification-service-1, groupId=notification-service] Error while fetching metadata with correlation id 1188 : {souq.platform.events=UNKNOWN_TOPIC_OR_PARTITION, souq.publisher.events=UNKNOWN_TOPIC_OR_PARTITION}
2026-02-28T16:55:50.721+01:00  WARN 42770 --- [notification-service] [ntainer#0-0-C-1] org.apache.kafka.clients.NetworkClient   : [Consumer clientId=consumer-notification-service-1, groupId=notification-service] Error while fetching metadata with correlation id 1190 : {souq.platform.events=UNKNOWN_TOPIC_OR_PARTITION, souq.publisher.events=UNKNOWN_TOPIC_OR_PARTITION}
2026-02-28T16:55:51.722+01:00  WARN 42770 --- [notification-service] [ntainer#0-0-C-1] org.apache.kafka.clients.NetworkClient   : [Consumer clientId=consumer-notification-service-1, groupId=notification-service] Error while fetching metadata with correlation id 1191 : {souq.platform.events=UNKNOWN_TOPIC_OR_PARTITION, souq.publisher.events=UNKNOWN_TOPIC_OR_PARTITION}
2026-02-28T16:55:52.717+01:00  WARN 42770 --- [notification-service] [ntainer#0-0-C-1] org.apache.kafka.clients.NetworkClient   : [Consumer clientId=consumer-notification-service-1, groupId=notification-service] Error while fetching metadata with correlation id 1192 : {souq.platform.events=UNKNOWN_TOPIC_OR_PARTITION, souq.publisher.events=UNKNOWN_TOPIC_OR_PARTITION}
2026-02-28T16:55:53.673+01:00  WARN 42770 --- [notification-service] [ntainer#0-0-C-1] org.apache.kafka.clients.NetworkClient   : [Consumer clientId=consumer-notification-service-1, groupId=notification-service] Error while fetching metadata with correlation id 1193 : {souq.platform.events=UNKNOWN_TOPIC_OR_PARTITION, souq.publisher.events=UNKNOWN_TOPIC_OR_PARTITION}
2026-02-28T16:55:54.525+01:00  WARN 42770 --- [notification-service] [ntainer#0-0-C-1] org.apache.kafka.clients.NetworkClient   : [Consumer clientId=consumer-notification-service-1, groupId=notification-service] Error while fetching metadata with correlation id 1195 : {souq.platform.events=UNKNOWN_TOPIC_OR_PARTITION, souq.publisher.events=UNKNOWN_TOPIC_OR_PARTITION}
2026-02-28T16:55:55.527+01:00  WARN 42770 --- [notification-service] [ntainer#0-0-C-1] org.apache.kafka.clients.NetworkClient   : [Consumer clientId=consumer-notification-service-1, groupId=notification-service] Error while fetching metadata with correlation id 1196 : {souq.platform.events=UNKNOWN_TOPIC_OR_PARTITION, souq.publisher.events=UNKNOWN_TOPIC_OR_PARTITION}
2026-02-28T16:55:56.432+01:00  WARN 42770 --- [notification-service] [ntainer#0-0-C-1] org.apache.kafka.clients.NetworkClient   : [Consumer clientId=consumer-notification-service-1, groupId=notification-service] Error while fetching metadata with correlation id 1197 : {souq.platform.events=UNKNOWN_TOPIC_OR_PARTITION, souq.publisher.events=UNKNOWN_TOPIC_OR_PARTITION}
2026-02-28T16:55:57.433+01:00  WARN 42770 --- [notification-service] [ntainer#0-0-C-1] org.apache.kafka.clients.NetworkClient   : [Consumer clientId=consumer-notification-service-1, groupId=notification-service] Error while fetching metadata with correlation id 1199 : {souq.platform.events=UNKNOWN_TOPIC_OR_PARTITION, souq.publisher.events=UNKNOWN_TOPIC_OR_PARTITION}
2026-02-28T16:55:58.434+01:00  WARN 42770 --- [notification-service] [ntainer#0-0-C-1] org.apache.kafka.clients.NetworkClient   : [Consumer clientId=consumer-notification-service-1, groupId=notification-service] Error while fetching metadata with correlation id 1200 : {souq.platform.events=UNKNOWN_TOPIC_OR_PARTITION, souq.publisher.events=UNKNOWN_TOPIC_OR_PARTITION}
2026-02-28T16:55:59.434+01:00  WARN 42770 --- [notification-service] [ntainer#0-0-C-1] org.apache.kafka.clients.NetworkClient   : [Consumer clientId=consumer-notification-service-1, groupId=notification-service] Error while fetching metadata with correlation id 1201 : {souq.platform.events=UNKNOWN_TOPIC_OR_PARTITION, souq.publisher.events=UNKNOWN_TOPIC_OR_PARTITION}
2026-02-28T16:56:00.435+01:00  WARN 42770 --- [notification-service] [ntainer#0-0-C-1] org.apache.kafka.clients.NetworkClient   : [Consumer clientId=consumer-notification-service-1, groupId=notification-service] Error while fetching metadata with correlation id 1203 : {souq.platform.events=UNKNOWN_TOPIC_OR_PARTITION, souq.publisher.events=UNKNOWN_TOPIC_OR_PARTITION}
2026-02-28T16:56:01.340+01:00  WARN 42770 --- [notification-service] [ntainer#0-0-C-1] org.apache.kafka.clients.NetworkClient   : [Consumer clientId=consumer-notification-service-1, groupId=notification-service] Error while fetching metadata with correlation id 1204 : {souq.platform.events=UNKNOWN_TOPIC_OR_PARTITION, souq.publisher.events=UNKNOWN_TOPIC_OR_PARTITION}
2026-02-28T16:56:02.340+01:00  WARN 42770 --- [notification-service] [ntainer#0-0-C-1] org.apache.kafka.clients.NetworkClient   : [Consumer clientId=consumer-notification-service-1, groupId=notification-service] Error while fetching metadata with correlation id 1205 : {souq.platform.events=UNKNOWN_TOPIC_OR_PARTITION, souq.publisher.events=UNKNOWN_TOPIC_OR_PARTITION}
2026-02-28T16:56:03.224+01:00  WARN 42770 --- [notification-service] [ntainer#0-0-C-1] org.apache.kafka.clients.NetworkClient   : [Consumer clientId=consumer-notification-service-1, groupId=notification-service] Error while fetching metadata with correlation id 1207 : {souq.platform.events=UNKNOWN_TOPIC_OR_PARTITION, souq.publisher.events=UNKNOWN_TOPIC_OR_PARTITION}
2026-02-28T16:56:04.029+01:00  WARN 42770 --- [notification-service] [ntainer#0-0-C-1] org.apache.kafka.clients.NetworkClient   : [Consumer clientId=consumer-notification-service-1, groupId=notification-service] Error while fetching metadata with correlation id 1208 : {souq.platform.events=UNKNOWN_TOPIC_OR_PARTITION, souq.publisher.events=UNKNOWN_TOPIC_OR_PARTITION}
2026-02-28T16:56:05.030+01:00  WARN 42770 --- [notification-service] [ntainer#0-0-C-1] org.apache.kafka.clients.NetworkClient   : [Consumer clientId=consumer-notification-service-1, groupId=notification-service] Error while fetching metadata with correlation id 1209 : {souq.platform.events=UNKNOWN_TOPIC_OR_PARTITION, souq.publisher.events=UNKNOWN_TOPIC_OR_PARTITION}
2026-02-28T16:56:06.023+01:00  WARN 42770 --- [notification-service] [ntainer#0-0-C-1] org.apache.kafka.clients.NetworkClient   : [Consumer clientId=consumer-notification-service-1, groupId=notification-service] Error while fetching metadata with correlation id 1211 : {souq.platform.events=UNKNOWN_TOPIC_OR_PARTITION, souq.publisher.events=UNKNOWN_TOPIC_OR_PARTITION}
2026-02-28T16:56:06.896+01:00  WARN 42770 --- [notification-service] [ntainer#0-0-C-1] org.apache.kafka.clients.NetworkClient   : [Consumer clientId=consumer-notification-service-1, groupId=notification-service] Error while fetching metadata with correlation id 1212 : {souq.platform.events=UNKNOWN_TOPIC_OR_PARTITION, souq.publisher.events=UNKNOWN_TOPIC_OR_PARTITION}
2026-02-28T16:56:07.867+01:00  WARN 42770 --- [notification-service] [ntainer#0-0-C-1] org.apache.kafka.clients.NetworkClient   : [Consumer clientId=consumer-notification-service-1, groupId=notification-service] Error while fetching metadata with correlation id 1213 : {souq.platform.events=UNKNOWN_TOPIC_OR_PARTITION, souq.publisher.events=UNKNOWN_TOPIC_OR_PARTITION}
2026-02-28T16:56:08.868+01:00  WARN 42770 --- [notification-service] [ntainer#0-0-C-1] org.apache.kafka.clients.NetworkClient   : [Consumer clientId=consumer-notification-service-1, groupId=notification-service] Error while fetching metadata with correlation id 1215 : {souq.platform.events=UNKNOWN_TOPIC_OR_PARTITION, souq.publisher.events=UNKNOWN_TOPIC_OR_PARTITION}
2026-02-28T16:56:09.868+01:00  WARN 42770 --- [notification-service] [ntainer#0-0-C-1] org.apache.kafka.clients.NetworkClient   : [Consumer clientId=consumer-notification-service-1, groupId=notification-service] Error while fetching metadata with correlation id 1216 : {souq.platform.events=UNKNOWN_TOPIC_OR_PARTITION, souq.publisher.events=UNKNOWN_TOPIC_OR_PARTITION}
2026-02-28T16:56:10.868+01:00  WARN 42770 --- [notification-service] [ntainer#0-0-C-1] org.apache.kafka.clients.NetworkClient   : [Consumer clientId=consumer-notification-service-1, groupId=notification-service] Error while fetching metadata with correlation id 1217 : {souq.platform.events=UNKNOWN_TOPIC_OR_PARTITION, souq.publisher.events=UNKNOWN_TOPIC_OR_PARTITION}
2026-02-28T16:56:11.822+01:00  WARN 42770 --- [notification-service] [ntainer#0-0-C-1] org.apache.kafka.clients.NetworkClient   : [Consumer clientId=consumer-notification-service-1, groupId=notification-service] Error while fetching metadata with correlation id 1219 : {souq.platform.events=UNKNOWN_TOPIC_OR_PARTITION, souq.publisher.events=UNKNOWN_TOPIC_OR_PARTITION}
2026-02-28T16:56:12.699+01:00  WARN 42770 --- [notification-service] [ntainer#0-0-C-1] org.apache.kafka.clients.NetworkClient   : [Consumer clientId=consumer-notification-service-1, groupId=notification-service] Error while fetching metadata with correlation id 1220 : {souq.platform.events=UNKNOWN_TOPIC_OR_PARTITION, souq.publisher.events=UNKNOWN_TOPIC_OR_PARTITION}
2026-02-28T16:56:13.604+01:00  WARN 42770 --- [notification-service] [ntainer#0-0-C-1] org.apache.kafka.clients.NetworkClient   : [Consumer clientId=consumer-notification-service-1, groupId=notification-service] Error while fetching metadata with correlation id 1221 : {souq.platform.events=UNKNOWN_TOPIC_OR_PARTITION, souq.publisher.events=UNKNOWN_TOPIC_OR_PARTITION}
2026-02-28T16:56:14.510+01:00  WARN 42770 --- [notification-service] [ntainer#0-0-C-1] org.apache.kafka.clients.NetworkClient   : [Consumer clientId=consumer-notification-service-1, groupId=notification-service] Error while fetching metadata with correlation id 1222 : {souq.platform.events=UNKNOWN_TOPIC_OR_PARTITION, souq.publisher.events=UNKNOWN_TOPIC_OR_PARTITION}
2026-02-28T16:56:15.423+01:00  WARN 42770 --- [notification-service] [ntainer#0-0-C-1] org.apache.kafka.clients.NetworkClient   : [Consumer clientId=consumer-notification-service-1, groupId=notification-service] Error while fetching metadata with correlation id 1224 : {souq.platform.events=UNKNOWN_TOPIC_OR_PARTITION, souq.publisher.events=UNKNOWN_TOPIC_OR_PARTITION}
2026-02-28T16:56:16.424+01:00  WARN 42770 --- [notification-service] [ntainer#0-0-C-1] org.apache.kafka.clients.NetworkClient   : [Consumer clientId=consumer-notification-service-1, groupId=notification-service] Error while fetching metadata with correlation id 1225 : {souq.platform.events=UNKNOWN_TOPIC_OR_PARTITION, souq.publisher.events=UNKNOWN_TOPIC_OR_PARTITION}
2026-02-28T16:56:17.228+01:00  WARN 42770 --- [notification-service] [ntainer#0-0-C-1] org.apache.kafka.clients.NetworkClient   : [Consumer clientId=consumer-notification-service-1, groupId=notification-service] Error while fetching metadata with correlation id 1226 : {souq.platform.events=UNKNOWN_TOPIC_OR_PARTITION, souq.publisher.events=UNKNOWN_TOPIC_OR_PARTITION}
2026-02-28T16:56:18.226+01:00  WARN 42770 --- [notification-service] [ntainer#0-0-C-1] org.apache.kafka.clients.NetworkClient   : [Consumer clientId=consumer-notification-service-1, groupId=notification-service] Error while fetching metadata with correlation id 1228 : {souq.platform.events=UNKNOWN_TOPIC_OR_PARTITION, souq.publisher.events=UNKNOWN_TOPIC_OR_PARTITION}
2026-02-28T16:56:19.227+01:00  WARN 42770 --- [notification-service] [ntainer#0-0-C-1] org.apache.kafka.clients.NetworkClient   : [Consumer clientId=consumer-notification-service-1, groupId=notification-service] Error while fetching metadata with correlation id 1229 : {souq.platform.events=UNKNOWN_TOPIC_OR_PARTITION, souq.publisher.events=UNKNOWN_TOPIC_OR_PARTITION}
2026-02-28T16:56:20.131+01:00  WARN 42770 --- [notification-service] [ntainer#0-0-C-1] org.apache.kafka.clients.NetworkClient   : [Consumer clientId=consumer-notification-service-1, groupId=notification-service] Error while fetching metadata with correlation id 1230 : {souq.platform.events=UNKNOWN_TOPIC_OR_PARTITION, souq.publisher.events=UNKNOWN_TOPIC_OR_PARTITION}
2026-02-28T16:56:21.125+01:00  WARN 42770 --- [notification-service] [ntainer#0-0-C-1] org.apache.kafka.clients.NetworkClient   : [Consumer clientId=consumer-notification-service-1, groupId=notification-service] Error while fetching metadata with correlation id 1232 : {souq.platform.events=UNKNOWN_TOPIC_OR_PARTITION, souq.publisher.events=UNKNOWN_TOPIC_OR_PARTITION}
2026-02-28T16:56:22.028+01:00  WARN 42770 --- [notification-service] [ntainer#0-0-C-1] org.apache.kafka.clients.NetworkClient   : [Consumer clientId=consumer-notification-service-1, groupId=notification-service] Error while fetching metadata with correlation id 1233 : {souq.platform.events=UNKNOWN_TOPIC_OR_PARTITION, souq.publisher.events=UNKNOWN_TOPIC_OR_PARTITION}
2026-02-28T16:56:22.933+01:00  WARN 42770 --- [notification-service] [ntainer#0-0-C-1] org.apache.kafka.clients.NetworkClient   : [Consumer clientId=consumer-notification-service-1, groupId=notification-service] Error while fetching metadata with correlation id 1234 : {souq.platform.events=UNKNOWN_TOPIC_OR_PARTITION, souq.publisher.events=UNKNOWN_TOPIC_OR_PARTITION}
2026-02-28T16:56:23.793+01:00  WARN 42770 --- [notification-service] [ntainer#0-0-C-1] org.apache.kafka.clients.NetworkClient   : [Consumer clientId=consumer-notification-service-1, groupId=notification-service] Error while fetching metadata with correlation id 1236 : {souq.platform.events=UNKNOWN_TOPIC_OR_PARTITION, souq.publisher.events=UNKNOWN_TOPIC_OR_PARTITION}
2026-02-28T16:56:24.794+01:00  WARN 42770 --- [notification-service] [ntainer#0-0-C-1] org.apache.kafka.clients.NetworkClient   : [Consumer clientId=consumer-notification-service-1, groupId=notification-service] Error while fetching metadata with correlation id 1237 : {souq.platform.events=UNKNOWN_TOPIC_OR_PARTITION, souq.publisher.events=UNKNOWN_TOPIC_OR_PARTITION}
2026-02-28T16:56:25.773+01:00  WARN 42770 --- [notification-service] [ntainer#0-0-C-1] org.apache.kafka.clients.NetworkClient   : [Consumer clientId=consumer-notification-service-1, groupId=notification-service] Error while fetching metadata with correlation id 1238 : {souq.platform.events=UNKNOWN_TOPIC_OR_PARTITION, souq.publisher.events=UNKNOWN_TOPIC_OR_PARTITION}
2026-02-28T16:56:26.725+01:00  WARN 42770 --- [notification-service] [ntainer#0-0-C-1] org.apache.kafka.clients.NetworkClient   : [Consumer clientId=consumer-notification-service-1, groupId=notification-service] Error while fetching metadata with correlation id 1240 : {souq.platform.events=UNKNOWN_TOPIC_OR_PARTITION, souq.publisher.events=UNKNOWN_TOPIC_OR_PARTITION}
2026-02-28T16:56:27.725+01:00  WARN 42770 --- [notification-service] [ntainer#0-0-C-1] org.apache.kafka.clients.NetworkClient   : [Consumer clientId=consumer-notification-service-1, groupId=notification-service] Error while fetching metadata with correlation id 1241 : {souq.platform.events=UNKNOWN_TOPIC_OR_PARTITION, souq.publisher.events=UNKNOWN_TOPIC_OR_PARTITION}
2026-02-28T16:56:28.726+01:00  WARN 42770 --- [notification-service] [ntainer#0-0-C-1] org.apache.kafka.clients.NetworkClient   : [Consumer clientId=consumer-notification-service-1, groupId=notification-service] Error while fetching metadata with correlation id 1242 : {souq.platform.events=UNKNOWN_TOPIC_OR_PARTITION, souq.publisher.events=UNKNOWN_TOPIC_OR_PARTITION}
2026-02-28T16:56:29.726+01:00  WARN 42770 --- [notification-service] [ntainer#0-0-C-1] org.apache.kafka.clients.NetworkClient   : [Consumer clientId=consumer-notification-service-1, groupId=notification-service] Error while fetching metadata with correlation id 1243 : {souq.platform.events=UNKNOWN_TOPIC_OR_PARTITION, souq.publisher.events=UNKNOWN_TOPIC_OR_PARTITION}
2026-02-28T16:56:30.530+01:00  WARN 42770 --- [notification-service] [ntainer#0-0-C-1] org.apache.kafka.clients.NetworkClient   : [Consumer clientId=consumer-notification-service-1, groupId=notification-service] Error while fetching metadata with correlation id 1245 : {souq.platform.events=UNKNOWN_TOPIC_OR_PARTITION, souq.publisher.events=UNKNOWN_TOPIC_OR_PARTITION}
2026-02-28T16:56:31.436+01:00  WARN 42770 --- [notification-service] [ntainer#0-0-C-1] org.apache.kafka.clients.NetworkClient   : [Consumer clientId=consumer-notification-service-1, groupId=notification-service] Error while fetching metadata with correlation id 1246 : {souq.platform.events=UNKNOWN_TOPIC_OR_PARTITION, souq.publisher.events=UNKNOWN_TOPIC_OR_PARTITION}
2026-02-28T16:56:32.435+01:00  WARN 42770 --- [notification-service] [ntainer#0-0-C-1] org.apache.kafka.clients.NetworkClient   : [Consumer clientId=consumer-notification-service-1, groupId=notification-service] Error while fetching metadata with correlation id 1247 : {souq.platform.events=UNKNOWN_TOPIC_OR_PARTITION, souq.publisher.events=UNKNOWN_TOPIC_OR_PARTITION}
2026-02-28T16:56:33.329+01:00  WARN 42770 --- [notification-service] [ntainer#0-0-C-1] org.apache.kafka.clients.NetworkClient   : [Consumer clientId=consumer-notification-service-1, groupId=notification-service] Error while fetching metadata with correlation id 1249 : {souq.platform.events=UNKNOWN_TOPIC_OR_PARTITION, souq.publisher.events=UNKNOWN_TOPIC_OR_PARTITION}
2026-02-28T16:56:34.133+01:00  WARN 42770 --- [notification-service] [ntainer#0-0-C-1] org.apache.kafka.clients.NetworkClient   : [Consumer clientId=consumer-notification-service-1, groupId=notification-service] Error while fetching metadata with correlation id 1250 : {souq.platform.events=UNKNOWN_TOPIC_OR_PARTITION, souq.publisher.events=UNKNOWN_TOPIC_OR_PARTITION}
2026-02-28T16:56:35.133+01:00  WARN 42770 --- [notification-service] [ntainer#0-0-C-1] org.apache.kafka.clients.NetworkClient   : [Consumer clientId=consumer-notification-service-1, groupId=notification-service] Error while fetching metadata with correlation id 1251 : {souq.platform.events=UNKNOWN_TOPIC_OR_PARTITION, souq.publisher.events=UNKNOWN_TOPIC_OR_PARTITION}
2026-02-28T16:56:36.134+01:00  WARN 42770 --- [notification-service] [ntainer#0-0-C-1] org.apache.kafka.clients.NetworkClient   : [Consumer clientId=consumer-notification-service-1, groupId=notification-service] Error while fetching metadata with correlation id 1253 : {souq.platform.events=UNKNOWN_TOPIC_OR_PARTITION, souq.publisher.events=UNKNOWN_TOPIC_OR_PARTITION}
2026-02-28T16:56:37.113+01:00  WARN 42770 --- [notification-service] [ntainer#0-0-C-1] org.apache.kafka.clients.NetworkClient   : [Consumer clientId=consumer-notification-service-1, groupId=notification-service] Error while fetching metadata with correlation id 1254 : {souq.platform.events=UNKNOWN_TOPIC_OR_PARTITION, souq.publisher.events=UNKNOWN_TOPIC_OR_PARTITION}
2026-02-28T16:56:38.053+01:00  WARN 42770 --- [notification-service] [ntainer#0-0-C-1] org.apache.kafka.clients.NetworkClient   : [Consumer clientId=consumer-notification-service-1, groupId=notification-service] Error while fetching metadata with correlation id 1255 : {souq.platform.events=UNKNOWN_TOPIC_OR_PARTITION, souq.publisher.events=UNKNOWN_TOPIC_OR_PARTITION}
2026-02-28T16:56:38.928+01:00  WARN 42770 --- [notification-service] [ntainer#0-0-C-1] org.apache.kafka.clients.NetworkClient   : [Consumer clientId=consumer-notification-service-1, groupId=notification-service] Error while fetching metadata with correlation id 1257 : {souq.platform.events=UNKNOWN_TOPIC_OR_PARTITION, souq.publisher.events=UNKNOWN_TOPIC_OR_PARTITION}
2026-02-28T16:56:39.929+01:00  WARN 42770 --- [notification-service] [ntainer#0-0-C-1] org.apache.kafka.clients.NetworkClient   : [Consumer clientId=consumer-notification-service-1, groupId=notification-service] Error while fetching metadata with correlation id 1258 : {souq.platform.events=UNKNOWN_TOPIC_OR_PARTITION, souq.publisher.events=UNKNOWN_TOPIC_OR_PARTITION}
2026-02-28T16:56:40.838+01:00  WARN 42770 --- [notification-service] [ntainer#0-0-C-1] org.apache.kafka.clients.NetworkClient   : [Consumer clientId=consumer-notification-service-1, groupId=notification-service] Error while fetching metadata with correlation id 1259 : {souq.platform.events=UNKNOWN_TOPIC_OR_PARTITION, souq.publisher.events=UNKNOWN_TOPIC_OR_PARTITION}
2026-02-28T16:56:41.727+01:00  WARN 42770 --- [notification-service] [ntainer#0-0-C-1] org.apache.kafka.clients.NetworkClient   : [Consumer clientId=consumer-notification-service-1, groupId=notification-service] Error while fetching metadata with correlation id 1261 : {souq.platform.events=UNKNOWN_TOPIC_OR_PARTITION, souq.publisher.events=UNKNOWN_TOPIC_OR_PARTITION}
2026-02-28T16:56:42.709+01:00  WARN 42770 --- [notification-service] [ntainer#0-0-C-1] org.apache.kafka.clients.NetworkClient   : [Consumer clientId=consumer-notification-service-1, groupId=notification-service] Error while fetching metadata with correlation id 1263 : {souq.platform.events=UNKNOWN_TOPIC_OR_PARTITION, souq.publisher.events=UNKNOWN_TOPIC_OR_PARTITION}
2026-02-28T16:56:43.614+01:00  WARN 42770 --- [notification-service] [ntainer#0-0-C-1] org.apache.kafka.clients.NetworkClient   : [Consumer clientId=consumer-notification-service-1, groupId=notification-service] Error while fetching metadata with correlation id 1264 : {souq.platform.events=UNKNOWN_TOPIC_OR_PARTITION, souq.publisher.events=UNKNOWN_TOPIC_OR_PARTITION}
2026-02-28T16:56:44.615+01:00  WARN 42770 --- [notification-service] [ntainer#0-0-C-1] org.apache.kafka.clients.NetworkClient   : [Consumer clientId=consumer-notification-service-1, groupId=notification-service] Error while fetching metadata with correlation id 1265 : {souq.platform.events=UNKNOWN_TOPIC_OR_PARTITION, souq.publisher.events=UNKNOWN_TOPIC_OR_PARTITION}
2026-02-28T16:56:45.616+01:00  WARN 42770 --- [notification-service] [ntainer#0-0-C-1] org.apache.kafka.clients.NetworkClient   : [Consumer clientId=consumer-notification-service-1, groupId=notification-service] Error while fetching metadata with correlation id 1267 : {souq.platform.events=UNKNOWN_TOPIC_OR_PARTITION, souq.publisher.events=UNKNOWN_TOPIC_OR_PARTITION}
2026-02-28T16:56:46.616+01:00  WARN 42770 --- [notification-service] [ntainer#0-0-C-1] org.apache.kafka.clients.NetworkClient   : [Consumer clientId=consumer-notification-service-1, groupId=notification-service] Error while fetching metadata with correlation id 1268 : {souq.platform.events=UNKNOWN_TOPIC_OR_PARTITION, souq.publisher.events=UNKNOWN_TOPIC_OR_PARTITION}
2026-02-28T16:56:47.599+01:00  WARN 42770 --- [notification-service] [ntainer#0-0-C-1] org.apache.kafka.clients.NetworkClient   : [Consumer clientId=consumer-notification-service-1, groupId=notification-service] Error while fetching metadata with correlation id 1269 : {souq.platform.events=UNKNOWN_TOPIC_OR_PARTITION, souq.publisher.events=UNKNOWN_TOPIC_OR_PARTITION}
2026-02-28T16:56:48.543+01:00  WARN 42770 --- [notification-service] [ntainer#0-0-C-1] org.apache.kafka.clients.NetworkClient   : [Consumer clientId=consumer-notification-service-1, groupId=notification-service] Error while fetching metadata with correlation id 1271 : {souq.platform.events=UNKNOWN_TOPIC_OR_PARTITION, souq.publisher.events=UNKNOWN_TOPIC_OR_PARTITION}
2026-02-28T16:56:49.543+01:00  WARN 42770 --- [notification-service] [ntainer#0-0-C-1] org.apache.kafka.clients.NetworkClient   : [Consumer clientId=consumer-notification-service-1, groupId=notification-service] Error while fetching metadata with correlation id 1272 : {souq.platform.events=UNKNOWN_TOPIC_OR_PARTITION, souq.publisher.events=UNKNOWN_TOPIC_OR_PARTITION}
2026-02-28T16:56:50.544+01:00  WARN 42770 --- [notification-service] [ntainer#0-0-C-1] org.apache.kafka.clients.NetworkClient   : [Consumer clientId=consumer-notification-service-1, groupId=notification-service] Error while fetching metadata with correlation id 1273 : {souq.platform.events=UNKNOWN_TOPIC_OR_PARTITION, souq.publisher.events=UNKNOWN_TOPIC_OR_PARTITION}
2026-02-28T16:56:51.432+01:00  WARN 42770 --- [notification-service] [ntainer#0-0-C-1] org.apache.kafka.clients.NetworkClient   : [Consumer clientId=consumer-notification-service-1, groupId=notification-service] Error while fetching metadata with correlation id 1275 : {souq.platform.events=UNKNOWN_TOPIC_OR_PARTITION, souq.publisher.events=UNKNOWN_TOPIC_OR_PARTITION}
2026-02-28T16:56:52.433+01:00  WARN 42770 --- [notification-service] [ntainer#0-0-C-1] org.apache.kafka.clients.NetworkClient   : [Consumer clientId=consumer-notification-service-1, groupId=notification-service] Error while fetching metadata with correlation id 1276 : {souq.platform.events=UNKNOWN_TOPIC_OR_PARTITION, souq.publisher.events=UNKNOWN_TOPIC_OR_PARTITION}
2026-02-28T16:56:53.330+01:00  WARN 42770 --- [notification-service] [ntainer#0-0-C-1] org.apache.kafka.clients.NetworkClient   : [Consumer clientId=consumer-notification-service-1, groupId=notification-service] Error while fetching metadata with correlation id 1277 : {souq.platform.events=UNKNOWN_TOPIC_OR_PARTITION, souq.publisher.events=UNKNOWN_TOPIC_OR_PARTITION}
2026-02-28T16:56:54.331+01:00  WARN 42770 --- [notification-service] [ntainer#0-0-C-1] org.apache.kafka.clients.NetworkClient   : [Consumer clientId=consumer-notification-service-1, groupId=notification-service] Error while fetching metadata with correlation id 1279 : {souq.platform.events=UNKNOWN_TOPIC_OR_PARTITION, souq.publisher.events=UNKNOWN_TOPIC_OR_PARTITION}
2026-02-28T16:56:55.237+01:00  WARN 42770 --- [notification-service] [ntainer#0-0-C-1] org.apache.kafka.clients.NetworkClient   : [Consumer clientId=consumer-notification-service-1, groupId=notification-service] Error while fetching metadata with correlation id 1280 : {souq.platform.events=UNKNOWN_TOPIC_OR_PARTITION, souq.publisher.events=UNKNOWN_TOPIC_OR_PARTITION}
2026-02-28T16:56:56.238+01:00  WARN 42770 --- [notification-service] [ntainer#0-0-C-1] org.apache.kafka.clients.NetworkClient   : [Consumer clientId=consumer-notification-service-1, groupId=notification-service] Error while fetching metadata with correlation id 1281 : {souq.platform.events=UNKNOWN_TOPIC_OR_PARTITION, souq.publisher.events=UNKNOWN_TOPIC_OR_PARTITION}
2026-02-28T16:56:57.131+01:00  WARN 42770 --- [notification-service] [ntainer#0-0-C-1] org.apache.kafka.clients.NetworkClient   : [Consumer clientId=consumer-notification-service-1, groupId=notification-service] Error while fetching metadata with correlation id 1283 : {souq.platform.events=UNKNOWN_TOPIC_OR_PARTITION, souq.publisher.events=UNKNOWN_TOPIC_OR_PARTITION}
2026-02-28T16:56:58.037+01:00  WARN 42770 --- [notification-service] [ntainer#0-0-C-1] org.apache.kafka.clients.NetworkClient   : [Consumer clientId=consumer-notification-service-1, groupId=notification-service] Error while fetching metadata with correlation id 1284 : {souq.platform.events=UNKNOWN_TOPIC_OR_PARTITION, souq.publisher.events=UNKNOWN_TOPIC_OR_PARTITION}
2026-02-28T16:56:58.941+01:00  WARN 42770 --- [notification-service] [ntainer#0-0-C-1] org.apache.kafka.clients.NetworkClient   : [Consumer clientId=consumer-notification-service-1, groupId=notification-service] Error while fetching metadata with correlation id 1285 : {souq.platform.events=UNKNOWN_TOPIC_OR_PARTITION, souq.publisher.events=UNKNOWN_TOPIC_OR_PARTITION}
2026-02-28T16:56:59.942+01:00  WARN 42770 --- [notification-service] [ntainer#0-0-C-1] org.apache.kafka.clients.NetworkClient   : [Consumer clientId=consumer-notification-service-1, groupId=notification-service] Error while fetching metadata with correlation id 1287 : {souq.platform.events=UNKNOWN_TOPIC_OR_PARTITION, souq.publisher.events=UNKNOWN_TOPIC_OR_PARTITION}
2026-02-28T16:57:00.894+01:00  WARN 42770 --- [notification-service] [ntainer#0-0-C-1] org.apache.kafka.clients.NetworkClient   : [Consumer clientId=consumer-notification-service-1, groupId=notification-service] Error while fetching metadata with correlation id 1288 : {souq.platform.events=UNKNOWN_TOPIC_OR_PARTITION, souq.publisher.events=UNKNOWN_TOPIC_OR_PARTITION}
2026-02-28T16:57:01.832+01:00  WARN 42770 --- [notification-service] [ntainer#0-0-C-1] org.apache.kafka.clients.NetworkClient   : [Consumer clientId=consumer-notification-service-1, groupId=notification-service] Error while fetching metadata with correlation id 1289 : {souq.platform.events=UNKNOWN_TOPIC_OR_PARTITION, souq.publisher.events=UNKNOWN_TOPIC_OR_PARTITION}
2026-02-28T16:57:02.731+01:00  WARN 42770 --- [notification-service] [ntainer#0-0-C-1] org.apache.kafka.clients.NetworkClient   : [Consumer clientId=consumer-notification-service-1, groupId=notification-service] Error while fetching metadata with correlation id 1291 : {souq.platform.events=UNKNOWN_TOPIC_OR_PARTITION, souq.publisher.events=UNKNOWN_TOPIC_OR_PARTITION}
2026-02-28T16:57:03.636+01:00  WARN 42770 --- [notification-service] [ntainer#0-0-C-1] org.apache.kafka.clients.NetworkClient   : [Consumer clientId=consumer-notification-service-1, groupId=notification-service] Error while fetching metadata with correlation id 1292 : {souq.platform.events=UNKNOWN_TOPIC_OR_PARTITION, souq.publisher.events=UNKNOWN_TOPIC_OR_PARTITION}
2026-02-28T16:57:04.541+01:00  WARN 42770 --- [notification-service] [ntainer#0-0-C-1] org.apache.kafka.clients.NetworkClient   : [Consumer clientId=consumer-notification-service-1, groupId=notification-service] Error while fetching metadata with correlation id 1293 : {souq.platform.events=UNKNOWN_TOPIC_OR_PARTITION, souq.publisher.events=UNKNOWN_TOPIC_OR_PARTITION}
2026-02-28T16:57:05.541+01:00  WARN 42770 --- [notification-service] [ntainer#0-0-C-1] org.apache.kafka.clients.NetworkClient   : [Consumer clientId=consumer-notification-service-1, groupId=notification-service] Error while fetching metadata with correlation id 1294 : {souq.platform.events=UNKNOWN_TOPIC_OR_PARTITION, souq.publisher.events=UNKNOWN_TOPIC_OR_PARTITION}
2026-02-28T16:57:06.439+01:00  WARN 42770 --- [notification-service] [ntainer#0-0-C-1] org.apache.kafka.clients.NetworkClient   : [Consumer clientId=consumer-notification-service-1, groupId=notification-service] Error while fetching metadata with correlation id 1296 : {souq.platform.events=UNKNOWN_TOPIC_OR_PARTITION, souq.publisher.events=UNKNOWN_TOPIC_OR_PARTITION}
2026-02-28T16:57:07.309+01:00  WARN 42770 --- [notification-service] [ntainer#0-0-C-1] org.apache.kafka.clients.NetworkClient   : [Consumer clientId=consumer-notification-service-1, groupId=notification-service] Error while fetching metadata with correlation id 1297 : {souq.platform.events=UNKNOWN_TOPIC_OR_PARTITION, souq.publisher.events=UNKNOWN_TOPIC_OR_PARTITION}
2026-02-28T16:57:08.310+01:00  WARN 42770 --- [notification-service] [ntainer#0-0-C-1] org.apache.kafka.clients.NetworkClient   : [Consumer clientId=consumer-notification-service-1, groupId=notification-service] Error while fetching metadata with correlation id 1298 : {souq.platform.events=UNKNOWN_TOPIC_OR_PARTITION, souq.publisher.events=UNKNOWN_TOPIC_OR_PARTITION}
2026-02-28T16:57:09.311+01:00  WARN 42770 --- [notification-service] [ntainer#0-0-C-1] org.apache.kafka.clients.NetworkClient   : [Consumer clientId=consumer-notification-service-1, groupId=notification-service] Error while fetching metadata with correlation id 1300 : {souq.platform.events=UNKNOWN_TOPIC_OR_PARTITION, souq.publisher.events=UNKNOWN_TOPIC_OR_PARTITION}
2026-02-28T16:57:10.312+01:00  WARN 42770 --- [notification-service] [ntainer#0-0-C-1] org.apache.kafka.clients.NetworkClient   : [Consumer clientId=consumer-notification-service-1, groupId=notification-service] Error while fetching metadata with correlation id 1301 : {souq.platform.events=UNKNOWN_TOPIC_OR_PARTITION, souq.publisher.events=UNKNOWN_TOPIC_OR_PARTITION}
2026-02-28T16:57:11.220+01:00  WARN 42770 --- [notification-service] [ntainer#0-0-C-1] org.apache.kafka.clients.NetworkClient   : [Consumer clientId=consumer-notification-service-1, groupId=notification-service] Error while fetching metadata with correlation id 1302 : {souq.platform.events=UNKNOWN_TOPIC_OR_PARTITION, souq.publisher.events=UNKNOWN_TOPIC_OR_PARTITION}
2026-02-28T16:57:12.221+01:00  WARN 42770 --- [notification-service] [ntainer#0-0-C-1] org.apache.kafka.clients.NetworkClient   : [Consumer clientId=consumer-notification-service-1, groupId=notification-service] Error while fetching metadata with correlation id 1304 : {souq.platform.events=UNKNOWN_TOPIC_OR_PARTITION, souq.publisher.events=UNKNOWN_TOPIC_OR_PARTITION}
2026-02-28T16:57:13.221+01:00  WARN 42770 --- [notification-service] [ntainer#0-0-C-1] org.apache.kafka.clients.NetworkClient   : [Consumer clientId=consumer-notification-service-1, groupId=notification-service] Error while fetching metadata with correlation id 1305 : {souq.platform.events=UNKNOWN_TOPIC_OR_PARTITION, souq.publisher.events=UNKNOWN_TOPIC_OR_PARTITION}
2026-02-28T16:57:14.126+01:00  WARN 42770 --- [notification-service] [ntainer#0-0-C-1] org.apache.kafka.clients.NetworkClient   : [Consumer clientId=consumer-notification-service-1, groupId=notification-service] Error while fetching metadata with correlation id 1306 : {souq.platform.events=UNKNOWN_TOPIC_OR_PARTITION, souq.publisher.events=UNKNOWN_TOPIC_OR_PARTITION}
2026-02-28T16:57:15.034+01:00  WARN 42770 --- [notification-service] [ntainer#0-0-C-1] org.apache.kafka.clients.NetworkClient   : [Consumer clientId=consumer-notification-service-1, groupId=notification-service] Error while fetching metadata with correlation id 1308 : {souq.platform.events=UNKNOWN_TOPIC_OR_PARTITION, souq.publisher.events=UNKNOWN_TOPIC_OR_PARTITION}
2026-02-28T16:57:15.988+01:00  WARN 42770 --- [notification-service] [ntainer#0-0-C-1] org.apache.kafka.clients.NetworkClient   : [Consumer clientId=consumer-notification-service-1, groupId=notification-service] Error while fetching metadata with correlation id 1309 : {souq.platform.events=UNKNOWN_TOPIC_OR_PARTITION, souq.publisher.events=UNKNOWN_TOPIC_OR_PARTITION}
2026-02-28T16:57:16.881+01:00  WARN 42770 --- [notification-service] [ntainer#0-0-C-1] org.apache.kafka.clients.NetworkClient   : [Consumer clientId=consumer-notification-service-1, groupId=notification-service] Error while fetching metadata with correlation id 1310 : {souq.platform.events=UNKNOWN_TOPIC_OR_PARTITION, souq.publisher.events=UNKNOWN_TOPIC_OR_PARTITION}
2026-02-28T16:57:17.733+01:00  WARN 42770 --- [notification-service] [ntainer#0-0-C-1] org.apache.kafka.clients.NetworkClient   : [Consumer clientId=consumer-notification-service-1, groupId=notification-service] Error while fetching metadata with correlation id 1311 : {souq.platform.events=UNKNOWN_TOPIC_OR_PARTITION, souq.publisher.events=UNKNOWN_TOPIC_OR_PARTITION}
2026-02-28T16:57:18.734+01:00  WARN 42770 --- [notification-service] [ntainer#0-0-C-1] org.apache.kafka.clients.NetworkClient   : [Consumer clientId=consumer-notification-service-1, groupId=notification-service] Error while fetching metadata with correlation id 1313 : {souq.platform.events=UNKNOWN_TOPIC_OR_PARTITION, souq.publisher.events=UNKNOWN_TOPIC_OR_PARTITION}
2026-02-28T16:57:19.639+01:00  WARN 42770 --- [notification-service] [ntainer#0-0-C-1] org.apache.kafka.clients.NetworkClient   : [Consumer clientId=consumer-notification-service-1, groupId=notification-service] Error while fetching metadata with correlation id 1314 : {souq.platform.events=UNKNOWN_TOPIC_OR_PARTITION, souq.publisher.events=UNKNOWN_TOPIC_OR_PARTITION}
2026-02-28T16:57:20.640+01:00  WARN 42770 --- [notification-service] [ntainer#0-0-C-1] org.apache.kafka.clients.NetworkClient   : [Consumer clientId=consumer-notification-service-1, groupId=notification-service] Error while fetching metadata with correlation id 1315 : {souq.platform.events=UNKNOWN_TOPIC_OR_PARTITION, souq.publisher.events=UNKNOWN_TOPIC_OR_PARTITION}
2026-02-28T16:57:21.533+01:00  WARN 42770 --- [notification-service] [ntainer#0-0-C-1] org.apache.kafka.clients.NetworkClient   : [Consumer clientId=consumer-notification-service-1, groupId=notification-service] Error while fetching metadata with correlation id 1317 : {souq.platform.events=UNKNOWN_TOPIC_OR_PARTITION, souq.publisher.events=UNKNOWN_TOPIC_OR_PARTITION}
2026-02-28T16:57:22.534+01:00  WARN 42770 --- [notification-service] [ntainer#0-0-C-1] org.apache.kafka.clients.NetworkClient   : [Consumer clientId=consumer-notification-service-1, groupId=notification-service] Error while fetching metadata with correlation id 1318 : {souq.platform.events=UNKNOWN_TOPIC_OR_PARTITION, souq.publisher.events=UNKNOWN_TOPIC_OR_PARTITION}
2026-02-28T16:57:23.534+01:00  WARN 42770 --- [notification-service] [ntainer#0-0-C-1] org.apache.kafka.clients.NetworkClient   : [Consumer clientId=consumer-notification-service-1, groupId=notification-service] Error while fetching metadata with correlation id 1319 : {souq.platform.events=UNKNOWN_TOPIC_OR_PARTITION, souq.publisher.events=UNKNOWN_TOPIC_OR_PARTITION}
2026-02-28T16:57:24.438+01:00  WARN 42770 --- [notification-service] [ntainer#0-0-C-1] org.apache.kafka.clients.NetworkClient   : [Consumer clientId=consumer-notification-service-1, groupId=notification-service] Error while fetching metadata with correlation id 1321 : {souq.platform.events=UNKNOWN_TOPIC_OR_PARTITION, souq.publisher.events=UNKNOWN_TOPIC_OR_PARTITION}
2026-02-28T16:57:25.345+01:00  WARN 42770 --- [notification-service] [ntainer#0-0-C-1] org.apache.kafka.clients.NetworkClient   : [Consumer clientId=consumer-notification-service-1, groupId=notification-service] Error while fetching metadata with correlation id 1322 : {souq.platform.events=UNKNOWN_TOPIC_OR_PARTITION, souq.publisher.events=UNKNOWN_TOPIC_OR_PARTITION}
2026-02-28T16:57:26.250+01:00  WARN 42770 --- [notification-service] [ntainer#0-0-C-1] org.apache.kafka.clients.NetworkClient   : [Consumer clientId=consumer-notification-service-1, groupId=notification-service] Error while fetching metadata with correlation id 1323 : {souq.platform.events=UNKNOWN_TOPIC_OR_PARTITION, souq.publisher.events=UNKNOWN_TOPIC_OR_PARTITION}
2026-02-28T16:57:27.220+01:00  WARN 42770 --- [notification-service] [ntainer#0-0-C-1] org.apache.kafka.clients.NetworkClient   : [Consumer clientId=consumer-notification-service-1, groupId=notification-service] Error while fetching metadata with correlation id 1325 : {souq.platform.events=UNKNOWN_TOPIC_OR_PARTITION, souq.publisher.events=UNKNOWN_TOPIC_OR_PARTITION}
2026-02-28T16:57:28.024+01:00  WARN 42770 --- [notification-service] [ntainer#0-0-C-1] org.apache.kafka.clients.NetworkClient   : [Consumer clientId=consumer-notification-service-1, groupId=notification-service] Error while fetching metadata with correlation id 1326 : {souq.platform.events=UNKNOWN_TOPIC_OR_PARTITION, souq.publisher.events=UNKNOWN_TOPIC_OR_PARTITION}
2026-02-28T16:57:29.025+01:00  WARN 42770 --- [notification-service] [ntainer#0-0-C-1] org.apache.kafka.clients.NetworkClient   : [Consumer clientId=consumer-notification-service-1, groupId=notification-service] Error while fetching metadata with correlation id 1327 : {souq.platform.events=UNKNOWN_TOPIC_OR_PARTITION, souq.publisher.events=UNKNOWN_TOPIC_OR_PARTITION}
2026-02-28T16:57:29.937+01:00  WARN 42770 --- [notification-service] [ntainer#0-0-C-1] org.apache.kafka.clients.NetworkClient   : [Consumer clientId=consumer-notification-service-1, groupId=notification-service] Error while fetching metadata with correlation id 1329 : {souq.platform.events=UNKNOWN_TOPIC_OR_PARTITION, souq.publisher.events=UNKNOWN_TOPIC_OR_PARTITION}
2026-02-28T16:57:30.842+01:00  WARN 42770 --- [notification-service] [ntainer#0-0-C-1] org.apache.kafka.clients.NetworkClient   : [Consumer clientId=consumer-notification-service-1, groupId=notification-service] Error while fetching metadata with correlation id 1330 : {souq.platform.events=UNKNOWN_TOPIC_OR_PARTITION, souq.publisher.events=UNKNOWN_TOPIC_OR_PARTITION}
2026-02-28T16:57:31.836+01:00  WARN 42770 --- [notification-service] [ntainer#0-0-C-1] org.apache.kafka.clients.NetworkClient   : [Consumer clientId=consumer-notification-service-1, groupId=notification-service] Error while fetching metadata with correlation id 1331 : {souq.platform.events=UNKNOWN_TOPIC_OR_PARTITION, souq.publisher.events=UNKNOWN_TOPIC_OR_PARTITION}
2026-02-28T16:57:32.837+01:00  WARN 42770 --- [notification-service] [ntainer#0-0-C-1] org.apache.kafka.clients.NetworkClient   : [Consumer clientId=consumer-notification-service-1, groupId=notification-service] Error while fetching metadata with correlation id 1333 : {souq.platform.events=UNKNOWN_TOPIC_OR_PARTITION, souq.publisher.events=UNKNOWN_TOPIC_OR_PARTITION}
2026-02-28T16:57:33.837+01:00  WARN 42770 --- [notification-service] [ntainer#0-0-C-1] org.apache.kafka.clients.NetworkClient   : [Consumer clientId=consumer-notification-service-1, groupId=notification-service] Error while fetching metadata with correlation id 1334 : {souq.platform.events=UNKNOWN_TOPIC_OR_PARTITION, souq.publisher.events=UNKNOWN_TOPIC_OR_PARTITION}
2026-02-28T16:57:34.774+01:00  WARN 42770 --- [notification-service] [ntainer#0-0-C-1] org.apache.kafka.clients.NetworkClient   : [Consumer clientId=consumer-notification-service-1, groupId=notification-service] Error while fetching metadata with correlation id 1335 : {souq.platform.events=UNKNOWN_TOPIC_OR_PARTITION, souq.publisher.events=UNKNOWN_TOPIC_OR_PARTITION}
2026-02-28T16:57:35.736+01:00  WARN 42770 --- [notification-service] [ntainer#0-0-C-1] org.apache.kafka.clients.NetworkClient   : [Consumer clientId=consumer-notification-service-1, groupId=notification-service] Error while fetching metadata with correlation id 1337 : {souq.platform.events=UNKNOWN_TOPIC_OR_PARTITION, souq.publisher.events=UNKNOWN_TOPIC_OR_PARTITION}
2026-02-28T16:57:36.737+01:00  WARN 42770 --- [notification-service] [ntainer#0-0-C-1] org.apache.kafka.clients.NetworkClient   : [Consumer clientId=consumer-notification-service-1, groupId=notification-service] Error while fetching metadata with correlation id 1338 : {souq.platform.events=UNKNOWN_TOPIC_OR_PARTITION, souq.publisher.events=UNKNOWN_TOPIC_OR_PARTITION}
2026-02-28T16:57:37.641+01:00  WARN 42770 --- [notification-service] [ntainer#0-0-C-1] org.apache.kafka.clients.NetworkClient   : [Consumer clientId=consumer-notification-service-1, groupId=notification-service] Error while fetching metadata with correlation id 1339 : {souq.platform.events=UNKNOWN_TOPIC_OR_PARTITION, souq.publisher.events=UNKNOWN_TOPIC_OR_PARTITION}
2026-02-28T16:57:38.547+01:00  WARN 42770 --- [notification-service] [ntainer#0-0-C-1] org.apache.kafka.clients.NetworkClient   : [Consumer clientId=consumer-notification-service-1, groupId=notification-service] Error while fetching metadata with correlation id 1340 : {souq.platform.events=UNKNOWN_TOPIC_OR_PARTITION, souq.publisher.events=UNKNOWN_TOPIC_OR_PARTITION}
2026-02-28T16:57:39.416+01:00  WARN 42770 --- [notification-service] [ntainer#0-0-C-1] org.apache.kafka.clients.NetworkClient   : [Consumer clientId=consumer-notification-service-1, groupId=notification-service] Error while fetching metadata with correlation id 1342 : {souq.platform.events=UNKNOWN_TOPIC_OR_PARTITION, souq.publisher.events=UNKNOWN_TOPIC_OR_PARTITION}
2026-02-28T16:57:40.417+01:00  WARN 42770 --- [notification-service] [ntainer#0-0-C-1] org.apache.kafka.clients.NetworkClient   : [Consumer clientId=consumer-notification-service-1, groupId=notification-service] Error while fetching metadata with correlation id 1343 : {souq.platform.events=UNKNOWN_TOPIC_OR_PARTITION, souq.publisher.events=UNKNOWN_TOPIC_OR_PARTITION}
2026-02-28T16:57:41.322+01:00  WARN 42770 --- [notification-service] [ntainer#0-0-C-1] org.apache.kafka.clients.NetworkClient   : [Consumer clientId=consumer-notification-service-1, groupId=notification-service] Error while fetching metadata with correlation id 1344 : {souq.platform.events=UNKNOWN_TOPIC_OR_PARTITION, souq.publisher.events=UNKNOWN_TOPIC_OR_PARTITION}
2026-02-28T16:57:42.175+01:00  WARN 42770 --- [notification-service] [ntainer#0-0-C-1] org.apache.kafka.clients.NetworkClient   : [Consumer clientId=consumer-notification-service-1, groupId=notification-service] Error while fetching metadata with correlation id 1346 : {souq.platform.events=UNKNOWN_TOPIC_OR_PARTITION, souq.publisher.events=UNKNOWN_TOPIC_OR_PARTITION}
2026-02-28T16:57:43.176+01:00  WARN 42770 --- [notification-service] [ntainer#0-0-C-1] org.apache.kafka.clients.NetworkClient   : [Consumer clientId=consumer-notification-service-1, groupId=notification-service] Error while fetching metadata with correlation id 1347 : {souq.platform.events=UNKNOWN_TOPIC_OR_PARTITION, souq.publisher.events=UNKNOWN_TOPIC_OR_PARTITION}
2026-02-28T16:57:44.151+01:00  WARN 42770 --- [notification-service] [ntainer#0-0-C-1] org.apache.kafka.clients.NetworkClient   : [Consumer clientId=consumer-notification-service-1, groupId=notification-service] Error while fetching metadata with correlation id 1348 : {souq.platform.events=UNKNOWN_TOPIC_OR_PARTITION, souq.publisher.events=UNKNOWN_TOPIC_OR_PARTITION}
2026-02-28T16:57:45.117+01:00  WARN 42770 --- [notification-service] [ntainer#0-0-C-1] org.apache.kafka.clients.NetworkClient   : [Consumer clientId=consumer-notification-service-1, groupId=notification-service] Error while fetching metadata with correlation id 1350 : {souq.platform.events=UNKNOWN_TOPIC_OR_PARTITION, souq.publisher.events=UNKNOWN_TOPIC_OR_PARTITION}
2026-02-28T16:57:46.118+01:00  WARN 42770 --- [notification-service] [ntainer#0-0-C-1] org.apache.kafka.clients.NetworkClient   : [Consumer clientId=consumer-notification-service-1, groupId=notification-service] Error while fetching metadata with correlation id 1351 : {souq.platform.events=UNKNOWN_TOPIC_OR_PARTITION, souq.publisher.events=UNKNOWN_TOPIC_OR_PARTITION}
2026-02-28T16:57:47.118+01:00  WARN 42770 --- [notification-service] [ntainer#0-0-C-1] org.apache.kafka.clients.NetworkClient   : [Consumer clientId=consumer-notification-service-1, groupId=notification-service] Error while fetching metadata with correlation id 1352 : {souq.platform.events=UNKNOWN_TOPIC_OR_PARTITION, souq.publisher.events=UNKNOWN_TOPIC_OR_PARTITION}
2026-02-28T16:57:48.040+01:00  WARN 42770 --- [notification-service] [ntainer#0-0-C-1] org.apache.kafka.clients.NetworkClient   : [Consumer clientId=consumer-notification-service-1, groupId=notification-service] Error while fetching metadata with correlation id 1354 : {souq.platform.events=UNKNOWN_TOPIC_OR_PARTITION, souq.publisher.events=UNKNOWN_TOPIC_OR_PARTITION}
2026-02-28T16:57:48.890+01:00  WARN 42770 --- [notification-service] [ntainer#0-0-C-1] org.apache.kafka.clients.NetworkClient   : [Consumer clientId=consumer-notification-service-1, groupId=notification-service] Error while fetching metadata with correlation id 1355 : {souq.platform.events=UNKNOWN_TOPIC_OR_PARTITION, souq.publisher.events=UNKNOWN_TOPIC_OR_PARTITION}
2026-02-28T16:57:49.737+01:00  WARN 42770 --- [notification-service] [ntainer#0-0-C-1] org.apache.kafka.clients.NetworkClient   : [Consumer clientId=consumer-notification-service-1, groupId=notification-service] Error while fetching metadata with correlation id 1356 : {souq.platform.events=UNKNOWN_TOPIC_OR_PARTITION, souq.publisher.events=UNKNOWN_TOPIC_OR_PARTITION}
2026-02-28T16:57:50.738+01:00  WARN 42770 --- [notification-service] [ntainer#0-0-C-1] org.apache.kafka.clients.NetworkClient   : [Consumer clientId=consumer-notification-service-1, groupId=notification-service] Error while fetching metadata with correlation id 1357 : {souq.platform.events=UNKNOWN_TOPIC_OR_PARTITION, souq.publisher.events=UNKNOWN_TOPIC_OR_PARTITION}
2026-02-28T16:57:51.720+01:00  WARN 42770 --- [notification-service] [ntainer#0-0-C-1] org.apache.kafka.clients.NetworkClient   : [Consumer clientId=consumer-notification-service-1, groupId=notification-service] Error while fetching metadata with correlation id 1359 : {souq.platform.events=UNKNOWN_TOPIC_OR_PARTITION, souq.publisher.events=UNKNOWN_TOPIC_OR_PARTITION}
2026-02-28T16:57:52.720+01:00  WARN 42770 --- [notification-service] [ntainer#0-0-C-1] org.apache.kafka.clients.NetworkClient   : [Consumer clientId=consumer-notification-service-1, groupId=notification-service] Error while fetching metadata with correlation id 1360 : {souq.platform.events=UNKNOWN_TOPIC_OR_PARTITION, souq.publisher.events=UNKNOWN_TOPIC_OR_PARTITION}
2026-02-28T16:57:53.526+01:00  WARN 42770 --- [notification-service] [ntainer#0-0-C-1] org.apache.kafka.clients.NetworkClient   : [Consumer clientId=consumer-notification-service-1, groupId=notification-service] Error while fetching metadata with correlation id 1361 : {souq.platform.events=UNKNOWN_TOPIC_OR_PARTITION, souq.publisher.events=UNKNOWN_TOPIC_OR_PARTITION}
2026-02-28T16:57:54.446+01:00  WARN 42770 --- [notification-service] [ntainer#0-0-C-1] org.apache.kafka.clients.NetworkClient   : [Consumer clientId=consumer-notification-service-1, groupId=notification-service] Error while fetching metadata with correlation id 1363 : {souq.platform.events=UNKNOWN_TOPIC_OR_PARTITION, souq.publisher.events=UNKNOWN_TOPIC_OR_PARTITION}
2026-02-28T16:57:55.447+01:00  WARN 42770 --- [notification-service] [ntainer#0-0-C-1] org.apache.kafka.clients.NetworkClient   : [Consumer clientId=consumer-notification-service-1, groupId=notification-service] Error while fetching metadata with correlation id 1364 : {souq.platform.events=UNKNOWN_TOPIC_OR_PARTITION, souq.publisher.events=UNKNOWN_TOPIC_OR_PARTITION}
2026-02-28T16:57:56.371+01:00  WARN 42770 --- [notification-service] [ntainer#0-0-C-1] org.apache.kafka.clients.NetworkClient   : [Consumer clientId=consumer-notification-service-1, groupId=notification-service] Error while fetching metadata with correlation id 1365 : {souq.platform.events=UNKNOWN_TOPIC_OR_PARTITION, souq.publisher.events=UNKNOWN_TOPIC_OR_PARTITION}
2026-02-28T16:57:57.372+01:00  WARN 42770 --- [notification-service] [ntainer#0-0-C-1] org.apache.kafka.clients.NetworkClient   : [Consumer clientId=consumer-notification-service-1, groupId=notification-service] Error while fetching metadata with correlation id 1367 : {souq.platform.events=UNKNOWN_TOPIC_OR_PARTITION, souq.publisher.events=UNKNOWN_TOPIC_OR_PARTITION}
2026-02-28T16:57:58.277+01:00  WARN 42770 --- [notification-service] [ntainer#0-0-C-1] org.apache.kafka.clients.NetworkClient   : [Consumer clientId=consumer-notification-service-1, groupId=notification-service] Error while fetching metadata with correlation id 1368 : {souq.platform.events=UNKNOWN_TOPIC_OR_PARTITION, souq.publisher.events=UNKNOWN_TOPIC_OR_PARTITION}
2026-02-28T16:57:59.229+01:00  WARN 42770 --- [notification-service] [ntainer#0-0-C-1] org.apache.kafka.clients.NetworkClient   : [Consumer clientId=consumer-notification-service-1, groupId=notification-service] Error while fetching metadata with correlation id 1369 : {souq.platform.events=UNKNOWN_TOPIC_OR_PARTITION, souq.publisher.events=UNKNOWN_TOPIC_OR_PARTITION}
2026-02-28T16:58:00.041+01:00  WARN 42770 --- [notification-service] [ntainer#0-0-C-1] org.apache.kafka.clients.NetworkClient   : [Consumer clientId=consumer-notification-service-1, groupId=notification-service] Error while fetching metadata with correlation id 1371 : {souq.platform.events=UNKNOWN_TOPIC_OR_PARTITION, souq.publisher.events=UNKNOWN_TOPIC_OR_PARTITION}
2026-02-28T16:58:01.042+01:00  WARN 42770 --- [notification-service] [ntainer#0-0-C-1] org.apache.kafka.clients.NetworkClient   : [Consumer clientId=consumer-notification-service-1, groupId=notification-service] Error while fetching metadata with correlation id 1372 : {souq.platform.events=UNKNOWN_TOPIC_OR_PARTITION, souq.publisher.events=UNKNOWN_TOPIC_OR_PARTITION}
2026-02-28T16:58:02.041+01:00  WARN 42770 --- [notification-service] [ntainer#0-0-C-1] org.apache.kafka.clients.NetworkClient   : [Consumer clientId=consumer-notification-service-1, groupId=notification-service] Error while fetching metadata with correlation id 1373 : {souq.platform.events=UNKNOWN_TOPIC_OR_PARTITION, souq.publisher.events=UNKNOWN_TOPIC_OR_PARTITION}
2026-02-28T16:58:03.041+01:00  WARN 42770 --- [notification-service] [ntainer#0-0-C-1] org.apache.kafka.clients.NetworkClient   : [Consumer clientId=consumer-notification-service-1, groupId=notification-service] Error while fetching metadata with correlation id 1375 : {souq.platform.events=UNKNOWN_TOPIC_OR_PARTITION, souq.publisher.events=UNKNOWN_TOPIC_OR_PARTITION}
2026-02-28T16:58:03.977+01:00  WARN 42770 --- [notification-service] [ntainer#0-0-C-1] org.apache.kafka.clients.NetworkClient   : [Consumer clientId=consumer-notification-service-1, groupId=notification-service] Error while fetching metadata with correlation id 1376 : {souq.platform.events=UNKNOWN_TOPIC_OR_PARTITION, souq.publisher.events=UNKNOWN_TOPIC_OR_PARTITION}
2026-02-28T16:58:04.883+01:00  WARN 42770 --- [notification-service] [ntainer#0-0-C-1] org.apache.kafka.clients.NetworkClient   : [Consumer clientId=consumer-notification-service-1, groupId=notification-service] Error while fetching metadata with correlation id 1377 : {souq.platform.events=UNKNOWN_TOPIC_OR_PARTITION, souq.publisher.events=UNKNOWN_TOPIC_OR_PARTITION}
2026-02-28T16:58:05.740+01:00  WARN 42770 --- [notification-service] [ntainer#0-0-C-1] org.apache.kafka.clients.NetworkClient   : [Consumer clientId=consumer-notification-service-1, groupId=notification-service] Error while fetching metadata with correlation id 1379 : {souq.platform.events=UNKNOWN_TOPIC_OR_PARTITION, souq.publisher.events=UNKNOWN_TOPIC_OR_PARTITION}
2026-02-28T16:58:06.740+01:00  WARN 42770 --- [notification-service] [ntainer#0-0-C-1] org.apache.kafka.clients.NetworkClient   : [Consumer clientId=consumer-notification-service-1, groupId=notification-service] Error while fetching metadata with correlation id 1380 : {souq.platform.events=UNKNOWN_TOPIC_OR_PARTITION, souq.publisher.events=UNKNOWN_TOPIC_OR_PARTITION}
2026-02-28T16:58:07.694+01:00  WARN 42770 --- [notification-service] [ntainer#0-0-C-1] org.apache.kafka.clients.NetworkClient   : [Consumer clientId=consumer-notification-service-1, groupId=notification-service] Error while fetching metadata with correlation id 1381 : {souq.platform.events=UNKNOWN_TOPIC_OR_PARTITION, souq.publisher.events=UNKNOWN_TOPIC_OR_PARTITION}
2026-02-28T16:58:08.695+01:00  WARN 42770 --- [notification-service] [ntainer#0-0-C-1] org.apache.kafka.clients.NetworkClient   : [Consumer clientId=consumer-notification-service-1, groupId=notification-service] Error while fetching metadata with correlation id 1382 : {souq.platform.events=UNKNOWN_TOPIC_OR_PARTITION, souq.publisher.events=UNKNOWN_TOPIC_OR_PARTITION}
2026-02-28T16:58:09.696+01:00  WARN 42770 --- [notification-service] [ntainer#0-0-C-1] org.apache.kafka.clients.NetworkClient   : [Consumer clientId=consumer-notification-service-1, groupId=notification-service] Error while fetching metadata with correlation id 1384 : {souq.platform.events=UNKNOWN_TOPIC_OR_PARTITION, souq.publisher.events=UNKNOWN_TOPIC_OR_PARTITION}
2026-02-28T16:58:10.601+01:00  WARN 42770 --- [notification-service] [ntainer#0-0-C-1] org.apache.kafka.clients.NetworkClient   : [Consumer clientId=consumer-notification-service-1, groupId=notification-service] Error while fetching metadata with correlation id 1385 : {souq.platform.events=UNKNOWN_TOPIC_OR_PARTITION, souq.publisher.events=UNKNOWN_TOPIC_OR_PARTITION}
2026-02-28T16:58:11.602+01:00  WARN 42770 --- [notification-service] [ntainer#0-0-C-1] org.apache.kafka.clients.NetworkClient   : [Consumer clientId=consumer-notification-service-1, groupId=notification-service] Error while fetching metadata with correlation id 1386 : {souq.platform.events=UNKNOWN_TOPIC_OR_PARTITION, souq.publisher.events=UNKNOWN_TOPIC_OR_PARTITION}
2026-02-28T16:58:12.544+01:00  WARN 42770 --- [notification-service] [ntainer#0-0-C-1] org.apache.kafka.clients.NetworkClient   : [Consumer clientId=consumer-notification-service-1, groupId=notification-service] Error while fetching metadata with correlation id 1388 : {souq.platform.events=UNKNOWN_TOPIC_OR_PARTITION, souq.publisher.events=UNKNOWN_TOPIC_OR_PARTITION}
2026-02-28T16:58:13.545+01:00  WARN 42770 --- [notification-service] [ntainer#0-0-C-1] org.apache.kafka.clients.NetworkClient   : [Consumer clientId=consumer-notification-service-1, groupId=notification-service] Error while fetching metadata with correlation id 1389 : {souq.platform.events=UNKNOWN_TOPIC_OR_PARTITION, souq.publisher.events=UNKNOWN_TOPIC_OR_PARTITION}
2026-02-28T16:58:14.450+01:00  WARN 42770 --- [notification-service] [ntainer#0-0-C-1] org.apache.kafka.clients.NetworkClient   : [Consumer clientId=consumer-notification-service-1, groupId=notification-service] Error while fetching metadata with correlation id 1390 : {souq.platform.events=UNKNOWN_TOPIC_OR_PARTITION, souq.publisher.events=UNKNOWN_TOPIC_OR_PARTITION}
2026-02-28T16:58:15.444+01:00  WARN 42770 --- [notification-service] [ntainer#0-0-C-1] org.apache.kafka.clients.NetworkClient   : [Consumer clientId=consumer-notification-service-1, groupId=notification-service] Error while fetching metadata with correlation id 1392 : {souq.platform.events=UNKNOWN_TOPIC_OR_PARTITION, souq.publisher.events=UNKNOWN_TOPIC_OR_PARTITION}
2026-02-28T16:58:16.445+01:00  WARN 42770 --- [notification-service] [ntainer#0-0-C-1] org.apache.kafka.clients.NetworkClient   : [Consumer clientId=consumer-notification-service-1, groupId=notification-service] Error while fetching metadata with correlation id 1393 : {souq.platform.events=UNKNOWN_TOPIC_OR_PARTITION, souq.publisher.events=UNKNOWN_TOPIC_OR_PARTITION}
2026-02-28T16:58:17.444+01:00  WARN 42770 --- [notification-service] [ntainer#0-0-C-1] org.apache.kafka.clients.NetworkClient   : [Consumer clientId=consumer-notification-service-1, groupId=notification-service] Error while fetching metadata with correlation id 1394 : {souq.platform.events=UNKNOWN_TOPIC_OR_PARTITION, souq.publisher.events=UNKNOWN_TOPIC_OR_PARTITION}
2026-02-28T16:58:18.445+01:00  WARN 42770 --- [notification-service] [ntainer#0-0-C-1] org.apache.kafka.clients.NetworkClient   : [Consumer clientId=consumer-notification-service-1, groupId=notification-service] Error while fetching metadata with correlation id 1396 : {souq.platform.events=UNKNOWN_TOPIC_OR_PARTITION, souq.publisher.events=UNKNOWN_TOPIC_OR_PARTITION}
2026-02-28T16:58:19.446+01:00  WARN 42770 --- [notification-service] [ntainer#0-0-C-1] org.apache.kafka.clients.NetworkClient   : [Consumer clientId=consumer-notification-service-1, groupId=notification-service] Error while fetching metadata with correlation id 1397 : {souq.platform.events=UNKNOWN_TOPIC_OR_PARTITION, souq.publisher.events=UNKNOWN_TOPIC_OR_PARTITION}
2026-02-28T16:58:20.447+01:00  WARN 42770 --- [notification-service] [ntainer#0-0-C-1] org.apache.kafka.clients.NetworkClient   : [Consumer clientId=consumer-notification-service-1, groupId=notification-service] Error while fetching metadata with correlation id 1398 : {souq.platform.events=UNKNOWN_TOPIC_OR_PARTITION, souq.publisher.events=UNKNOWN_TOPIC_OR_PARTITION}
2026-02-28T16:58:21.448+01:00  WARN 42770 --- [notification-service] [ntainer#0-0-C-1] org.apache.kafka.clients.NetworkClient   : [Consumer clientId=consumer-notification-service-1, groupId=notification-service] Error while fetching metadata with correlation id 1400 : {souq.platform.events=UNKNOWN_TOPIC_OR_PARTITION, souq.publisher.events=UNKNOWN_TOPIC_OR_PARTITION}
2026-02-28T16:58:22.417+01:00  WARN 42770 --- [notification-service] [ntainer#0-0-C-1] org.apache.kafka.clients.NetworkClient   : [Consumer clientId=consumer-notification-service-1, groupId=notification-service] Error while fetching metadata with correlation id 1401 : {souq.platform.events=UNKNOWN_TOPIC_OR_PARTITION, souq.publisher.events=UNKNOWN_TOPIC_OR_PARTITION}
2026-02-28T16:58:23.406+01:00  WARN 42770 --- [notification-service] [ntainer#0-0-C-1] org.apache.kafka.clients.NetworkClient   : [Consumer clientId=consumer-notification-service-1, groupId=notification-service] Error while fetching metadata with correlation id 1402 : {souq.platform.events=UNKNOWN_TOPIC_OR_PARTITION, souq.publisher.events=UNKNOWN_TOPIC_OR_PARTITION}
2026-02-28T16:58:24.280+01:00  WARN 42770 --- [notification-service] [ntainer#0-0-C-1] org.apache.kafka.clients.NetworkClient   : [Consumer clientId=consumer-notification-service-1, groupId=notification-service] Error while fetching metadata with correlation id 1404 : {souq.platform.events=UNKNOWN_TOPIC_OR_PARTITION, souq.publisher.events=UNKNOWN_TOPIC_OR_PARTITION}
2026-02-28T16:58:25.205+01:00  WARN 42770 --- [notification-service] [ntainer#0-0-C-1] org.apache.kafka.clients.NetworkClient   : [Consumer clientId=consumer-notification-service-1, groupId=notification-service] Error while fetching metadata with correlation id 1405 : {souq.platform.events=UNKNOWN_TOPIC_OR_PARTITION, souq.publisher.events=UNKNOWN_TOPIC_OR_PARTITION}
2026-02-28T16:58:26.206+01:00  WARN 42770 --- [notification-service] [ntainer#0-0-C-1] org.apache.kafka.clients.NetworkClient   : [Consumer clientId=consumer-notification-service-1, groupId=notification-service] Error while fetching metadata with correlation id 1406 : {souq.platform.events=UNKNOWN_TOPIC_OR_PARTITION, souq.publisher.events=UNKNOWN_TOPIC_OR_PARTITION}
2026-02-28T16:58:27.143+01:00  WARN 42770 --- [notification-service] [ntainer#0-0-C-1] org.apache.kafka.clients.NetworkClient   : [Consumer clientId=consumer-notification-service-1, groupId=notification-service] Error while fetching metadata with correlation id 1408 : {souq.platform.events=UNKNOWN_TOPIC_OR_PARTITION, souq.publisher.events=UNKNOWN_TOPIC_OR_PARTITION}
2026-02-28T16:58:27.948+01:00  WARN 42770 --- [notification-service] [ntainer#0-0-C-1] org.apache.kafka.clients.NetworkClient   : [Consumer clientId=consumer-notification-service-1, groupId=notification-service] Error while fetching metadata with correlation id 1409 : {souq.platform.events=UNKNOWN_TOPIC_OR_PARTITION, souq.publisher.events=UNKNOWN_TOPIC_OR_PARTITION}
2026-02-28T16:58:28.949+01:00  WARN 42770 --- [notification-service] [ntainer#0-0-C-1] org.apache.kafka.clients.NetworkClient   : [Consumer clientId=consumer-notification-service-1, groupId=notification-service] Error while fetching metadata with correlation id 1410 : {souq.platform.events=UNKNOWN_TOPIC_OR_PARTITION, souq.publisher.events=UNKNOWN_TOPIC_OR_PARTITION}
2026-02-28T16:58:29.929+01:00  WARN 42770 --- [notification-service] [ntainer#0-0-C-1] org.apache.kafka.clients.NetworkClient   : [Consumer clientId=consumer-notification-service-1, groupId=notification-service] Error while fetching metadata with correlation id 1412 : {souq.platform.events=UNKNOWN_TOPIC_OR_PARTITION, souq.publisher.events=UNKNOWN_TOPIC_OR_PARTITION}
2026-02-28T16:58:30.920+01:00  WARN 42770 --- [notification-service] [ntainer#0-0-C-1] org.apache.kafka.clients.NetworkClient   : [Consumer clientId=consumer-notification-service-1, groupId=notification-service] Error while fetching metadata with correlation id 1413 : {souq.platform.events=UNKNOWN_TOPIC_OR_PARTITION, souq.publisher.events=UNKNOWN_TOPIC_OR_PARTITION}
2026-02-28T16:58:31.921+01:00  WARN 42770 --- [notification-service] [ntainer#0-0-C-1] org.apache.kafka.clients.NetworkClient   : [Consumer clientId=consumer-notification-service-1, groupId=notification-service] Error while fetching metadata with correlation id 1414 : {souq.platform.events=UNKNOWN_TOPIC_OR_PARTITION, souq.publisher.events=UNKNOWN_TOPIC_OR_PARTITION}
2026-02-28T16:58:32.876+01:00  WARN 42770 --- [notification-service] [ntainer#0-0-C-1] org.apache.kafka.clients.NetworkClient   : [Consumer clientId=consumer-notification-service-1, groupId=notification-service] Error while fetching metadata with correlation id 1416 : {souq.platform.events=UNKNOWN_TOPIC_OR_PARTITION, souq.publisher.events=UNKNOWN_TOPIC_OR_PARTITION}
2026-02-28T16:58:33.781+01:00  WARN 42770 --- [notification-service] [ntainer#0-0-C-1] org.apache.kafka.clients.NetworkClient   : [Consumer clientId=consumer-notification-service-1, groupId=notification-service] Error while fetching metadata with correlation id 1417 : {souq.platform.events=UNKNOWN_TOPIC_OR_PARTITION, souq.publisher.events=UNKNOWN_TOPIC_OR_PARTITION}
2026-02-28T16:58:34.782+01:00  WARN 42770 --- [notification-service] [ntainer#0-0-C-1] org.apache.kafka.clients.NetworkClient   : [Consumer clientId=consumer-notification-service-1, groupId=notification-service] Error while fetching metadata with correlation id 1418 : {souq.platform.events=UNKNOWN_TOPIC_OR_PARTITION, souq.publisher.events=UNKNOWN_TOPIC_OR_PARTITION}
2026-02-28T16:58:35.741+01:00  WARN 42770 --- [notification-service] [ntainer#0-0-C-1] org.apache.kafka.clients.NetworkClient   : [Consumer clientId=consumer-notification-service-1, groupId=notification-service] Error while fetching metadata with correlation id 1419 : {souq.platform.events=UNKNOWN_TOPIC_OR_PARTITION, souq.publisher.events=UNKNOWN_TOPIC_OR_PARTITION}
2026-02-28T16:58:36.742+01:00  WARN 42770 --- [notification-service] [ntainer#0-0-C-1] org.apache.kafka.clients.NetworkClient   : [Consumer clientId=consumer-notification-service-1, groupId=notification-service] Error while fetching metadata with correlation id 1421 : {souq.platform.events=UNKNOWN_TOPIC_OR_PARTITION, souq.publisher.events=UNKNOWN_TOPIC_OR_PARTITION}
2026-02-28T16:58:37.647+01:00  WARN 42770 --- [notification-service] [ntainer#0-0-C-1] org.apache.kafka.clients.NetworkClient   : [Consumer clientId=consumer-notification-service-1, groupId=notification-service] Error while fetching metadata with correlation id 1422 : {souq.platform.events=UNKNOWN_TOPIC_OR_PARTITION, souq.publisher.events=UNKNOWN_TOPIC_OR_PARTITION}
2026-02-28T16:58:38.551+01:00  WARN 42770 --- [notification-service] [ntainer#0-0-C-1] org.apache.kafka.clients.NetworkClient   : [Consumer clientId=consumer-notification-service-1, groupId=notification-service] Error while fetching metadata with correlation id 1423 : {souq.platform.events=UNKNOWN_TOPIC_OR_PARTITION, souq.publisher.events=UNKNOWN_TOPIC_OR_PARTITION}
2026-02-28T16:58:39.552+01:00  WARN 42770 --- [notification-service] [ntainer#0-0-C-1] org.apache.kafka.clients.NetworkClient   : [Consumer clientId=consumer-notification-service-1, groupId=notification-service] Error while fetching metadata with correlation id 1425 : {souq.platform.events=UNKNOWN_TOPIC_OR_PARTITION, souq.publisher.events=UNKNOWN_TOPIC_OR_PARTITION}
2026-02-28T16:58:40.542+01:00  WARN 42770 --- [notification-service] [ntainer#0-0-C-1] org.apache.kafka.clients.NetworkClient   : [Consumer clientId=consumer-notification-service-1, groupId=notification-service] Error while fetching metadata with correlation id 1426 : {souq.platform.events=UNKNOWN_TOPIC_OR_PARTITION, souq.publisher.events=UNKNOWN_TOPIC_OR_PARTITION}
2026-02-28T16:58:41.485+01:00  WARN 42770 --- [notification-service] [ntainer#0-0-C-1] org.apache.kafka.clients.NetworkClient   : [Consumer clientId=consumer-notification-service-1, groupId=notification-service] Error while fetching metadata with correlation id 1427 : {souq.platform.events=UNKNOWN_TOPIC_OR_PARTITION, souq.publisher.events=UNKNOWN_TOPIC_OR_PARTITION}
2026-02-28T16:58:42.448+01:00  WARN 42770 --- [notification-service] [ntainer#0-0-C-1] org.apache.kafka.clients.NetworkClient   : [Consumer clientId=consumer-notification-service-1, groupId=notification-service] Error while fetching metadata with correlation id 1429 : {souq.platform.events=UNKNOWN_TOPIC_OR_PARTITION, souq.publisher.events=UNKNOWN_TOPIC_OR_PARTITION}
2026-02-28T16:58:43.353+01:00  WARN 42770 --- [notification-service] [ntainer#0-0-C-1] org.apache.kafka.clients.NetworkClient   : [Consumer clientId=consumer-notification-service-1, groupId=notification-service] Error while fetching metadata with correlation id 1430 : {souq.platform.events=UNKNOWN_TOPIC_OR_PARTITION, souq.publisher.events=UNKNOWN_TOPIC_OR_PARTITION}
2026-02-28T16:58:44.354+01:00  WARN 42770 --- [notification-service] [ntainer#0-0-C-1] org.apache.kafka.clients.NetworkClient   : [Consumer clientId=consumer-notification-service-1, groupId=notification-service] Error while fetching metadata with correlation id 1431 : {souq.platform.events=UNKNOWN_TOPIC_OR_PARTITION, souq.publisher.events=UNKNOWN_TOPIC_OR_PARTITION}
2026-02-28T16:58:45.348+01:00  WARN 42770 --- [notification-service] [ntainer#0-0-C-1] org.apache.kafka.clients.NetworkClient   : [Consumer clientId=consumer-notification-service-1, groupId=notification-service] Error while fetching metadata with correlation id 1433 : {souq.platform.events=UNKNOWN_TOPIC_OR_PARTITION, souq.publisher.events=UNKNOWN_TOPIC_OR_PARTITION}
2026-02-28T16:58:46.253+01:00  WARN 42770 --- [notification-service] [ntainer#0-0-C-1] org.apache.kafka.clients.NetworkClient   : [Consumer clientId=consumer-notification-service-1, groupId=notification-service] Error while fetching metadata with correlation id 1434 : {souq.platform.events=UNKNOWN_TOPIC_OR_PARTITION, souq.publisher.events=UNKNOWN_TOPIC_OR_PARTITION}
2026-02-28T16:58:47.254+01:00  WARN 42770 --- [notification-service] [ntainer#0-0-C-1] org.apache.kafka.clients.NetworkClient   : [Consumer clientId=consumer-notification-service-1, groupId=notification-service] Error while fetching metadata with correlation id 1435 : {souq.platform.events=UNKNOWN_TOPIC_OR_PARTITION, souq.publisher.events=UNKNOWN_TOPIC_OR_PARTITION}
2026-02-28T16:58:48.147+01:00  WARN 42770 --- [notification-service] [ntainer#0-0-C-1] org.apache.kafka.clients.NetworkClient   : [Consumer clientId=consumer-notification-service-1, groupId=notification-service] Error while fetching metadata with correlation id 1437 : {souq.platform.events=UNKNOWN_TOPIC_OR_PARTITION, souq.publisher.events=UNKNOWN_TOPIC_OR_PARTITION}
2026-02-28T16:58:49.052+01:00  WARN 42770 --- [notification-service] [ntainer#0-0-C-1] org.apache.kafka.clients.NetworkClient   : [Consumer clientId=consumer-notification-service-1, groupId=notification-service] Error while fetching metadata with correlation id 1438 : {souq.platform.events=UNKNOWN_TOPIC_OR_PARTITION, souq.publisher.events=UNKNOWN_TOPIC_OR_PARTITION}
2026-02-28T16:58:50.053+01:00  WARN 42770 --- [notification-service] [ntainer#0-0-C-1] org.apache.kafka.clients.NetworkClient   : [Consumer clientId=consumer-notification-service-1, groupId=notification-service] Error while fetching metadata with correlation id 1439 : {souq.platform.events=UNKNOWN_TOPIC_OR_PARTITION, souq.publisher.events=UNKNOWN_TOPIC_OR_PARTITION}
2026-02-28T16:58:50.945+01:00  WARN 42770 --- [notification-service] [ntainer#0-0-C-1] org.apache.kafka.clients.NetworkClient   : [Consumer clientId=consumer-notification-service-1, groupId=notification-service] Error while fetching metadata with correlation id 1441 : {souq.platform.events=UNKNOWN_TOPIC_OR_PARTITION, souq.publisher.events=UNKNOWN_TOPIC_OR_PARTITION}
2026-02-28T16:58:51.945+01:00  WARN 42770 --- [notification-service] [ntainer#0-0-C-1] org.apache.kafka.clients.NetworkClient   : [Consumer clientId=consumer-notification-service-1, groupId=notification-service] Error while fetching metadata with correlation id 1442 : {souq.platform.events=UNKNOWN_TOPIC_OR_PARTITION, souq.publisher.events=UNKNOWN_TOPIC_OR_PARTITION}
2026-02-28T16:58:52.850+01:00  WARN 42770 --- [notification-service] [ntainer#0-0-C-1] org.apache.kafka.clients.NetworkClient   : [Consumer clientId=consumer-notification-service-1, groupId=notification-service] Error while fetching metadata with correlation id 1443 : {souq.platform.events=UNKNOWN_TOPIC_OR_PARTITION, souq.publisher.events=UNKNOWN_TOPIC_OR_PARTITION}
2026-02-28T16:58:53.745+01:00  WARN 42770 --- [notification-service] [ntainer#0-0-C-1] org.apache.kafka.clients.NetworkClient   : [Consumer clientId=consumer-notification-service-1, groupId=notification-service] Error while fetching metadata with correlation id 1444 : {souq.platform.events=UNKNOWN_TOPIC_OR_PARTITION, souq.publisher.events=UNKNOWN_TOPIC_OR_PARTITION}
2026-02-28T16:58:54.650+01:00  WARN 42770 --- [notification-service] [ntainer#0-0-C-1] org.apache.kafka.clients.NetworkClient   : [Consumer clientId=consumer-notification-service-1, groupId=notification-service] Error while fetching metadata with correlation id 1446 : {souq.platform.events=UNKNOWN_TOPIC_OR_PARTITION, souq.publisher.events=UNKNOWN_TOPIC_OR_PARTITION}
2026-02-28T16:58:55.651+01:00  WARN 42770 --- [notification-service] [ntainer#0-0-C-1] org.apache.kafka.clients.NetworkClient   : [Consumer clientId=consumer-notification-service-1, groupId=notification-service] Error while fetching metadata with correlation id 1447 : {souq.platform.events=UNKNOWN_TOPIC_OR_PARTITION, souq.publisher.events=UNKNOWN_TOPIC_OR_PARTITION}
2026-02-28T16:58:56.544+01:00  WARN 42770 --- [notification-service] [ntainer#0-0-C-1] org.apache.kafka.clients.NetworkClient   : [Consumer clientId=consumer-notification-service-1, groupId=notification-service] Error while fetching metadata with correlation id 1448 : {souq.platform.events=UNKNOWN_TOPIC_OR_PARTITION, souq.publisher.events=UNKNOWN_TOPIC_OR_PARTITION}
2026-02-28T16:58:57.520+01:00  WARN 42770 --- [notification-service] [ntainer#0-0-C-1] org.apache.kafka.clients.NetworkClient   : [Consumer clientId=consumer-notification-service-1, groupId=notification-service] Error while fetching metadata with correlation id 1450 : {souq.platform.events=UNKNOWN_TOPIC_OR_PARTITION, souq.publisher.events=UNKNOWN_TOPIC_OR_PARTITION}
2026-02-28T16:58:58.427+01:00  WARN 42770 --- [notification-service] [ntainer#0-0-C-1] org.apache.kafka.clients.NetworkClient   : [Consumer clientId=consumer-notification-service-1, groupId=notification-service] Error while fetching metadata with correlation id 1451 : {souq.platform.events=UNKNOWN_TOPIC_OR_PARTITION, souq.publisher.events=UNKNOWN_TOPIC_OR_PARTITION}
2026-02-28T16:58:59.428+01:00  WARN 42770 --- [notification-service] [ntainer#0-0-C-1] org.apache.kafka.clients.NetworkClient   : [Consumer clientId=consumer-notification-service-1, groupId=notification-service] Error while fetching metadata with correlation id 1452 : {souq.platform.events=UNKNOWN_TOPIC_OR_PARTITION, souq.publisher.events=UNKNOWN_TOPIC_OR_PARTITION}
2026-02-28T16:59:00.429+01:00  WARN 42770 --- [notification-service] [ntainer#0-0-C-1] org.apache.kafka.clients.NetworkClient   : [Consumer clientId=consumer-notification-service-1, groupId=notification-service] Error while fetching metadata with correlation id 1454 : {souq.platform.events=UNKNOWN_TOPIC_OR_PARTITION, souq.publisher.events=UNKNOWN_TOPIC_OR_PARTITION}
2026-02-28T16:59:01.429+01:00  WARN 42770 --- [notification-service] [ntainer#0-0-C-1] org.apache.kafka.clients.NetworkClient   : [Consumer clientId=consumer-notification-service-1, groupId=notification-service] Error while fetching metadata with correlation id 1455 : {souq.platform.events=UNKNOWN_TOPIC_OR_PARTITION, souq.publisher.events=UNKNOWN_TOPIC_OR_PARTITION}
2026-02-28T16:59:02.429+01:00  WARN 42770 --- [notification-service] [ntainer#0-0-C-1] org.apache.kafka.clients.NetworkClient   : [Consumer clientId=consumer-notification-service-1, groupId=notification-service] Error while fetching metadata with correlation id 1456 : {souq.platform.events=UNKNOWN_TOPIC_OR_PARTITION, souq.publisher.events=UNKNOWN_TOPIC_OR_PARTITION}
2026-02-28T16:59:03.249+01:00  WARN 42770 --- [notification-service] [ntainer#0-0-C-1] org.apache.kafka.clients.NetworkClient   : [Consumer clientId=consumer-notification-service-1, groupId=notification-service] Error while fetching metadata with correlation id 1458 : {souq.platform.events=UNKNOWN_TOPIC_OR_PARTITION, souq.publisher.events=UNKNOWN_TOPIC_OR_PARTITION}
2026-02-28T16:59:04.250+01:00  WARN 42770 --- [notification-service] [ntainer#0-0-C-1] org.apache.kafka.clients.NetworkClient   : [Consumer clientId=consumer-notification-service-1, groupId=notification-service] Error while fetching metadata with correlation id 1459 : {souq.platform.events=UNKNOWN_TOPIC_OR_PARTITION, souq.publisher.events=UNKNOWN_TOPIC_OR_PARTITION}
2026-02-28T16:59:05.251+01:00  WARN 42770 --- [notification-service] [ntainer#0-0-C-1] org.apache.kafka.clients.NetworkClient   : [Consumer clientId=consumer-notification-service-1, groupId=notification-service] Error while fetching metadata with correlation id 1460 : {souq.platform.events=UNKNOWN_TOPIC_OR_PARTITION, souq.publisher.events=UNKNOWN_TOPIC_OR_PARTITION}
2026-02-28T16:59:06.252+01:00  WARN 42770 --- [notification-service] [ntainer#0-0-C-1] org.apache.kafka.clients.NetworkClient   : [Consumer clientId=consumer-notification-service-1, groupId=notification-service] Error while fetching metadata with correlation id 1462 : {souq.platform.events=UNKNOWN_TOPIC_OR_PARTITION, souq.publisher.events=UNKNOWN_TOPIC_OR_PARTITION}
2026-02-28T16:59:07.253+01:00  WARN 42770 --- [notification-service] [ntainer#0-0-C-1] org.apache.kafka.clients.NetworkClient   : [Consumer clientId=consumer-notification-service-1, groupId=notification-service] Error while fetching metadata with correlation id 1463 : {souq.platform.events=UNKNOWN_TOPIC_OR_PARTITION, souq.publisher.events=UNKNOWN_TOPIC_OR_PARTITION}
2026-02-28T16:59:08.248+01:00  WARN 42770 --- [notification-service] [ntainer#0-0-C-1] org.apache.kafka.clients.NetworkClient   : [Consumer clientId=consumer-notification-service-1, groupId=notification-service] Error while fetching metadata with correlation id 1464 : {souq.platform.events=UNKNOWN_TOPIC_OR_PARTITION, souq.publisher.events=UNKNOWN_TOPIC_OR_PARTITION}
2026-02-28T16:59:09.249+01:00  WARN 42770 --- [notification-service] [ntainer#0-0-C-1] org.apache.kafka.clients.NetworkClient   : [Consumer clientId=consumer-notification-service-1, groupId=notification-service] Error while fetching metadata with correlation id 1466 : {souq.platform.events=UNKNOWN_TOPIC_OR_PARTITION, souq.publisher.events=UNKNOWN_TOPIC_OR_PARTITION}
2026-02-28T16:59:10.154+01:00  WARN 42770 --- [notification-service] [ntainer#0-0-C-1] org.apache.kafka.clients.NetworkClient   : [Consumer clientId=consumer-notification-service-1, groupId=notification-service] Error while fetching metadata with correlation id 1467 : {souq.platform.events=UNKNOWN_TOPIC_OR_PARTITION, souq.publisher.events=UNKNOWN_TOPIC_OR_PARTITION}
2026-02-28T16:59:11.059+01:00  WARN 42770 --- [notification-service] [ntainer#0-0-C-1] org.apache.kafka.clients.NetworkClient   : [Consumer clientId=consumer-notification-service-1, groupId=notification-service] Error while fetching metadata with correlation id 1468 : {souq.platform.events=UNKNOWN_TOPIC_OR_PARTITION, souq.publisher.events=UNKNOWN_TOPIC_OR_PARTITION}
2026-02-28T16:59:12.059+01:00  WARN 42770 --- [notification-service] [ntainer#0-0-C-1] org.apache.kafka.clients.NetworkClient   : [Consumer clientId=consumer-notification-service-1, groupId=notification-service] Error while fetching metadata with correlation id 1470 : {souq.platform.events=UNKNOWN_TOPIC_OR_PARTITION, souq.publisher.events=UNKNOWN_TOPIC_OR_PARTITION}
2026-02-28T16:59:12.965+01:00  WARN 42770 --- [notification-service] [ntainer#0-0-C-1] org.apache.kafka.clients.NetworkClient   : [Consumer clientId=consumer-notification-service-1, groupId=notification-service] Error while fetching metadata with correlation id 1471 : {souq.platform.events=UNKNOWN_TOPIC_OR_PARTITION, souq.publisher.events=UNKNOWN_TOPIC_OR_PARTITION}
2026-02-28T16:59:13.966+01:00  WARN 42770 --- [notification-service] [ntainer#0-0-C-1] org.apache.kafka.clients.NetworkClient   : [Consumer clientId=consumer-notification-service-1, groupId=notification-service] Error while fetching metadata with correlation id 1472 : {souq.platform.events=UNKNOWN_TOPIC_OR_PARTITION, souq.publisher.events=UNKNOWN_TOPIC_OR_PARTITION}
2026-02-28T16:59:14.966+01:00  WARN 42770 --- [notification-service] [ntainer#0-0-C-1] org.apache.kafka.clients.NetworkClient   : [Consumer clientId=consumer-notification-service-1, groupId=notification-service] Error while fetching metadata with correlation id 1474 : {souq.platform.events=UNKNOWN_TOPIC_OR_PARTITION, souq.publisher.events=UNKNOWN_TOPIC_OR_PARTITION}
2026-02-28T16:59:15.966+01:00  WARN 42770 --- [notification-service] [ntainer#0-0-C-1] org.apache.kafka.clients.NetworkClient   : [Consumer clientId=consumer-notification-service-1, groupId=notification-service] Error while fetching metadata with correlation id 1475 : {souq.platform.events=UNKNOWN_TOPIC_OR_PARTITION, souq.publisher.events=UNKNOWN_TOPIC_OR_PARTITION}
2026-02-28T16:59:16.847+01:00  WARN 42770 --- [notification-service] [ntainer#0-0-C-1] org.apache.kafka.clients.NetworkClient   : [Consumer clientId=consumer-notification-service-1, groupId=notification-service] Error while fetching metadata with correlation id 1476 : {souq.platform.events=UNKNOWN_TOPIC_OR_PARTITION, souq.publisher.events=UNKNOWN_TOPIC_OR_PARTITION}
2026-02-28T16:59:17.747+01:00  WARN 42770 --- [notification-service] [ntainer#0-0-C-1] org.apache.kafka.clients.NetworkClient   : [Consumer clientId=consumer-notification-service-1, groupId=notification-service] Error while fetching metadata with correlation id 1478 : {souq.platform.events=UNKNOWN_TOPIC_OR_PARTITION, souq.publisher.events=UNKNOWN_TOPIC_OR_PARTITION}
2026-02-28T16:59:18.653+01:00  WARN 42770 --- [notification-service] [ntainer#0-0-C-1] org.apache.kafka.clients.NetworkClient   : [Consumer clientId=consumer-notification-service-1, groupId=notification-service] Error while fetching metadata with correlation id 1479 : {souq.platform.events=UNKNOWN_TOPIC_OR_PARTITION, souq.publisher.events=UNKNOWN_TOPIC_OR_PARTITION}
2026-02-28T16:59:19.654+01:00  WARN 42770 --- [notification-service] [ntainer#0-0-C-1] org.apache.kafka.clients.NetworkClient   : [Consumer clientId=consumer-notification-service-1, groupId=notification-service] Error while fetching metadata with correlation id 1480 : {souq.platform.events=UNKNOWN_TOPIC_OR_PARTITION, souq.publisher.events=UNKNOWN_TOPIC_OR_PARTITION}
2026-02-28T16:59:20.560+01:00  WARN 42770 --- [notification-service] [ntainer#0-0-C-1] org.apache.kafka.clients.NetworkClient   : [Consumer clientId=consumer-notification-service-1, groupId=notification-service] Error while fetching metadata with correlation id 1481 : {souq.platform.events=UNKNOWN_TOPIC_OR_PARTITION, souq.publisher.events=UNKNOWN_TOPIC_OR_PARTITION}
2026-02-28T16:59:21.418+01:00  WARN 42770 --- [notification-service] [ntainer#0-0-C-1] org.apache.kafka.clients.NetworkClient   : [Consumer clientId=consumer-notification-service-1, groupId=notification-service] Error while fetching metadata with correlation id 1483 : {souq.platform.events=UNKNOWN_TOPIC_OR_PARTITION, souq.publisher.events=UNKNOWN_TOPIC_OR_PARTITION}
2026-02-28T16:59:22.373+01:00  WARN 42770 --- [notification-service] [ntainer#0-0-C-1] org.apache.kafka.clients.NetworkClient   : [Consumer clientId=consumer-notification-service-1, groupId=notification-service] Error while fetching metadata with correlation id 1484 : {souq.platform.events=UNKNOWN_TOPIC_OR_PARTITION, souq.publisher.events=UNKNOWN_TOPIC_OR_PARTITION}
2026-02-28T16:59:23.374+01:00  WARN 42770 --- [notification-service] [ntainer#0-0-C-1] org.apache.kafka.clients.NetworkClient   : [Consumer clientId=consumer-notification-service-1, groupId=notification-service] Error while fetching metadata with correlation id 1485 : {souq.platform.events=UNKNOWN_TOPIC_OR_PARTITION, souq.publisher.events=UNKNOWN_TOPIC_OR_PARTITION}
2026-02-28T16:59:24.250+01:00  WARN 42770 --- [notification-service] [ntainer#0-0-C-1] org.apache.kafka.clients.NetworkClient   : [Consumer clientId=consumer-notification-service-1, groupId=notification-service] Error while fetching metadata with correlation id 1487 : {souq.platform.events=UNKNOWN_TOPIC_OR_PARTITION, souq.publisher.events=UNKNOWN_TOPIC_OR_PARTITION}
2026-02-28T16:59:25.155+01:00  WARN 42770 --- [notification-service] [ntainer#0-0-C-1] org.apache.kafka.clients.NetworkClient   : [Consumer clientId=consumer-notification-service-1, groupId=notification-service] Error while fetching metadata with correlation id 1488 : {souq.platform.events=UNKNOWN_TOPIC_OR_PARTITION, souq.publisher.events=UNKNOWN_TOPIC_OR_PARTITION}
2026-02-28T16:59:26.102+01:00  WARN 42770 --- [notification-service] [ntainer#0-0-C-1] org.apache.kafka.clients.NetworkClient   : [Consumer clientId=consumer-notification-service-1, groupId=notification-service] Error while fetching metadata with correlation id 1489 : {souq.platform.events=UNKNOWN_TOPIC_OR_PARTITION, souq.publisher.events=UNKNOWN_TOPIC_OR_PARTITION}
2026-02-28T16:59:27.096+01:00  WARN 42770 --- [notification-service] [ntainer#0-0-C-1] org.apache.kafka.clients.NetworkClient   : [Consumer clientId=consumer-notification-service-1, groupId=notification-service] Error while fetching metadata with correlation id 1491 : {souq.platform.events=UNKNOWN_TOPIC_OR_PARTITION, souq.publisher.events=UNKNOWN_TOPIC_OR_PARTITION}
2026-02-28T16:59:28.096+01:00  WARN 42770 --- [notification-service] [ntainer#0-0-C-1] org.apache.kafka.clients.NetworkClient   : [Consumer clientId=consumer-notification-service-1, groupId=notification-service] Error while fetching metadata with correlation id 1492 : {souq.platform.events=UNKNOWN_TOPIC_OR_PARTITION, souq.publisher.events=UNKNOWN_TOPIC_OR_PARTITION}
2026-02-28T16:59:29.002+01:00  WARN 42770 --- [notification-service] [ntainer#0-0-C-1] org.apache.kafka.clients.NetworkClient   : [Consumer clientId=consumer-notification-service-1, groupId=notification-service] Error while fetching metadata with correlation id 1493 : {souq.platform.events=UNKNOWN_TOPIC_OR_PARTITION, souq.publisher.events=UNKNOWN_TOPIC_OR_PARTITION}
2026-02-28T16:59:29.949+01:00  WARN 42770 --- [notification-service] [ntainer#0-0-C-1] org.apache.kafka.clients.NetworkClient   : [Consumer clientId=consumer-notification-service-1, groupId=notification-service] Error while fetching metadata with correlation id 1495 : {souq.platform.events=UNKNOWN_TOPIC_OR_PARTITION, souq.publisher.events=UNKNOWN_TOPIC_OR_PARTITION}
2026-02-28T16:59:30.855+01:00  WARN 42770 --- [notification-service] [ntainer#0-0-C-1] org.apache.kafka.clients.NetworkClient   : [Consumer clientId=consumer-notification-service-1, groupId=notification-service] Error while fetching metadata with correlation id 1496 : {souq.platform.events=UNKNOWN_TOPIC_OR_PARTITION, souq.publisher.events=UNKNOWN_TOPIC_OR_PARTITION}
2026-02-28T16:59:31.738+01:00  WARN 42770 --- [notification-service] [ntainer#0-0-C-1] org.apache.kafka.clients.NetworkClient   : [Consumer clientId=consumer-notification-service-1, groupId=notification-service] Error while fetching metadata with correlation id 1497 : {souq.platform.events=UNKNOWN_TOPIC_OR_PARTITION, souq.publisher.events=UNKNOWN_TOPIC_OR_PARTITION}
2026-02-28T16:59:32.739+01:00  WARN 42770 --- [notification-service] [ntainer#0-0-C-1] org.apache.kafka.clients.NetworkClient   : [Consumer clientId=consumer-notification-service-1, groupId=notification-service] Error while fetching metadata with correlation id 1498 : {souq.platform.events=UNKNOWN_TOPIC_OR_PARTITION, souq.publisher.events=UNKNOWN_TOPIC_OR_PARTITION}
2026-02-28T16:59:33.739+01:00  WARN 42770 --- [notification-service] [ntainer#0-0-C-1] org.apache.kafka.clients.NetworkClient   : [Consumer clientId=consumer-notification-service-1, groupId=notification-service] Error while fetching metadata with correlation id 1500 : {souq.platform.events=UNKNOWN_TOPIC_OR_PARTITION, souq.publisher.events=UNKNOWN_TOPIC_OR_PARTITION}
2026-02-28T16:59:34.680+01:00  WARN 42770 --- [notification-service] [ntainer#0-0-C-1] org.apache.kafka.clients.NetworkClient   : [Consumer clientId=consumer-notification-service-1, groupId=notification-service] Error while fetching metadata with correlation id 1501 : {souq.platform.events=UNKNOWN_TOPIC_OR_PARTITION, souq.publisher.events=UNKNOWN_TOPIC_OR_PARTITION}
2026-02-28T16:59:35.681+01:00  WARN 42770 --- [notification-service] [ntainer#0-0-C-1] org.apache.kafka.clients.NetworkClient   : [Consumer clientId=consumer-notification-service-1, groupId=notification-service] Error while fetching metadata with correlation id 1502 : {souq.platform.events=UNKNOWN_TOPIC_OR_PARTITION, souq.publisher.events=UNKNOWN_TOPIC_OR_PARTITION}
2026-02-28T16:59:36.623+01:00  WARN 42770 --- [notification-service] [ntainer#0-0-C-1] org.apache.kafka.clients.NetworkClient   : [Consumer clientId=consumer-notification-service-1, groupId=notification-service] Error while fetching metadata with correlation id 1504 : {souq.platform.events=UNKNOWN_TOPIC_OR_PARTITION, souq.publisher.events=UNKNOWN_TOPIC_OR_PARTITION}
2026-02-28T16:59:37.623+01:00  WARN 42770 --- [notification-service] [ntainer#0-0-C-1] org.apache.kafka.clients.NetworkClient   : [Consumer clientId=consumer-notification-service-1, groupId=notification-service] Error while fetching metadata with correlation id 1505 : {souq.platform.events=UNKNOWN_TOPIC_OR_PARTITION, souq.publisher.events=UNKNOWN_TOPIC_OR_PARTITION}
2026-02-28T16:59:38.624+01:00  WARN 42770 --- [notification-service] [ntainer#0-0-C-1] org.apache.kafka.clients.NetworkClient   : [Consumer clientId=consumer-notification-service-1, groupId=notification-service] Error while fetching metadata with correlation id 1506 : {souq.platform.events=UNKNOWN_TOPIC_OR_PARTITION, souq.publisher.events=UNKNOWN_TOPIC_OR_PARTITION}
2026-02-28T16:59:39.625+01:00  WARN 42770 --- [notification-service] [ntainer#0-0-C-1] org.apache.kafka.clients.NetworkClient   : [Consumer clientId=consumer-notification-service-1, groupId=notification-service] Error while fetching metadata with correlation id 1508 : {souq.platform.events=UNKNOWN_TOPIC_OR_PARTITION, souq.publisher.events=UNKNOWN_TOPIC_OR_PARTITION}
2026-02-28T16:59:40.626+01:00  WARN 42770 --- [notification-service] [ntainer#0-0-C-1] org.apache.kafka.clients.NetworkClient   : [Consumer clientId=consumer-notification-service-1, groupId=notification-service] Error while fetching metadata with correlation id 1509 : {souq.platform.events=UNKNOWN_TOPIC_OR_PARTITION, souq.publisher.events=UNKNOWN_TOPIC_OR_PARTITION}
2026-02-28T16:59:41.627+01:00  WARN 42770 --- [notification-service] [ntainer#0-0-C-1] org.apache.kafka.clients.NetworkClient   : [Consumer clientId=consumer-notification-service-1, groupId=notification-service] Error while fetching metadata with correlation id 1510 : {souq.platform.events=UNKNOWN_TOPIC_OR_PARTITION, souq.publisher.events=UNKNOWN_TOPIC_OR_PARTITION}
2026-02-28T16:59:42.554+01:00  WARN 42770 --- [notification-service] [ntainer#0-0-C-1] org.apache.kafka.clients.NetworkClient   : [Consumer clientId=consumer-notification-service-1, groupId=notification-service] Error while fetching metadata with correlation id 1512 : {souq.platform.events=UNKNOWN_TOPIC_OR_PARTITION, souq.publisher.events=UNKNOWN_TOPIC_OR_PARTITION}
2026-02-28T16:59:43.459+01:00  WARN 42770 --- [notification-service] [ntainer#0-0-C-1] org.apache.kafka.clients.NetworkClient   : [Consumer clientId=consumer-notification-service-1, groupId=notification-service] Error while fetching metadata with correlation id 1513 : {souq.platform.events=UNKNOWN_TOPIC_OR_PARTITION, souq.publisher.events=UNKNOWN_TOPIC_OR_PARTITION}
2026-02-28T16:59:44.364+01:00  WARN 42770 --- [notification-service] [ntainer#0-0-C-1] org.apache.kafka.clients.NetworkClient   : [Consumer clientId=consumer-notification-service-1, groupId=notification-service] Error while fetching metadata with correlation id 1514 : {souq.platform.events=UNKNOWN_TOPIC_OR_PARTITION, souq.publisher.events=UNKNOWN_TOPIC_OR_PARTITION}
2026-02-28T16:59:45.253+01:00  WARN 42770 --- [notification-service] [ntainer#0-0-C-1] org.apache.kafka.clients.NetworkClient   : [Consumer clientId=consumer-notification-service-1, groupId=notification-service] Error while fetching metadata with correlation id 1516 : {souq.platform.events=UNKNOWN_TOPIC_OR_PARTITION, souq.publisher.events=UNKNOWN_TOPIC_OR_PARTITION}
2026-02-28T16:59:46.241+01:00  WARN 42770 --- [notification-service] [ntainer#0-0-C-1] org.apache.kafka.clients.NetworkClient   : [Consumer clientId=consumer-notification-service-1, groupId=notification-service] Error while fetching metadata with correlation id 1517 : {souq.platform.events=UNKNOWN_TOPIC_OR_PARTITION, souq.publisher.events=UNKNOWN_TOPIC_OR_PARTITION}
2026-02-28T16:59:47.150+01:00  WARN 42770 --- [notification-service] [ntainer#0-0-C-1] org.apache.kafka.clients.NetworkClient   : [Consumer clientId=consumer-notification-service-1, groupId=notification-service] Error while fetching metadata with correlation id 1518 : {souq.platform.events=UNKNOWN_TOPIC_OR_PARTITION, souq.publisher.events=UNKNOWN_TOPIC_OR_PARTITION}
2026-02-28T16:59:48.129+01:00  WARN 42770 --- [notification-service] [ntainer#0-0-C-1] org.apache.kafka.clients.NetworkClient   : [Consumer clientId=consumer-notification-service-1, groupId=notification-service] Error while fetching metadata with correlation id 1520 : {souq.platform.events=UNKNOWN_TOPIC_OR_PARTITION, souq.publisher.events=UNKNOWN_TOPIC_OR_PARTITION}
2026-02-28T16:59:49.130+01:00  WARN 42770 --- [notification-service] [ntainer#0-0-C-1] org.apache.kafka.clients.NetworkClient   : [Consumer clientId=consumer-notification-service-1, groupId=notification-service] Error while fetching metadata with correlation id 1521 : {souq.platform.events=UNKNOWN_TOPIC_OR_PARTITION, souq.publisher.events=UNKNOWN_TOPIC_OR_PARTITION}
2026-02-28T16:59:50.035+01:00  WARN 42770 --- [notification-service] [ntainer#0-0-C-1] org.apache.kafka.clients.NetworkClient   : [Consumer clientId=consumer-notification-service-1, groupId=notification-service] Error while fetching metadata with correlation id 1522 : {souq.platform.events=UNKNOWN_TOPIC_OR_PARTITION, souq.publisher.events=UNKNOWN_TOPIC_OR_PARTITION}
2026-02-28T16:59:50.852+01:00  WARN 42770 --- [notification-service] [ntainer#0-0-C-1] org.apache.kafka.clients.NetworkClient   : [Consumer clientId=consumer-notification-service-1, groupId=notification-service] Error while fetching metadata with correlation id 1524 : {souq.platform.events=UNKNOWN_TOPIC_OR_PARTITION, souq.publisher.events=UNKNOWN_TOPIC_OR_PARTITION}
2026-02-28T16:59:51.849+01:00  WARN 42770 --- [notification-service] [ntainer#0-0-C-1] org.apache.kafka.clients.NetworkClient   : [Consumer clientId=consumer-notification-service-1, groupId=notification-service] Error while fetching metadata with correlation id 1525 : {souq.platform.events=UNKNOWN_TOPIC_OR_PARTITION, souq.publisher.events=UNKNOWN_TOPIC_OR_PARTITION}
2026-02-28T16:59:52.755+01:00  WARN 42770 --- [notification-service] [ntainer#0-0-C-1] org.apache.kafka.clients.NetworkClient   : [Consumer clientId=consumer-notification-service-1, groupId=notification-service] Error while fetching metadata with correlation id 1526 : {souq.platform.events=UNKNOWN_TOPIC_OR_PARTITION, souq.publisher.events=UNKNOWN_TOPIC_OR_PARTITION}
2026-02-28T16:59:53.660+01:00  WARN 42770 --- [notification-service] [ntainer#0-0-C-1] org.apache.kafka.clients.NetworkClient   : [Consumer clientId=consumer-notification-service-1, groupId=notification-service] Error while fetching metadata with correlation id 1527 : {souq.platform.events=UNKNOWN_TOPIC_OR_PARTITION, souq.publisher.events=UNKNOWN_TOPIC_OR_PARTITION}
2026-02-28T16:59:54.555+01:00  WARN 42770 --- [notification-service] [ntainer#0-0-C-1] org.apache.kafka.clients.NetworkClient   : [Consumer clientId=consumer-notification-service-1, groupId=notification-service] Error while fetching metadata with correlation id 1529 : {souq.platform.events=UNKNOWN_TOPIC_OR_PARTITION, souq.publisher.events=UNKNOWN_TOPIC_OR_PARTITION}
2026-02-28T16:59:55.463+01:00  WARN 42770 --- [notification-service] [ntainer#0-0-C-1] org.apache.kafka.clients.NetworkClient   : [Consumer clientId=consumer-notification-service-1, groupId=notification-service] Error while fetching metadata with correlation id 1530 : {souq.platform.events=UNKNOWN_TOPIC_OR_PARTITION, souq.publisher.events=UNKNOWN_TOPIC_OR_PARTITION}
2026-02-28T16:59:56.367+01:00  WARN 42770 --- [notification-service] [ntainer#0-0-C-1] org.apache.kafka.clients.NetworkClient   : [Consumer clientId=consumer-notification-service-1, groupId=notification-service] Error while fetching metadata with correlation id 1531 : {souq.platform.events=UNKNOWN_TOPIC_OR_PARTITION, souq.publisher.events=UNKNOWN_TOPIC_OR_PARTITION}
2026-02-28T16:59:57.255+01:00  WARN 42770 --- [notification-service] [ntainer#0-0-C-1] org.apache.kafka.clients.NetworkClient   : [Consumer clientId=consumer-notification-service-1, groupId=notification-service] Error while fetching metadata with correlation id 1533 : {souq.platform.events=UNKNOWN_TOPIC_OR_PARTITION, souq.publisher.events=UNKNOWN_TOPIC_OR_PARTITION}
2026-02-28T16:59:58.161+01:00  WARN 42770 --- [notification-service] [ntainer#0-0-C-1] org.apache.kafka.clients.NetworkClient   : [Consumer clientId=consumer-notification-service-1, groupId=notification-service] Error while fetching metadata with correlation id 1534 : {souq.platform.events=UNKNOWN_TOPIC_OR_PARTITION, souq.publisher.events=UNKNOWN_TOPIC_OR_PARTITION}
2026-02-28T16:59:59.162+01:00  WARN 42770 --- [notification-service] [ntainer#0-0-C-1] org.apache.kafka.clients.NetworkClient   : [Consumer clientId=consumer-notification-service-1, groupId=notification-service] Error while fetching metadata with correlation id 1535 : {souq.platform.events=UNKNOWN_TOPIC_OR_PARTITION, souq.publisher.events=UNKNOWN_TOPIC_OR_PARTITION}
2026-02-28T17:00:00.055+01:00  WARN 42770 --- [notification-service] [ntainer#0-0-C-1] org.apache.kafka.clients.NetworkClient   : [Consumer clientId=consumer-notification-service-1, groupId=notification-service] Error while fetching metadata with correlation id 1537 : {souq.platform.events=UNKNOWN_TOPIC_OR_PARTITION, souq.publisher.events=UNKNOWN_TOPIC_OR_PARTITION}
2026-02-28T17:00:01.056+01:00  WARN 42770 --- [notification-service] [ntainer#0-0-C-1] org.apache.kafka.clients.NetworkClient   : [Consumer clientId=consumer-notification-service-1, groupId=notification-service] Error while fetching metadata with correlation id 1538 : {souq.platform.events=UNKNOWN_TOPIC_OR_PARTITION, souq.publisher.events=UNKNOWN_TOPIC_OR_PARTITION}
2026-02-28T17:00:01.951+01:00  WARN 42770 --- [notification-service] [ntainer#0-0-C-1] org.apache.kafka.clients.NetworkClient   : [Consumer clientId=consumer-notification-service-1, groupId=notification-service] Error while fetching metadata with correlation id 1539 : {souq.platform.events=UNKNOWN_TOPIC_OR_PARTITION, souq.publisher.events=UNKNOWN_TOPIC_OR_PARTITION}
2026-02-28T17:00:02.909+01:00  WARN 42770 --- [notification-service] [ntainer#0-0-C-1] org.apache.kafka.clients.NetworkClient   : [Consumer clientId=consumer-notification-service-1, groupId=notification-service] Error while fetching metadata with correlation id 1541 : {souq.platform.events=UNKNOWN_TOPIC_OR_PARTITION, souq.publisher.events=UNKNOWN_TOPIC_OR_PARTITION}
2026-02-28T17:00:03.814+01:00  WARN 42770 --- [notification-service] [ntainer#0-0-C-1] org.apache.kafka.clients.NetworkClient   : [Consumer clientId=consumer-notification-service-1, groupId=notification-service] Error while fetching metadata with correlation id 1542 : {souq.platform.events=UNKNOWN_TOPIC_OR_PARTITION, souq.publisher.events=UNKNOWN_TOPIC_OR_PARTITION}
2026-02-28T17:00:04.719+01:00  WARN 42770 --- [notification-service] [ntainer#0-0-C-1] org.apache.kafka.clients.NetworkClient   : [Consumer clientId=consumer-notification-service-1, groupId=notification-service] Error while fetching metadata with correlation id 1543 : {souq.platform.events=UNKNOWN_TOPIC_OR_PARTITION, souq.publisher.events=UNKNOWN_TOPIC_OR_PARTITION}
2026-02-28T17:00:05.719+01:00  WARN 42770 --- [notification-service] [ntainer#0-0-C-1] org.apache.kafka.clients.NetworkClient   : [Consumer clientId=consumer-notification-service-1, groupId=notification-service] Error while fetching metadata with correlation id 1544 : {souq.platform.events=UNKNOWN_TOPIC_OR_PARTITION, souq.publisher.events=UNKNOWN_TOPIC_OR_PARTITION}
2026-02-28T17:00:06.650+01:00  WARN 42770 --- [notification-service] [ntainer#0-0-C-1] org.apache.kafka.clients.NetworkClient   : [Consumer clientId=consumer-notification-service-1, groupId=notification-service] Error while fetching metadata with correlation id 1546 : {souq.platform.events=UNKNOWN_TOPIC_OR_PARTITION, souq.publisher.events=UNKNOWN_TOPIC_OR_PARTITION}
2026-02-28T17:00:07.555+01:00  WARN 42770 --- [notification-service] [ntainer#0-0-C-1] org.apache.kafka.clients.NetworkClient   : [Consumer clientId=consumer-notification-service-1, groupId=notification-service] Error while fetching metadata with correlation id 1547 : {souq.platform.events=UNKNOWN_TOPIC_OR_PARTITION, souq.publisher.events=UNKNOWN_TOPIC_OR_PARTITION}
2026-02-28T17:00:08.460+01:00  WARN 42770 --- [notification-service] [ntainer#0-0-C-1] org.apache.kafka.clients.NetworkClient   : [Consumer clientId=consumer-notification-service-1, groupId=notification-service] Error while fetching metadata with correlation id 1548 : {souq.platform.events=UNKNOWN_TOPIC_OR_PARTITION, souq.publisher.events=UNKNOWN_TOPIC_OR_PARTITION}
2026-02-28T17:00:09.387+01:00  WARN 42770 --- [notification-service] [ntainer#0-0-C-1] org.apache.kafka.clients.NetworkClient   : [Consumer clientId=consumer-notification-service-1, groupId=notification-service] Error while fetching metadata with correlation id 1550 : {souq.platform.events=UNKNOWN_TOPIC_OR_PARTITION, souq.publisher.events=UNKNOWN_TOPIC_OR_PARTITION}
2026-02-28T17:00:10.388+01:00  WARN 42770 --- [notification-service] [ntainer#0-0-C-1] org.apache.kafka.clients.NetworkClient   : [Consumer clientId=consumer-notification-service-1, groupId=notification-service] Error while fetching metadata with correlation id 1551 : {souq.platform.events=UNKNOWN_TOPIC_OR_PARTITION, souq.publisher.events=UNKNOWN_TOPIC_OR_PARTITION}
2026-02-28T17:00:11.382+01:00  WARN 42770 --- [notification-service] [ntainer#0-0-C-1] org.apache.kafka.clients.NetworkClient   : [Consumer clientId=consumer-notification-service-1, groupId=notification-service] Error while fetching metadata with correlation id 1552 : {souq.platform.events=UNKNOWN_TOPIC_OR_PARTITION, souq.publisher.events=UNKNOWN_TOPIC_OR_PARTITION}
2026-02-28T17:00:12.383+01:00  WARN 42770 --- [notification-service] [ntainer#0-0-C-1] org.apache.kafka.clients.NetworkClient   : [Consumer clientId=consumer-notification-service-1, groupId=notification-service] Error while fetching metadata with correlation id 1554 : {souq.platform.events=UNKNOWN_TOPIC_OR_PARTITION, souq.publisher.events=UNKNOWN_TOPIC_OR_PARTITION}
2026-02-28T17:00:13.287+01:00  WARN 42770 --- [notification-service] [ntainer#0-0-C-1] org.apache.kafka.clients.NetworkClient   : [Consumer clientId=consumer-notification-service-1, groupId=notification-service] Error while fetching metadata with correlation id 1555 : {souq.platform.events=UNKNOWN_TOPIC_OR_PARTITION, souq.publisher.events=UNKNOWN_TOPIC_OR_PARTITION}
2026-02-28T17:00:14.150+01:00  WARN 42770 --- [notification-service] [ntainer#0-0-C-1] org.apache.kafka.clients.NetworkClient   : [Consumer clientId=consumer-notification-service-1, groupId=notification-service] Error while fetching metadata with correlation id 1556 : {souq.platform.events=UNKNOWN_TOPIC_OR_PARTITION, souq.publisher.events=UNKNOWN_TOPIC_OR_PARTITION}
2026-02-28T17:00:15.143+01:00  WARN 42770 --- [notification-service] [ntainer#0-0-C-1] org.apache.kafka.clients.NetworkClient   : [Consumer clientId=consumer-notification-service-1, groupId=notification-service] Error while fetching metadata with correlation id 1558 : {souq.platform.events=UNKNOWN_TOPIC_OR_PARTITION, souq.publisher.events=UNKNOWN_TOPIC_OR_PARTITION}
2026-02-28T17:00:16.136+01:00  WARN 42770 --- [notification-service] [ntainer#0-0-C-1] org.apache.kafka.clients.NetworkClient   : [Consumer clientId=consumer-notification-service-1, groupId=notification-service] Error while fetching metadata with correlation id 1559 : {souq.platform.events=UNKNOWN_TOPIC_OR_PARTITION, souq.publisher.events=UNKNOWN_TOPIC_OR_PARTITION}
2026-02-28T17:00:17.053+01:00  WARN 42770 --- [notification-service] [ntainer#0-0-C-1] org.apache.kafka.clients.NetworkClient   : [Consumer clientId=consumer-notification-service-1, groupId=notification-service] Error while fetching metadata with correlation id 1560 : {souq.platform.events=UNKNOWN_TOPIC_OR_PARTITION, souq.publisher.events=UNKNOWN_TOPIC_OR_PARTITION}
2026-02-28T17:00:17.955+01:00  WARN 42770 --- [notification-service] [ntainer#0-0-C-1] org.apache.kafka.clients.NetworkClient   : [Consumer clientId=consumer-notification-service-1, groupId=notification-service] Error while fetching metadata with correlation id 1562 : {souq.platform.events=UNKNOWN_TOPIC_OR_PARTITION, souq.publisher.events=UNKNOWN_TOPIC_OR_PARTITION}
2026-02-28T17:00:18.861+01:00  WARN 42770 --- [notification-service] [ntainer#0-0-C-1] org.apache.kafka.clients.NetworkClient   : [Consumer clientId=consumer-notification-service-1, groupId=notification-service] Error while fetching metadata with correlation id 1563 : {souq.platform.events=UNKNOWN_TOPIC_OR_PARTITION, souq.publisher.events=UNKNOWN_TOPIC_OR_PARTITION}
2026-02-28T17:00:19.665+01:00  WARN 42770 --- [notification-service] [ntainer#0-0-C-1] org.apache.kafka.clients.NetworkClient   : [Consumer clientId=consumer-notification-service-1, groupId=notification-service] Error while fetching metadata with correlation id 1564 : {souq.platform.events=UNKNOWN_TOPIC_OR_PARTITION, souq.publisher.events=UNKNOWN_TOPIC_OR_PARTITION}
2026-02-28T17:00:20.569+01:00  WARN 42770 --- [notification-service] [ntainer#0-0-C-1] org.apache.kafka.clients.NetworkClient   : [Consumer clientId=consumer-notification-service-1, groupId=notification-service] Error while fetching metadata with correlation id 1565 : {souq.platform.events=UNKNOWN_TOPIC_OR_PARTITION, souq.publisher.events=UNKNOWN_TOPIC_OR_PARTITION}
2026-02-28T17:00:21.441+01:00  WARN 42770 --- [notification-service] [ntainer#0-0-C-1] org.apache.kafka.clients.NetworkClient   : [Consumer clientId=consumer-notification-service-1, groupId=notification-service] Error while fetching metadata with correlation id 1567 : {souq.platform.events=UNKNOWN_TOPIC_OR_PARTITION, souq.publisher.events=UNKNOWN_TOPIC_OR_PARTITION}
2026-02-28T17:00:22.442+01:00  WARN 42770 --- [notification-service] [ntainer#0-0-C-1] org.apache.kafka.clients.NetworkClient   : [Consumer clientId=consumer-notification-service-1, groupId=notification-service] Error while fetching metadata with correlation id 1568 : {souq.platform.events=UNKNOWN_TOPIC_OR_PARTITION, souq.publisher.events=UNKNOWN_TOPIC_OR_PARTITION}
2026-02-28T17:00:23.443+01:00  WARN 42770 --- [notification-service] [ntainer#0-0-C-1] org.apache.kafka.clients.NetworkClient   : [Consumer clientId=consumer-notification-service-1, groupId=notification-service] Error while fetching metadata with correlation id 1569 : {souq.platform.events=UNKNOWN_TOPIC_OR_PARTITION, souq.publisher.events=UNKNOWN_TOPIC_OR_PARTITION}
2026-02-28T17:00:24.436+01:00  WARN 42770 --- [notification-service] [ntainer#0-0-C-1] org.apache.kafka.clients.NetworkClient   : [Consumer clientId=consumer-notification-service-1, groupId=notification-service] Error while fetching metadata with correlation id 1571 : {souq.platform.events=UNKNOWN_TOPIC_OR_PARTITION, souq.publisher.events=UNKNOWN_TOPIC_OR_PARTITION}
2026-02-28T17:00:25.342+01:00  WARN 42770 --- [notification-service] [ntainer#0-0-C-1] org.apache.kafka.clients.NetworkClient   : [Consumer clientId=consumer-notification-service-1, groupId=notification-service] Error while fetching metadata with correlation id 1572 : {souq.platform.events=UNKNOWN_TOPIC_OR_PARTITION, souq.publisher.events=UNKNOWN_TOPIC_OR_PARTITION}
2026-02-28T17:00:26.295+01:00  WARN 42770 --- [notification-service] [ntainer#0-0-C-1] org.apache.kafka.clients.NetworkClient   : [Consumer clientId=consumer-notification-service-1, groupId=notification-service] Error while fetching metadata with correlation id 1573 : {souq.platform.events=UNKNOWN_TOPIC_OR_PARTITION, souq.publisher.events=UNKNOWN_TOPIC_OR_PARTITION}
2026-02-28T17:00:27.295+01:00  WARN 42770 --- [notification-service] [ntainer#0-0-C-1] org.apache.kafka.clients.NetworkClient   : [Consumer clientId=consumer-notification-service-1, groupId=notification-service] Error while fetching metadata with correlation id 1575 : {souq.platform.events=UNKNOWN_TOPIC_OR_PARTITION, souq.publisher.events=UNKNOWN_TOPIC_OR_PARTITION}
2026-02-28T17:00:28.100+01:00  WARN 42770 --- [notification-service] [ntainer#0-0-C-1] org.apache.kafka.clients.NetworkClient   : [Consumer clientId=consumer-notification-service-1, groupId=notification-service] Error while fetching metadata with correlation id 1576 : {souq.platform.events=UNKNOWN_TOPIC_OR_PARTITION, souq.publisher.events=UNKNOWN_TOPIC_OR_PARTITION}
2026-02-28T17:00:29.004+01:00  WARN 42770 --- [notification-service] [ntainer#0-0-C-1] org.apache.kafka.clients.NetworkClient   : [Consumer clientId=consumer-notification-service-1, groupId=notification-service] Error while fetching metadata with correlation id 1577 : {souq.platform.events=UNKNOWN_TOPIC_OR_PARTITION, souq.publisher.events=UNKNOWN_TOPIC_OR_PARTITION}
2026-02-28T17:00:29.957+01:00  WARN 42770 --- [notification-service] [ntainer#0-0-C-1] org.apache.kafka.clients.NetworkClient   : [Consumer clientId=consumer-notification-service-1, groupId=notification-service] Error while fetching metadata with correlation id 1579 : {souq.platform.events=UNKNOWN_TOPIC_OR_PARTITION, souq.publisher.events=UNKNOWN_TOPIC_OR_PARTITION}
2026-02-28T17:00:30.957+01:00  WARN 42770 --- [notification-service] [ntainer#0-0-C-1] org.apache.kafka.clients.NetworkClient   : [Consumer clientId=consumer-notification-service-1, groupId=notification-service] Error while fetching metadata with correlation id 1580 : {souq.platform.events=UNKNOWN_TOPIC_OR_PARTITION, souq.publisher.events=UNKNOWN_TOPIC_OR_PARTITION}
2026-02-28T17:00:31.853+01:00  WARN 42770 --- [notification-service] [ntainer#0-0-C-1] org.apache.kafka.clients.NetworkClient   : [Consumer clientId=consumer-notification-service-1, groupId=notification-service] Error while fetching metadata with correlation id 1581 : {souq.platform.events=UNKNOWN_TOPIC_OR_PARTITION, souq.publisher.events=UNKNOWN_TOPIC_OR_PARTITION}
2026-02-28T17:00:32.679+01:00  WARN 42770 --- [notification-service] [ntainer#0-0-C-1] org.apache.kafka.clients.NetworkClient   : [Consumer clientId=consumer-notification-service-1, groupId=notification-service] Error while fetching metadata with correlation id 1582 : {souq.platform.events=UNKNOWN_TOPIC_OR_PARTITION, souq.publisher.events=UNKNOWN_TOPIC_OR_PARTITION}
2026-02-28T17:00:33.619+01:00  WARN 42770 --- [notification-service] [ntainer#0-0-C-1] org.apache.kafka.clients.NetworkClient   : [Consumer clientId=consumer-notification-service-1, groupId=notification-service] Error while fetching metadata with correlation id 1584 : {souq.platform.events=UNKNOWN_TOPIC_OR_PARTITION, souq.publisher.events=UNKNOWN_TOPIC_OR_PARTITION}
2026-02-28T17:00:34.524+01:00  WARN 42770 --- [notification-service] [ntainer#0-0-C-1] org.apache.kafka.clients.NetworkClient   : [Consumer clientId=consumer-notification-service-1, groupId=notification-service] Error while fetching metadata with correlation id 1585 : {souq.platform.events=UNKNOWN_TOPIC_OR_PARTITION, souq.publisher.events=UNKNOWN_TOPIC_OR_PARTITION}
2026-02-28T17:00:35.526+01:00  WARN 42770 --- [notification-service] [ntainer#0-0-C-1] org.apache.kafka.clients.NetworkClient   : [Consumer clientId=consumer-notification-service-1, groupId=notification-service] Error while fetching metadata with correlation id 1586 : {souq.platform.events=UNKNOWN_TOPIC_OR_PARTITION, souq.publisher.events=UNKNOWN_TOPIC_OR_PARTITION}
2026-02-28T17:00:36.360+01:00  WARN 42770 --- [notification-service] [ntainer#0-0-C-1] org.apache.kafka.clients.NetworkClient   : [Consumer clientId=consumer-notification-service-1, groupId=notification-service] Error while fetching metadata with correlation id 1588 : {souq.platform.events=UNKNOWN_TOPIC_OR_PARTITION, souq.publisher.events=UNKNOWN_TOPIC_OR_PARTITION}
2026-02-28T17:00:37.361+01:00  WARN 42770 --- [notification-service] [ntainer#0-0-C-1] org.apache.kafka.clients.NetworkClient   : [Consumer clientId=consumer-notification-service-1, groupId=notification-service] Error while fetching metadata with correlation id 1589 : {souq.platform.events=UNKNOWN_TOPIC_OR_PARTITION, souq.publisher.events=UNKNOWN_TOPIC_OR_PARTITION}
2026-02-28T17:00:38.362+01:00  WARN 42770 --- [notification-service] [ntainer#0-0-C-1] org.apache.kafka.clients.NetworkClient   : [Consumer clientId=consumer-notification-service-1, groupId=notification-service] Error while fetching metadata with correlation id 1590 : {souq.platform.events=UNKNOWN_TOPIC_OR_PARTITION, souq.publisher.events=UNKNOWN_TOPIC_OR_PARTITION}
2026-02-28T17:00:39.330+01:00  WARN 42770 --- [notification-service] [ntainer#0-0-C-1] org.apache.kafka.clients.NetworkClient   : [Consumer clientId=consumer-notification-service-1, groupId=notification-service] Error while fetching metadata with correlation id 1592 : {souq.platform.events=UNKNOWN_TOPIC_OR_PARTITION, souq.publisher.events=UNKNOWN_TOPIC_OR_PARTITION}
2026-02-28T17:00:40.331+01:00  WARN 42770 --- [notification-service] [ntainer#0-0-C-1] org.apache.kafka.clients.NetworkClient   : [Consumer clientId=consumer-notification-service-1, groupId=notification-service] Error while fetching metadata with correlation id 1593 : {souq.platform.events=UNKNOWN_TOPIC_OR_PARTITION, souq.publisher.events=UNKNOWN_TOPIC_OR_PARTITION}
2026-02-28T17:00:41.331+01:00  WARN 42770 --- [notification-service] [ntainer#0-0-C-1] org.apache.kafka.clients.NetworkClient   : [Consumer clientId=consumer-notification-service-1, groupId=notification-service] Error while fetching metadata with correlation id 1594 : {souq.platform.events=UNKNOWN_TOPIC_OR_PARTITION, souq.publisher.events=UNKNOWN_TOPIC_OR_PARTITION}
2026-02-28T17:00:42.259+01:00  WARN 42770 --- [notification-service] [ntainer#0-0-C-1] org.apache.kafka.clients.NetworkClient   : [Consumer clientId=consumer-notification-service-1, groupId=notification-service] Error while fetching metadata with correlation id 1596 : {souq.platform.events=UNKNOWN_TOPIC_OR_PARTITION, souq.publisher.events=UNKNOWN_TOPIC_OR_PARTITION}
2026-02-28T17:00:43.260+01:00  WARN 42770 --- [notification-service] [ntainer#0-0-C-1] org.apache.kafka.clients.NetworkClient   : [Consumer clientId=consumer-notification-service-1, groupId=notification-service] Error while fetching metadata with correlation id 1597 : {souq.platform.events=UNKNOWN_TOPIC_OR_PARTITION, souq.publisher.events=UNKNOWN_TOPIC_OR_PARTITION}
2026-02-28T17:00:44.261+01:00  WARN 42770 --- [notification-service] [ntainer#0-0-C-1] org.apache.kafka.clients.NetworkClient   : [Consumer clientId=consumer-notification-service-1, groupId=notification-service] Error while fetching metadata with correlation id 1598 : {souq.platform.events=UNKNOWN_TOPIC_OR_PARTITION, souq.publisher.events=UNKNOWN_TOPIC_OR_PARTITION}
2026-02-28T17:00:45.262+01:00  WARN 42770 --- [notification-service] [ntainer#0-0-C-1] org.apache.kafka.clients.NetworkClient   : [Consumer clientId=consumer-notification-service-1, groupId=notification-service] Error while fetching metadata with correlation id 1600 : {souq.platform.events=UNKNOWN_TOPIC_OR_PARTITION, souq.publisher.events=UNKNOWN_TOPIC_OR_PARTITION}
2026-02-28T17:00:46.263+01:00  WARN 42770 --- [notification-service] [ntainer#0-0-C-1] org.apache.kafka.clients.NetworkClient   : [Consumer clientId=consumer-notification-service-1, groupId=notification-service] Error while fetching metadata with correlation id 1601 : {souq.platform.events=UNKNOWN_TOPIC_OR_PARTITION, souq.publisher.events=UNKNOWN_TOPIC_OR_PARTITION}
2026-02-28T17:00:47.256+01:00  WARN 42770 --- [notification-service] [ntainer#0-0-C-1] org.apache.kafka.clients.NetworkClient   : [Consumer clientId=consumer-notification-service-1, groupId=notification-service] Error while fetching metadata with correlation id 1602 : {souq.platform.events=UNKNOWN_TOPIC_OR_PARTITION, souq.publisher.events=UNKNOWN_TOPIC_OR_PARTITION}
2026-02-28T17:00:48.257+01:00  WARN 42770 --- [notification-service] [ntainer#0-0-C-1] org.apache.kafka.clients.NetworkClient   : [Consumer clientId=consumer-notification-service-1, groupId=notification-service] Error while fetching metadata with correlation id 1604 : {souq.platform.events=UNKNOWN_TOPIC_OR_PARTITION, souq.publisher.events=UNKNOWN_TOPIC_OR_PARTITION}
2026-02-28T17:00:49.162+01:00  WARN 42770 --- [notification-service] [ntainer#0-0-C-1] org.apache.kafka.clients.NetworkClient   : [Consumer clientId=consumer-notification-service-1, groupId=notification-service] Error while fetching metadata with correlation id 1605 : {souq.platform.events=UNKNOWN_TOPIC_OR_PARTITION, souq.publisher.events=UNKNOWN_TOPIC_OR_PARTITION}
2026-02-28T17:00:50.119+01:00  WARN 42770 --- [notification-service] [ntainer#0-0-C-1] org.apache.kafka.clients.NetworkClient   : [Consumer clientId=consumer-notification-service-1, groupId=notification-service] Error while fetching metadata with correlation id 1606 : {souq.platform.events=UNKNOWN_TOPIC_OR_PARTITION, souq.publisher.events=UNKNOWN_TOPIC_OR_PARTITION}
2026-02-28T17:00:50.959+01:00  WARN 42770 --- [notification-service] [ntainer#0-0-C-1] org.apache.kafka.clients.NetworkClient   : [Consumer clientId=consumer-notification-service-1, groupId=notification-service] Error while fetching metadata with correlation id 1608 : {souq.platform.events=UNKNOWN_TOPIC_OR_PARTITION, souq.publisher.events=UNKNOWN_TOPIC_OR_PARTITION}
2026-02-28T17:00:51.854+01:00  WARN 42770 --- [notification-service] [ntainer#0-0-C-1] org.apache.kafka.clients.NetworkClient   : [Consumer clientId=consumer-notification-service-1, groupId=notification-service] Error while fetching metadata with correlation id 1609 : {souq.platform.events=UNKNOWN_TOPIC_OR_PARTITION, souq.publisher.events=UNKNOWN_TOPIC_OR_PARTITION}
2026-02-28T17:00:52.854+01:00  WARN 42770 --- [notification-service] [ntainer#0-0-C-1] org.apache.kafka.clients.NetworkClient   : [Consumer clientId=consumer-notification-service-1, groupId=notification-service] Error while fetching metadata with correlation id 1610 : {souq.platform.events=UNKNOWN_TOPIC_OR_PARTITION, souq.publisher.events=UNKNOWN_TOPIC_OR_PARTITION}
2026-02-28T17:00:53.758+01:00  WARN 42770 --- [notification-service] [ntainer#0-0-C-1] org.apache.kafka.clients.NetworkClient   : [Consumer clientId=consumer-notification-service-1, groupId=notification-service] Error while fetching metadata with correlation id 1611 : {souq.platform.events=UNKNOWN_TOPIC_OR_PARTITION, souq.publisher.events=UNKNOWN_TOPIC_OR_PARTITION}
2026-02-28T17:00:54.759+01:00  WARN 42770 --- [notification-service] [ntainer#0-0-C-1] org.apache.kafka.clients.NetworkClient   : [Consumer clientId=consumer-notification-service-1, groupId=notification-service] Error while fetching metadata with correlation id 1613 : {souq.platform.events=UNKNOWN_TOPIC_OR_PARTITION, souq.publisher.events=UNKNOWN_TOPIC_OR_PARTITION}
2026-02-28T17:00:55.760+01:00  WARN 42770 --- [notification-service] [ntainer#0-0-C-1] org.apache.kafka.clients.NetworkClient   : [Consumer clientId=consumer-notification-service-1, groupId=notification-service] Error while fetching metadata with correlation id 1614 : {souq.platform.events=UNKNOWN_TOPIC_OR_PARTITION, souq.publisher.events=UNKNOWN_TOPIC_OR_PARTITION}
2026-02-28T17:00:56.652+01:00  WARN 42770 --- [notification-service] [ntainer#0-0-C-1] org.apache.kafka.clients.NetworkClient   : [Consumer clientId=consumer-notification-service-1, groupId=notification-service] Error while fetching metadata with correlation id 1615 : {souq.platform.events=UNKNOWN_TOPIC_OR_PARTITION, souq.publisher.events=UNKNOWN_TOPIC_OR_PARTITION}
2026-02-28T17:00:57.564+01:00  WARN 42770 --- [notification-service] [ntainer#0-0-C-1] org.apache.kafka.clients.NetworkClient   : [Consumer clientId=consumer-notification-service-1, groupId=notification-service] Error while fetching metadata with correlation id 1617 : {souq.platform.events=UNKNOWN_TOPIC_OR_PARTITION, souq.publisher.events=UNKNOWN_TOPIC_OR_PARTITION}
2026-02-28T17:00:58.564+01:00  WARN 42770 --- [notification-service] [ntainer#0-0-C-1] org.apache.kafka.clients.NetworkClient   : [Consumer clientId=consumer-notification-service-1, groupId=notification-service] Error while fetching metadata with correlation id 1618 : {souq.platform.events=UNKNOWN_TOPIC_OR_PARTITION, souq.publisher.events=UNKNOWN_TOPIC_OR_PARTITION}
2026-02-28T17:00:59.469+01:00  WARN 42770 --- [notification-service] [ntainer#0-0-C-1] org.apache.kafka.clients.NetworkClient   : [Consumer clientId=consumer-notification-service-1, groupId=notification-service] Error while fetching metadata with correlation id 1619 : {souq.platform.events=UNKNOWN_TOPIC_OR_PARTITION, souq.publisher.events=UNKNOWN_TOPIC_OR_PARTITION}
2026-02-28T17:01:00.400+01:00  WARN 42770 --- [notification-service] [ntainer#0-0-C-1] org.apache.kafka.clients.NetworkClient   : [Consumer clientId=consumer-notification-service-1, groupId=notification-service] Error while fetching metadata with correlation id 1621 : {souq.platform.events=UNKNOWN_TOPIC_OR_PARTITION, souq.publisher.events=UNKNOWN_TOPIC_OR_PARTITION}
2026-02-28T17:01:01.368+01:00  WARN 42770 --- [notification-service] [ntainer#0-0-C-1] org.apache.kafka.clients.NetworkClient   : [Consumer clientId=consumer-notification-service-1, groupId=notification-service] Error while fetching metadata with correlation id 1622 : {souq.platform.events=UNKNOWN_TOPIC_OR_PARTITION, souq.publisher.events=UNKNOWN_TOPIC_OR_PARTITION}
2026-02-28T17:01:02.357+01:00  WARN 42770 --- [notification-service] [ntainer#0-0-C-1] org.apache.kafka.clients.NetworkClient   : [Consumer clientId=consumer-notification-service-1, groupId=notification-service] Error while fetching metadata with correlation id 1623 : {souq.platform.events=UNKNOWN_TOPIC_OR_PARTITION, souq.publisher.events=UNKNOWN_TOPIC_OR_PARTITION}
2026-02-28T17:01:03.263+01:00  WARN 42770 --- [notification-service] [ntainer#0-0-C-1] org.apache.kafka.clients.NetworkClient   : [Consumer clientId=consumer-notification-service-1, groupId=notification-service] Error while fetching metadata with correlation id 1625 : {souq.platform.events=UNKNOWN_TOPIC_OR_PARTITION, souq.publisher.events=UNKNOWN_TOPIC_OR_PARTITION}
2026-02-28T17:01:04.264+01:00  WARN 42770 --- [notification-service] [ntainer#0-0-C-1] org.apache.kafka.clients.NetworkClient   : [Consumer clientId=consumer-notification-service-1, groupId=notification-service] Error while fetching metadata with correlation id 1626 : {souq.platform.events=UNKNOWN_TOPIC_OR_PARTITION, souq.publisher.events=UNKNOWN_TOPIC_OR_PARTITION}
2026-02-28T17:01:05.198+01:00  WARN 42770 --- [notification-service] [ntainer#0-0-C-1] org.apache.kafka.clients.NetworkClient   : [Consumer clientId=consumer-notification-service-1, groupId=notification-service] Error while fetching metadata with correlation id 1627 : {souq.platform.events=UNKNOWN_TOPIC_OR_PARTITION, souq.publisher.events=UNKNOWN_TOPIC_OR_PARTITION}
2026-02-28T17:01:06.161+01:00  WARN 42770 --- [notification-service] [ntainer#0-0-C-1] org.apache.kafka.clients.NetworkClient   : [Consumer clientId=consumer-notification-service-1, groupId=notification-service] Error while fetching metadata with correlation id 1629 : {souq.platform.events=UNKNOWN_TOPIC_OR_PARTITION, souq.publisher.events=UNKNOWN_TOPIC_OR_PARTITION}
2026-02-28T17:01:07.056+01:00  WARN 42770 --- [notification-service] [ntainer#0-0-C-1] org.apache.kafka.clients.NetworkClient   : [Consumer clientId=consumer-notification-service-1, groupId=notification-service] Error while fetching metadata with correlation id 1630 : {souq.platform.events=UNKNOWN_TOPIC_OR_PARTITION, souq.publisher.events=UNKNOWN_TOPIC_OR_PARTITION}
2026-02-28T17:01:08.037+01:00  WARN 42770 --- [notification-service] [ntainer#0-0-C-1] org.apache.kafka.clients.NetworkClient   : [Consumer clientId=consumer-notification-service-1, groupId=notification-service] Error while fetching metadata with correlation id 1631 : {souq.platform.events=UNKNOWN_TOPIC_OR_PARTITION, souq.publisher.events=UNKNOWN_TOPIC_OR_PARTITION}
2026-02-28T17:01:09.038+01:00  WARN 42770 --- [notification-service] [ntainer#0-0-C-1] org.apache.kafka.clients.NetworkClient   : [Consumer clientId=consumer-notification-service-1, groupId=notification-service] Error while fetching metadata with correlation id 1633 : {souq.platform.events=UNKNOWN_TOPIC_OR_PARTITION, souq.publisher.events=UNKNOWN_TOPIC_OR_PARTITION}
2026-02-28T17:01:09.943+01:00  WARN 42770 --- [notification-service] [ntainer#0-0-C-1] org.apache.kafka.clients.NetworkClient   : [Consumer clientId=consumer-notification-service-1, groupId=notification-service] Error while fetching metadata with correlation id 1634 : {souq.platform.events=UNKNOWN_TOPIC_OR_PARTITION, souq.publisher.events=UNKNOWN_TOPIC_OR_PARTITION}
2026-02-28T17:01:10.944+01:00  WARN 42770 --- [notification-service] [ntainer#0-0-C-1] org.apache.kafka.clients.NetworkClient   : [Consumer clientId=consumer-notification-service-1, groupId=notification-service] Error while fetching metadata with correlation id 1635 : {souq.platform.events=UNKNOWN_TOPIC_OR_PARTITION, souq.publisher.events=UNKNOWN_TOPIC_OR_PARTITION}
2026-02-28T17:01:11.761+01:00  WARN 42770 --- [notification-service] [ntainer#0-0-C-1] org.apache.kafka.clients.NetworkClient   : [Consumer clientId=consumer-notification-service-1, groupId=notification-service] Error while fetching metadata with correlation id 1636 : {souq.platform.events=UNKNOWN_TOPIC_OR_PARTITION, souq.publisher.events=UNKNOWN_TOPIC_OR_PARTITION}
2026-02-28T17:01:12.761+01:00  WARN 42770 --- [notification-service] [ntainer#0-0-C-1] org.apache.kafka.clients.NetworkClient   : [Consumer clientId=consumer-notification-service-1, groupId=notification-service] Error while fetching metadata with correlation id 1638 : {souq.platform.events=UNKNOWN_TOPIC_OR_PARTITION, souq.publisher.events=UNKNOWN_TOPIC_OR_PARTITION}
2026-02-28T17:01:13.762+01:00  WARN 42770 --- [notification-service] [ntainer#0-0-C-1] org.apache.kafka.clients.NetworkClient   : [Consumer clientId=consumer-notification-service-1, groupId=notification-service] Error while fetching metadata with correlation id 1639 : {souq.platform.events=UNKNOWN_TOPIC_OR_PARTITION, souq.publisher.events=UNKNOWN_TOPIC_OR_PARTITION}
2026-02-28T17:01:14.567+01:00  WARN 42770 --- [notification-service] [ntainer#0-0-C-1] org.apache.kafka.clients.NetworkClient   : [Consumer clientId=consumer-notification-service-1, groupId=notification-service] Error while fetching metadata with correlation id 1640 : {souq.platform.events=UNKNOWN_TOPIC_OR_PARTITION, souq.publisher.events=UNKNOWN_TOPIC_OR_PARTITION}
2026-02-28T17:01:15.566+01:00  WARN 42770 --- [notification-service] [ntainer#0-0-C-1] org.apache.kafka.clients.NetworkClient   : [Consumer clientId=consumer-notification-service-1, groupId=notification-service] Error while fetching metadata with correlation id 1642 : {souq.platform.events=UNKNOWN_TOPIC_OR_PARTITION, souq.publisher.events=UNKNOWN_TOPIC_OR_PARTITION}
2026-02-28T17:01:16.567+01:00  WARN 42770 --- [notification-service] [ntainer#0-0-C-1] org.apache.kafka.clients.NetworkClient   : [Consumer clientId=consumer-notification-service-1, groupId=notification-service] Error while fetching metadata with correlation id 1643 : {souq.platform.events=UNKNOWN_TOPIC_OR_PARTITION, souq.publisher.events=UNKNOWN_TOPIC_OR_PARTITION}
2026-02-28T17:01:17.472+01:00  WARN 42770 --- [notification-service] [ntainer#0-0-C-1] org.apache.kafka.clients.NetworkClient   : [Consumer clientId=consumer-notification-service-1, groupId=notification-service] Error while fetching metadata with correlation id 1644 : {souq.platform.events=UNKNOWN_TOPIC_OR_PARTITION, souq.publisher.events=UNKNOWN_TOPIC_OR_PARTITION}
2026-02-28T17:01:18.364+01:00  WARN 42770 --- [notification-service] [ntainer#0-0-C-1] org.apache.kafka.clients.NetworkClient   : [Consumer clientId=consumer-notification-service-1, groupId=notification-service] Error while fetching metadata with correlation id 1646 : {souq.platform.events=UNKNOWN_TOPIC_OR_PARTITION, souq.publisher.events=UNKNOWN_TOPIC_OR_PARTITION}
2026-02-28T17:01:19.267+01:00  WARN 42770 --- [notification-service] [ntainer#0-0-C-1] org.apache.kafka.clients.NetworkClient   : [Consumer clientId=consumer-notification-service-1, groupId=notification-service] Error while fetching metadata with correlation id 1647 : {souq.platform.events=UNKNOWN_TOPIC_OR_PARTITION, souq.publisher.events=UNKNOWN_TOPIC_OR_PARTITION}
2026-02-28T17:01:20.268+01:00  WARN 42770 --- [notification-service] [ntainer#0-0-C-1] org.apache.kafka.clients.NetworkClient   : [Consumer clientId=consumer-notification-service-1, groupId=notification-service] Error while fetching metadata with correlation id 1648 : {souq.platform.events=UNKNOWN_TOPIC_OR_PARTITION, souq.publisher.events=UNKNOWN_TOPIC_OR_PARTITION}
2026-02-28T17:01:21.164+01:00  WARN 42770 --- [notification-service] [ntainer#0-0-C-1] org.apache.kafka.clients.NetworkClient   : [Consumer clientId=consumer-notification-service-1, groupId=notification-service] Error while fetching metadata with correlation id 1650 : {souq.platform.events=UNKNOWN_TOPIC_OR_PARTITION, souq.publisher.events=UNKNOWN_TOPIC_OR_PARTITION}
2026-02-28T17:01:22.056+01:00  WARN 42770 --- [notification-service] [ntainer#0-0-C-1] org.apache.kafka.clients.NetworkClient   : [Consumer clientId=consumer-notification-service-1, groupId=notification-service] Error while fetching metadata with correlation id 1651 : {souq.platform.events=UNKNOWN_TOPIC_OR_PARTITION, souq.publisher.events=UNKNOWN_TOPIC_OR_PARTITION}
2026-02-28T17:01:22.962+01:00  WARN 42770 --- [notification-service] [ntainer#0-0-C-1] org.apache.kafka.clients.NetworkClient   : [Consumer clientId=consumer-notification-service-1, groupId=notification-service] Error while fetching metadata with correlation id 1652 : {souq.platform.events=UNKNOWN_TOPIC_OR_PARTITION, souq.publisher.events=UNKNOWN_TOPIC_OR_PARTITION}
2026-02-28T17:01:23.949+01:00  WARN 42770 --- [notification-service] [ntainer#0-0-C-1] org.apache.kafka.clients.NetworkClient   : [Consumer clientId=consumer-notification-service-1, groupId=notification-service] Error while fetching metadata with correlation id 1654 : {souq.platform.events=UNKNOWN_TOPIC_OR_PARTITION, souq.publisher.events=UNKNOWN_TOPIC_OR_PARTITION}
2026-02-28T17:01:24.854+01:00  WARN 42770 --- [notification-service] [ntainer#0-0-C-1] org.apache.kafka.clients.NetworkClient   : [Consumer clientId=consumer-notification-service-1, groupId=notification-service] Error while fetching metadata with correlation id 1655 : {souq.platform.events=UNKNOWN_TOPIC_OR_PARTITION, souq.publisher.events=UNKNOWN_TOPIC_OR_PARTITION}
2026-02-28T17:01:25.855+01:00  WARN 42770 --- [notification-service] [ntainer#0-0-C-1] org.apache.kafka.clients.NetworkClient   : [Consumer clientId=consumer-notification-service-1, groupId=notification-service] Error while fetching metadata with correlation id 1656 : {souq.platform.events=UNKNOWN_TOPIC_OR_PARTITION, souq.publisher.events=UNKNOWN_TOPIC_OR_PARTITION}
2026-02-28T17:01:26.756+01:00  WARN 42770 --- [notification-service] [ntainer#0-0-C-1] org.apache.kafka.clients.NetworkClient   : [Consumer clientId=consumer-notification-service-1, groupId=notification-service] Error while fetching metadata with correlation id 1657 : {souq.platform.events=UNKNOWN_TOPIC_OR_PARTITION, souq.publisher.events=UNKNOWN_TOPIC_OR_PARTITION}
2026-02-28T17:01:27.721+01:00  WARN 42770 --- [notification-service] [ntainer#0-0-C-1] org.apache.kafka.clients.NetworkClient   : [Consumer clientId=consumer-notification-service-1, groupId=notification-service] Error while fetching metadata with correlation id 1659 : {souq.platform.events=UNKNOWN_TOPIC_OR_PARTITION, souq.publisher.events=UNKNOWN_TOPIC_OR_PARTITION}
2026-02-28T17:01:28.626+01:00  WARN 42770 --- [notification-service] [ntainer#0-0-C-1] org.apache.kafka.clients.NetworkClient   : [Consumer clientId=consumer-notification-service-1, groupId=notification-service] Error while fetching metadata with correlation id 1660 : {souq.platform.events=UNKNOWN_TOPIC_OR_PARTITION, souq.publisher.events=UNKNOWN_TOPIC_OR_PARTITION}
2026-02-28T17:01:29.627+01:00  WARN 42770 --- [notification-service] [ntainer#0-0-C-1] org.apache.kafka.clients.NetworkClient   : [Consumer clientId=consumer-notification-service-1, groupId=notification-service] Error while fetching metadata with correlation id 1661 : {souq.platform.events=UNKNOWN_TOPIC_OR_PARTITION, souq.publisher.events=UNKNOWN_TOPIC_OR_PARTITION}
2026-02-28T17:01:30.467+01:00  WARN 42770 --- [notification-service] [ntainer#0-0-C-1] org.apache.kafka.clients.NetworkClient   : [Consumer clientId=consumer-notification-service-1, groupId=notification-service] Error while fetching metadata with correlation id 1663 : {souq.platform.events=UNKNOWN_TOPIC_OR_PARTITION, souq.publisher.events=UNKNOWN_TOPIC_OR_PARTITION}
2026-02-28T17:01:31.468+01:00  WARN 42770 --- [notification-service] [ntainer#0-0-C-1] org.apache.kafka.clients.NetworkClient   : [Consumer clientId=consumer-notification-service-1, groupId=notification-service] Error while fetching metadata with correlation id 1664 : {souq.platform.events=UNKNOWN_TOPIC_OR_PARTITION, souq.publisher.events=UNKNOWN_TOPIC_OR_PARTITION}
2026-02-28T17:01:32.360+01:00  WARN 42770 --- [notification-service] [ntainer#0-0-C-1] org.apache.kafka.clients.NetworkClient   : [Consumer clientId=consumer-notification-service-1, groupId=notification-service] Error while fetching metadata with correlation id 1665 : {souq.platform.events=UNKNOWN_TOPIC_OR_PARTITION, souq.publisher.events=UNKNOWN_TOPIC_OR_PARTITION}
2026-02-28T17:01:33.360+01:00  WARN 42770 --- [notification-service] [ntainer#0-0-C-1] org.apache.kafka.clients.NetworkClient   : [Consumer clientId=consumer-notification-service-1, groupId=notification-service] Error while fetching metadata with correlation id 1667 : {souq.platform.events=UNKNOWN_TOPIC_OR_PARTITION, souq.publisher.events=UNKNOWN_TOPIC_OR_PARTITION}
2026-02-28T17:01:34.266+01:00  WARN 42770 --- [notification-service] [ntainer#0-0-C-1] org.apache.kafka.clients.NetworkClient   : [Consumer clientId=consumer-notification-service-1, groupId=notification-service] Error while fetching metadata with correlation id 1668 : {souq.platform.events=UNKNOWN_TOPIC_OR_PARTITION, souq.publisher.events=UNKNOWN_TOPIC_OR_PARTITION}
2026-02-28T17:01:35.172+01:00  WARN 42770 --- [notification-service] [ntainer#0-0-C-1] org.apache.kafka.clients.NetworkClient   : [Consumer clientId=consumer-notification-service-1, groupId=notification-service] Error while fetching metadata with correlation id 1669 : {souq.platform.events=UNKNOWN_TOPIC_OR_PARTITION, souq.publisher.events=UNKNOWN_TOPIC_OR_PARTITION}
2026-02-28T17:01:36.173+01:00  WARN 42770 --- [notification-service] [ntainer#0-0-C-1] org.apache.kafka.clients.NetworkClient   : [Consumer clientId=consumer-notification-service-1, groupId=notification-service] Error while fetching metadata with correlation id 1671 : {souq.platform.events=UNKNOWN_TOPIC_OR_PARTITION, souq.publisher.events=UNKNOWN_TOPIC_OR_PARTITION}
2026-02-28T17:01:37.059+01:00  WARN 42770 --- [notification-service] [ntainer#0-0-C-1] org.apache.kafka.clients.NetworkClient   : [Consumer clientId=consumer-notification-service-1, groupId=notification-service] Error while fetching metadata with correlation id 1672 : {souq.platform.events=UNKNOWN_TOPIC_OR_PARTITION, souq.publisher.events=UNKNOWN_TOPIC_OR_PARTITION}
2026-02-28T17:01:38.059+01:00  WARN 42770 --- [notification-service] [ntainer#0-0-C-1] org.apache.kafka.clients.NetworkClient   : [Consumer clientId=consumer-notification-service-1, groupId=notification-service] Error while fetching metadata with correlation id 1673 : {souq.platform.events=UNKNOWN_TOPIC_OR_PARTITION, souq.publisher.events=UNKNOWN_TOPIC_OR_PARTITION}
2026-02-28T17:01:39.059+01:00  WARN 42770 --- [notification-service] [ntainer#0-0-C-1] org.apache.kafka.clients.NetworkClient   : [Consumer clientId=consumer-notification-service-1, groupId=notification-service] Error while fetching metadata with correlation id 1675 : {souq.platform.events=UNKNOWN_TOPIC_OR_PARTITION, souq.publisher.events=UNKNOWN_TOPIC_OR_PARTITION}
2026-02-28T17:01:40.030+01:00  WARN 42770 --- [notification-service] [ntainer#0-0-C-1] org.apache.kafka.clients.NetworkClient   : [Consumer clientId=consumer-notification-service-1, groupId=notification-service] Error while fetching metadata with correlation id 1676 : {souq.platform.events=UNKNOWN_TOPIC_OR_PARTITION, souq.publisher.events=UNKNOWN_TOPIC_OR_PARTITION}
2026-02-28T17:01:41.031+01:00  WARN 42770 --- [notification-service] [ntainer#0-0-C-1] org.apache.kafka.clients.NetworkClient   : [Consumer clientId=consumer-notification-service-1, groupId=notification-service] Error while fetching metadata with correlation id 1677 : {souq.platform.events=UNKNOWN_TOPIC_OR_PARTITION, souq.publisher.events=UNKNOWN_TOPIC_OR_PARTITION}
2026-02-28T17:01:41.867+01:00  WARN 42770 --- [notification-service] [ntainer#0-0-C-1] org.apache.kafka.clients.NetworkClient   : [Consumer clientId=consumer-notification-service-1, groupId=notification-service] Error while fetching metadata with correlation id 1680 : {souq.platform.events=UNKNOWN_TOPIC_OR_PARTITION, souq.publisher.events=UNKNOWN_TOPIC_OR_PARTITION}
2026-02-28T17:01:42.741+01:00  WARN 42770 --- [notification-service] [ntainer#0-0-C-1] org.apache.kafka.clients.NetworkClient   : [Consumer clientId=consumer-notification-service-1, groupId=notification-service] Error while fetching metadata with correlation id 1681 : {souq.platform.events=UNKNOWN_TOPIC_OR_PARTITION, souq.publisher.events=UNKNOWN_TOPIC_OR_PARTITION}
2026-02-28T17:01:43.646+01:00  WARN 42770 --- [notification-service] [ntainer#0-0-C-1] org.apache.kafka.clients.NetworkClient   : [Consumer clientId=consumer-notification-service-1, groupId=notification-service] Error while fetching metadata with correlation id 1682 : {souq.platform.events=UNKNOWN_TOPIC_OR_PARTITION, souq.publisher.events=UNKNOWN_TOPIC_OR_PARTITION}
2026-02-28T17:01:44.578+01:00  WARN 42770 --- [notification-service] [ntainer#0-0-C-1] org.apache.kafka.clients.NetworkClient   : [Consumer clientId=consumer-notification-service-1, groupId=notification-service] Error while fetching metadata with correlation id 1683 : {souq.platform.events=UNKNOWN_TOPIC_OR_PARTITION, souq.publisher.events=UNKNOWN_TOPIC_OR_PARTITION}
2026-02-28T17:01:45.572+01:00  WARN 42770 --- [notification-service] [ntainer#0-0-C-1] org.apache.kafka.clients.NetworkClient   : [Consumer clientId=consumer-notification-service-1, groupId=notification-service] Error while fetching metadata with correlation id 1685 : {souq.platform.events=UNKNOWN_TOPIC_OR_PARTITION, souq.publisher.events=UNKNOWN_TOPIC_OR_PARTITION}
2026-02-28T17:01:46.556+01:00  WARN 42770 --- [notification-service] [ntainer#0-0-C-1] org.apache.kafka.clients.NetworkClient   : [Consumer clientId=consumer-notification-service-1, groupId=notification-service] Error while fetching metadata with correlation id 1686 : {souq.platform.events=UNKNOWN_TOPIC_OR_PARTITION, souq.publisher.events=UNKNOWN_TOPIC_OR_PARTITION}
2026-02-28T17:01:47.548+01:00  WARN 42770 --- [notification-service] [ntainer#0-0-C-1] org.apache.kafka.clients.NetworkClient   : [Consumer clientId=consumer-notification-service-1, groupId=notification-service] Error while fetching metadata with correlation id 1687 : {souq.platform.events=UNKNOWN_TOPIC_OR_PARTITION, souq.publisher.events=UNKNOWN_TOPIC_OR_PARTITION}
2026-02-28T17:01:48.549+01:00  WARN 42770 --- [notification-service] [ntainer#0-0-C-1] org.apache.kafka.clients.NetworkClient   : [Consumer clientId=consumer-notification-service-1, groupId=notification-service] Error while fetching metadata with correlation id 1689 : {souq.platform.events=UNKNOWN_TOPIC_OR_PARTITION, souq.publisher.events=UNKNOWN_TOPIC_OR_PARTITION}
2026-02-28T17:01:49.549+01:00  WARN 42770 --- [notification-service] [ntainer#0-0-C-1] org.apache.kafka.clients.NetworkClient   : [Consumer clientId=consumer-notification-service-1, groupId=notification-service] Error while fetching metadata with correlation id 1690 : {souq.platform.events=UNKNOWN_TOPIC_OR_PARTITION, souq.publisher.events=UNKNOWN_TOPIC_OR_PARTITION}
2026-02-28T17:01:50.550+01:00  WARN 42770 --- [notification-service] [ntainer#0-0-C-1] org.apache.kafka.clients.NetworkClient   : [Consumer clientId=consumer-notification-service-1, groupId=notification-service] Error while fetching metadata with correlation id 1691 : {souq.platform.events=UNKNOWN_TOPIC_OR_PARTITION, souq.publisher.events=UNKNOWN_TOPIC_OR_PARTITION}
2026-02-28T17:01:51.472+01:00  WARN 42770 --- [notification-service] [ntainer#0-0-C-1] org.apache.kafka.clients.NetworkClient   : [Consumer clientId=consumer-notification-service-1, groupId=notification-service] Error while fetching metadata with correlation id 1693 : {souq.platform.events=UNKNOWN_TOPIC_OR_PARTITION, souq.publisher.events=UNKNOWN_TOPIC_OR_PARTITION}
2026-02-28T17:01:52.361+01:00  WARN 42770 --- [notification-service] [ntainer#0-0-C-1] org.apache.kafka.clients.NetworkClient   : [Consumer clientId=consumer-notification-service-1, groupId=notification-service] Error while fetching metadata with correlation id 1694 : {souq.platform.events=UNKNOWN_TOPIC_OR_PARTITION, souq.publisher.events=UNKNOWN_TOPIC_OR_PARTITION}
2026-02-28T17:01:53.361+01:00  WARN 42770 --- [notification-service] [ntainer#0-0-C-1] org.apache.kafka.clients.NetworkClient   : [Consumer clientId=consumer-notification-service-1, groupId=notification-service] Error while fetching metadata with correlation id 1695 : {souq.platform.events=UNKNOWN_TOPIC_OR_PARTITION, souq.publisher.events=UNKNOWN_TOPIC_OR_PARTITION}
2026-02-28T17:01:54.362+01:00  WARN 42770 --- [notification-service] [ntainer#0-0-C-1] org.apache.kafka.clients.NetworkClient   : [Consumer clientId=consumer-notification-service-1, groupId=notification-service] Error while fetching metadata with correlation id 1697 : {souq.platform.events=UNKNOWN_TOPIC_OR_PARTITION, souq.publisher.events=UNKNOWN_TOPIC_OR_PARTITION}
2026-02-28T17:01:55.267+01:00  WARN 42770 --- [notification-service] [ntainer#0-0-C-1] org.apache.kafka.clients.NetworkClient   : [Consumer clientId=consumer-notification-service-1, groupId=notification-service] Error while fetching metadata with correlation id 1698 : {souq.platform.events=UNKNOWN_TOPIC_OR_PARTITION, souq.publisher.events=UNKNOWN_TOPIC_OR_PARTITION}
2026-02-28T17:01:56.268+01:00  WARN 42770 --- [notification-service] [ntainer#0-0-C-1] org.apache.kafka.clients.NetworkClient   : [Consumer clientId=consumer-notification-service-1, groupId=notification-service] Error while fetching metadata with correlation id 1699 : {souq.platform.events=UNKNOWN_TOPIC_OR_PARTITION, souq.publisher.events=UNKNOWN_TOPIC_OR_PARTITION}
2026-02-28T17:01:57.172+01:00  WARN 42770 --- [notification-service] [ntainer#0-0-C-1] org.apache.kafka.clients.NetworkClient   : [Consumer clientId=consumer-notification-service-1, groupId=notification-service] Error while fetching metadata with correlation id 1701 : {souq.platform.events=UNKNOWN_TOPIC_OR_PARTITION, souq.publisher.events=UNKNOWN_TOPIC_OR_PARTITION}
2026-02-28T17:01:58.079+01:00  WARN 42770 --- [notification-service] [ntainer#0-0-C-1] org.apache.kafka.clients.NetworkClient   : [Consumer clientId=consumer-notification-service-1, groupId=notification-service] Error while fetching metadata with correlation id 1702 : {souq.platform.events=UNKNOWN_TOPIC_OR_PARTITION, souq.publisher.events=UNKNOWN_TOPIC_OR_PARTITION}
2026-02-28T17:01:59.080+01:00  WARN 42770 --- [notification-service] [ntainer#0-0-C-1] org.apache.kafka.clients.NetworkClient   : [Consumer clientId=consumer-notification-service-1, groupId=notification-service] Error while fetching metadata with correlation id 1703 : {souq.platform.events=UNKNOWN_TOPIC_OR_PARTITION, souq.publisher.events=UNKNOWN_TOPIC_OR_PARTITION}
2026-02-28T17:01:59.972+01:00  WARN 42770 --- [notification-service] [ntainer#0-0-C-1] org.apache.kafka.clients.NetworkClient   : [Consumer clientId=consumer-notification-service-1, groupId=notification-service] Error while fetching metadata with correlation id 1705 : {souq.platform.events=UNKNOWN_TOPIC_OR_PARTITION, souq.publisher.events=UNKNOWN_TOPIC_OR_PARTITION}
2026-02-28T17:02:00.882+01:00  WARN 42770 --- [notification-service] [ntainer#0-0-C-1] org.apache.kafka.clients.NetworkClient   : [Consumer clientId=consumer-notification-service-1, groupId=notification-service] Error while fetching metadata with correlation id 1706 : {souq.platform.events=UNKNOWN_TOPIC_OR_PARTITION, souq.publisher.events=UNKNOWN_TOPIC_OR_PARTITION}
2026-02-28T17:02:01.758+01:00  WARN 42770 --- [notification-service] [ntainer#0-0-C-1] org.apache.kafka.clients.NetworkClient   : [Consumer clientId=consumer-notification-service-1, groupId=notification-service] Error while fetching metadata with correlation id 1707 : {souq.platform.events=UNKNOWN_TOPIC_OR_PARTITION, souq.publisher.events=UNKNOWN_TOPIC_OR_PARTITION}
2026-02-28T17:02:02.722+01:00  WARN 42770 --- [notification-service] [ntainer#0-0-C-1] org.apache.kafka.clients.NetworkClient   : [Consumer clientId=consumer-notification-service-1, groupId=notification-service] Error while fetching metadata with correlation id 1708 : {souq.platform.events=UNKNOWN_TOPIC_OR_PARTITION, souq.publisher.events=UNKNOWN_TOPIC_OR_PARTITION}
2026-02-28T17:02:03.576+01:00  WARN 42770 --- [notification-service] [ntainer#0-0-C-1] org.apache.kafka.clients.NetworkClient   : [Consumer clientId=consumer-notification-service-1, groupId=notification-service] Error while fetching metadata with correlation id 1710 : {souq.platform.events=UNKNOWN_TOPIC_OR_PARTITION, souq.publisher.events=UNKNOWN_TOPIC_OR_PARTITION}
2026-02-28T17:02:04.563+01:00  WARN 42770 --- [notification-service] [ntainer#0-0-C-1] org.apache.kafka.clients.NetworkClient   : [Consumer clientId=consumer-notification-service-1, groupId=notification-service] Error while fetching metadata with correlation id 1711 : {souq.platform.events=UNKNOWN_TOPIC_OR_PARTITION, souq.publisher.events=UNKNOWN_TOPIC_OR_PARTITION}
2026-02-28T17:02:05.564+01:00  WARN 42770 --- [notification-service] [ntainer#0-0-C-1] org.apache.kafka.clients.NetworkClient   : [Consumer clientId=consumer-notification-service-1, groupId=notification-service] Error while fetching metadata with correlation id 1712 : {souq.platform.events=UNKNOWN_TOPIC_OR_PARTITION, souq.publisher.events=UNKNOWN_TOPIC_OR_PARTITION}
2026-02-28T17:02:06.564+01:00  WARN 42770 --- [notification-service] [ntainer#0-0-C-1] org.apache.kafka.clients.NetworkClient   : [Consumer clientId=consumer-notification-service-1, groupId=notification-service] Error while fetching metadata with correlation id 1714 : {souq.platform.events=UNKNOWN_TOPIC_OR_PARTITION, souq.publisher.events=UNKNOWN_TOPIC_OR_PARTITION}
2026-02-28T17:02:07.470+01:00  WARN 42770 --- [notification-service] [ntainer#0-0-C-1] org.apache.kafka.clients.NetworkClient   : [Consumer clientId=consumer-notification-service-1, groupId=notification-service] Error while fetching metadata with correlation id 1715 : {souq.platform.events=UNKNOWN_TOPIC_OR_PARTITION, souq.publisher.events=UNKNOWN_TOPIC_OR_PARTITION}
2026-02-28T17:02:08.471+01:00  WARN 42770 --- [notification-service] [ntainer#0-0-C-1] org.apache.kafka.clients.NetworkClient   : [Consumer clientId=consumer-notification-service-1, groupId=notification-service] Error while fetching metadata with correlation id 1716 : {souq.platform.events=UNKNOWN_TOPIC_OR_PARTITION, souq.publisher.events=UNKNOWN_TOPIC_OR_PARTITION}
2026-02-28T17:02:09.374+01:00  WARN 42770 --- [notification-service] [ntainer#0-0-C-1] org.apache.kafka.clients.NetworkClient   : [Consumer clientId=consumer-notification-service-1, groupId=notification-service] Error while fetching metadata with correlation id 1718 : {souq.platform.events=UNKNOWN_TOPIC_OR_PARTITION, souq.publisher.events=UNKNOWN_TOPIC_OR_PARTITION}
2026-02-28T17:02:10.235+01:00  WARN 42770 --- [notification-service] [ntainer#0-0-C-1] org.apache.kafka.clients.NetworkClient   : [Consumer clientId=consumer-notification-service-1, groupId=notification-service] Error while fetching metadata with correlation id 1719 : {souq.platform.events=UNKNOWN_TOPIC_OR_PARTITION, souq.publisher.events=UNKNOWN_TOPIC_OR_PARTITION}
2026-02-28T17:02:11.236+01:00  WARN 42770 --- [notification-service] [ntainer#0-0-C-1] org.apache.kafka.clients.NetworkClient   : [Consumer clientId=consumer-notification-service-1, groupId=notification-service] Error while fetching metadata with correlation id 1720 : {souq.platform.events=UNKNOWN_TOPIC_OR_PARTITION, souq.publisher.events=UNKNOWN_TOPIC_OR_PARTITION}
2026-02-28T17:02:12.236+01:00  WARN 42770 --- [notification-service] [ntainer#0-0-C-1] org.apache.kafka.clients.NetworkClient   : [Consumer clientId=consumer-notification-service-1, groupId=notification-service] Error while fetching metadata with correlation id 1722 : {souq.platform.events=UNKNOWN_TOPIC_OR_PARTITION, souq.publisher.events=UNKNOWN_TOPIC_OR_PARTITION}
2026-02-28T17:02:13.206+01:00  WARN 42770 --- [notification-service] [ntainer#0-0-C-1] org.apache.kafka.clients.NetworkClient   : [Consumer clientId=consumer-notification-service-1, groupId=notification-service] Error while fetching metadata with correlation id 1723 : {souq.platform.events=UNKNOWN_TOPIC_OR_PARTITION, souq.publisher.events=UNKNOWN_TOPIC_OR_PARTITION}
2026-02-28T17:02:14.010+01:00  WARN 42770 --- [notification-service] [ntainer#0-0-C-1] org.apache.kafka.clients.NetworkClient   : [Consumer clientId=consumer-notification-service-1, groupId=notification-service] Error while fetching metadata with correlation id 1724 : {souq.platform.events=UNKNOWN_TOPIC_OR_PARTITION, souq.publisher.events=UNKNOWN_TOPIC_OR_PARTITION}
2026-02-28T17:02:14.974+01:00  WARN 42770 --- [notification-service] [ntainer#0-0-C-1] org.apache.kafka.clients.NetworkClient   : [Consumer clientId=consumer-notification-service-1, groupId=notification-service] Error while fetching metadata with correlation id 1726 : {souq.platform.events=UNKNOWN_TOPIC_OR_PARTITION, souq.publisher.events=UNKNOWN_TOPIC_OR_PARTITION}
2026-02-28T17:02:15.879+01:00  WARN 42770 --- [notification-service] [ntainer#0-0-C-1] org.apache.kafka.clients.NetworkClient   : [Consumer clientId=consumer-notification-service-1, groupId=notification-service] Error while fetching metadata with correlation id 1727 : {souq.platform.events=UNKNOWN_TOPIC_OR_PARTITION, souq.publisher.events=UNKNOWN_TOPIC_OR_PARTITION}
2026-02-28T17:02:16.861+01:00  WARN 42770 --- [notification-service] [ntainer#0-0-C-1] org.apache.kafka.clients.NetworkClient   : [Consumer clientId=consumer-notification-service-1, groupId=notification-service] Error while fetching metadata with correlation id 1728 : {souq.platform.events=UNKNOWN_TOPIC_OR_PARTITION, souq.publisher.events=UNKNOWN_TOPIC_OR_PARTITION}
2026-02-28T17:02:17.766+01:00  WARN 42770 --- [notification-service] [ntainer#0-0-C-1] org.apache.kafka.clients.NetworkClient   : [Consumer clientId=consumer-notification-service-1, groupId=notification-service] Error while fetching metadata with correlation id 1729 : {souq.platform.events=UNKNOWN_TOPIC_OR_PARTITION, souq.publisher.events=UNKNOWN_TOPIC_OR_PARTITION}
2026-02-28T17:02:18.767+01:00  WARN 42770 --- [notification-service] [ntainer#0-0-C-1] org.apache.kafka.clients.NetworkClient   : [Consumer clientId=consumer-notification-service-1, groupId=notification-service] Error while fetching metadata with correlation id 1731 : {souq.platform.events=UNKNOWN_TOPIC_OR_PARTITION, souq.publisher.events=UNKNOWN_TOPIC_OR_PARTITION}
2026-02-28T17:02:19.673+01:00  WARN 42770 --- [notification-service] [ntainer#0-0-C-1] org.apache.kafka.clients.NetworkClient   : [Consumer clientId=consumer-notification-service-1, groupId=notification-service] Error while fetching metadata with correlation id 1732 : {souq.platform.events=UNKNOWN_TOPIC_OR_PARTITION, souq.publisher.events=UNKNOWN_TOPIC_OR_PARTITION}
2026-02-28T17:02:20.673+01:00  WARN 42770 --- [notification-service] [ntainer#0-0-C-1] org.apache.kafka.clients.NetworkClient   : [Consumer clientId=consumer-notification-service-1, groupId=notification-service] Error while fetching metadata with correlation id 1733 : {souq.platform.events=UNKNOWN_TOPIC_OR_PARTITION, souq.publisher.events=UNKNOWN_TOPIC_OR_PARTITION}
2026-02-28T17:02:21.661+01:00  WARN 42770 --- [notification-service] [ntainer#0-0-C-1] org.apache.kafka.clients.NetworkClient   : [Consumer clientId=consumer-notification-service-1, groupId=notification-service] Error while fetching metadata with correlation id 1735 : {souq.platform.events=UNKNOWN_TOPIC_OR_PARTITION, souq.publisher.events=UNKNOWN_TOPIC_OR_PARTITION}
2026-02-28T17:02:22.570+01:00  WARN 42770 --- [notification-service] [ntainer#0-0-C-1] org.apache.kafka.clients.NetworkClient   : [Consumer clientId=consumer-notification-service-1, groupId=notification-service] Error while fetching metadata with correlation id 1736 : {souq.platform.events=UNKNOWN_TOPIC_OR_PARTITION, souq.publisher.events=UNKNOWN_TOPIC_OR_PARTITION}
2026-02-28T17:02:23.475+01:00  WARN 42770 --- [notification-service] [ntainer#0-0-C-1] org.apache.kafka.clients.NetworkClient   : [Consumer clientId=consumer-notification-service-1, groupId=notification-service] Error while fetching metadata with correlation id 1737 : {souq.platform.events=UNKNOWN_TOPIC_OR_PARTITION, souq.publisher.events=UNKNOWN_TOPIC_OR_PARTITION}
2026-02-28T17:02:24.475+01:00  WARN 42770 --- [notification-service] [ntainer#0-0-C-1] org.apache.kafka.clients.NetworkClient   : [Consumer clientId=consumer-notification-service-1, groupId=notification-service] Error while fetching metadata with correlation id 1739 : {souq.platform.events=UNKNOWN_TOPIC_OR_PARTITION, souq.publisher.events=UNKNOWN_TOPIC_OR_PARTITION}
2026-02-28T17:02:25.373+01:00  WARN 42770 --- [notification-service] [ntainer#0-0-C-1] org.apache.kafka.clients.NetworkClient   : [Consumer clientId=consumer-notification-service-1, groupId=notification-service] Error while fetching metadata with correlation id 1740 : {souq.platform.events=UNKNOWN_TOPIC_OR_PARTITION, souq.publisher.events=UNKNOWN_TOPIC_OR_PARTITION}
2026-02-28T17:02:26.278+01:00  WARN 42770 --- [notification-service] [ntainer#0-0-C-1] org.apache.kafka.clients.NetworkClient   : [Consumer clientId=consumer-notification-service-1, groupId=notification-service] Error while fetching metadata with correlation id 1741 : {souq.platform.events=UNKNOWN_TOPIC_OR_PARTITION, souq.publisher.events=UNKNOWN_TOPIC_OR_PARTITION}
2026-02-28T17:02:27.176+01:00  WARN 42770 --- [notification-service] [ntainer#0-0-C-1] org.apache.kafka.clients.NetworkClient   : [Consumer clientId=consumer-notification-service-1, groupId=notification-service] Error while fetching metadata with correlation id 1743 : {souq.platform.events=UNKNOWN_TOPIC_OR_PARTITION, souq.publisher.events=UNKNOWN_TOPIC_OR_PARTITION}
2026-02-28T17:02:28.177+01:00  WARN 42770 --- [notification-service] [ntainer#0-0-C-1] org.apache.kafka.clients.NetworkClient   : [Consumer clientId=consumer-notification-service-1, groupId=notification-service] Error while fetching metadata with correlation id 1744 : {souq.platform.events=UNKNOWN_TOPIC_OR_PARTITION, souq.publisher.events=UNKNOWN_TOPIC_OR_PARTITION}
2026-02-28T17:02:29.176+01:00  WARN 42770 --- [notification-service] [ntainer#0-0-C-1] org.apache.kafka.clients.NetworkClient   : [Consumer clientId=consumer-notification-service-1, groupId=notification-service] Error while fetching metadata with correlation id 1745 : {souq.platform.events=UNKNOWN_TOPIC_OR_PARTITION, souq.publisher.events=UNKNOWN_TOPIC_OR_PARTITION}
2026-02-28T17:02:30.076+01:00  WARN 42770 --- [notification-service] [ntainer#0-0-C-1] org.apache.kafka.clients.NetworkClient   : [Consumer clientId=consumer-notification-service-1, groupId=notification-service] Error while fetching metadata with correlation id 1747 : {souq.platform.events=UNKNOWN_TOPIC_OR_PARTITION, souq.publisher.events=UNKNOWN_TOPIC_OR_PARTITION}
2026-02-28T17:02:31.004+01:00  WARN 42770 --- [notification-service] [ntainer#0-0-C-1] org.apache.kafka.clients.NetworkClient   : [Consumer clientId=consumer-notification-service-1, groupId=notification-service] Error while fetching metadata with correlation id 1748 : {souq.platform.events=UNKNOWN_TOPIC_OR_PARTITION, souq.publisher.events=UNKNOWN_TOPIC_OR_PARTITION}
2026-02-28T17:02:32.005+01:00  WARN 42770 --- [notification-service] [ntainer#0-0-C-1] org.apache.kafka.clients.NetworkClient   : [Consumer clientId=consumer-notification-service-1, groupId=notification-service] Error while fetching metadata with correlation id 1749 : {souq.platform.events=UNKNOWN_TOPIC_OR_PARTITION, souq.publisher.events=UNKNOWN_TOPIC_OR_PARTITION}
2026-02-28T17:02:32.876+01:00  WARN 42770 --- [notification-service] [ntainer#0-0-C-1] org.apache.kafka.clients.NetworkClient   : [Consumer clientId=consumer-notification-service-1, groupId=notification-service] Error while fetching metadata with correlation id 1751 : {souq.platform.events=UNKNOWN_TOPIC_OR_PARTITION, souq.publisher.events=UNKNOWN_TOPIC_OR_PARTITION}
2026-02-28T17:02:33.877+01:00  WARN 42770 --- [notification-service] [ntainer#0-0-C-1] org.apache.kafka.clients.NetworkClient   : [Consumer clientId=consumer-notification-service-1, groupId=notification-service] Error while fetching metadata with correlation id 1752 : {souq.platform.events=UNKNOWN_TOPIC_OR_PARTITION, souq.publisher.events=UNKNOWN_TOPIC_OR_PARTITION}
2026-02-28T17:02:34.782+01:00  WARN 42770 --- [notification-service] [ntainer#0-0-C-1] org.apache.kafka.clients.NetworkClient   : [Consumer clientId=consumer-notification-service-1, groupId=notification-service] Error while fetching metadata with correlation id 1753 : {souq.platform.events=UNKNOWN_TOPIC_OR_PARTITION, souq.publisher.events=UNKNOWN_TOPIC_OR_PARTITION}
2026-02-28T17:02:35.775+01:00  WARN 42770 --- [notification-service] [ntainer#0-0-C-1] org.apache.kafka.clients.NetworkClient   : [Consumer clientId=consumer-notification-service-1, groupId=notification-service] Error while fetching metadata with correlation id 1755 : {souq.platform.events=UNKNOWN_TOPIC_OR_PARTITION, souq.publisher.events=UNKNOWN_TOPIC_OR_PARTITION}
2026-02-28T17:02:36.776+01:00  WARN 42770 --- [notification-service] [ntainer#0-0-C-1] org.apache.kafka.clients.NetworkClient   : [Consumer clientId=consumer-notification-service-1, groupId=notification-service] Error while fetching metadata with correlation id 1756 : {souq.platform.events=UNKNOWN_TOPIC_OR_PARTITION, souq.publisher.events=UNKNOWN_TOPIC_OR_PARTITION}
2026-02-28T17:02:37.682+01:00  WARN 42770 --- [notification-service] [ntainer#0-0-C-1] org.apache.kafka.clients.NetworkClient   : [Consumer clientId=consumer-notification-service-1, groupId=notification-service] Error while fetching metadata with correlation id 1757 : {souq.platform.events=UNKNOWN_TOPIC_OR_PARTITION, souq.publisher.events=UNKNOWN_TOPIC_OR_PARTITION}
2026-02-28T17:02:38.631+01:00  WARN 42770 --- [notification-service] [ntainer#0-0-C-1] org.apache.kafka.clients.NetworkClient   : [Consumer clientId=consumer-notification-service-1, groupId=notification-service] Error while fetching metadata with correlation id 1758 : {souq.platform.events=UNKNOWN_TOPIC_OR_PARTITION, souq.publisher.events=UNKNOWN_TOPIC_OR_PARTITION}
2026-02-28T17:02:39.632+01:00  WARN 42770 --- [notification-service] [ntainer#0-0-C-1] org.apache.kafka.clients.NetworkClient   : [Consumer clientId=consumer-notification-service-1, groupId=notification-service] Error while fetching metadata with correlation id 1760 : {souq.platform.events=UNKNOWN_TOPIC_OR_PARTITION, souq.publisher.events=UNKNOWN_TOPIC_OR_PARTITION}
2026-02-28T17:02:40.542+01:00  WARN 42770 --- [notification-service] [ntainer#0-0-C-1] org.apache.kafka.clients.NetworkClient   : [Consumer clientId=consumer-notification-service-1, groupId=notification-service] Error while fetching metadata with correlation id 1761 : {souq.platform.events=UNKNOWN_TOPIC_OR_PARTITION, souq.publisher.events=UNKNOWN_TOPIC_OR_PARTITION}
2026-02-28T17:02:41.446+01:00  WARN 42770 --- [notification-service] [ntainer#0-0-C-1] org.apache.kafka.clients.NetworkClient   : [Consumer clientId=consumer-notification-service-1, groupId=notification-service] Error while fetching metadata with correlation id 1762 : {souq.platform.events=UNKNOWN_TOPIC_OR_PARTITION, souq.publisher.events=UNKNOWN_TOPIC_OR_PARTITION}
2026-02-28T17:02:42.280+01:00  WARN 42770 --- [notification-service] [ntainer#0-0-C-1] org.apache.kafka.clients.NetworkClient   : [Consumer clientId=consumer-notification-service-1, groupId=notification-service] Error while fetching metadata with correlation id 1764 : {souq.platform.events=UNKNOWN_TOPIC_OR_PARTITION, souq.publisher.events=UNKNOWN_TOPIC_OR_PARTITION}
2026-02-28T17:02:43.110+01:00  WARN 42770 --- [notification-service] [ntainer#0-0-C-1] org.apache.kafka.clients.NetworkClient   : [Consumer clientId=consumer-notification-service-1, groupId=notification-service] Error while fetching metadata with correlation id 1765 : {souq.platform.events=UNKNOWN_TOPIC_OR_PARTITION, souq.publisher.events=UNKNOWN_TOPIC_OR_PARTITION}
2026-02-28T17:02:44.111+01:00  WARN 42770 --- [notification-service] [ntainer#0-0-C-1] org.apache.kafka.clients.NetworkClient   : [Consumer clientId=consumer-notification-service-1, groupId=notification-service] Error while fetching metadata with correlation id 1766 : {souq.platform.events=UNKNOWN_TOPIC_OR_PARTITION, souq.publisher.events=UNKNOWN_TOPIC_OR_PARTITION}
2026-02-28T17:02:45.112+01:00  WARN 42770 --- [notification-service] [ntainer#0-0-C-1] org.apache.kafka.clients.NetworkClient   : [Consumer clientId=consumer-notification-service-1, groupId=notification-service] Error while fetching metadata with correlation id 1768 : {souq.platform.events=UNKNOWN_TOPIC_OR_PARTITION, souq.publisher.events=UNKNOWN_TOPIC_OR_PARTITION}
2026-02-28T17:02:46.113+01:00  WARN 42770 --- [notification-service] [ntainer#0-0-C-1] org.apache.kafka.clients.NetworkClient   : [Consumer clientId=consumer-notification-service-1, groupId=notification-service] Error while fetching metadata with correlation id 1769 : {souq.platform.events=UNKNOWN_TOPIC_OR_PARTITION, souq.publisher.events=UNKNOWN_TOPIC_OR_PARTITION}
2026-02-28T17:02:47.066+01:00  WARN 42770 --- [notification-service] [ntainer#0-0-C-1] org.apache.kafka.clients.NetworkClient   : [Consumer clientId=consumer-notification-service-1, groupId=notification-service] Error while fetching metadata with correlation id 1770 : {souq.platform.events=UNKNOWN_TOPIC_OR_PARTITION, souq.publisher.events=UNKNOWN_TOPIC_OR_PARTITION}
2026-02-28T17:02:48.067+01:00  WARN 42770 --- [notification-service] [ntainer#0-0-C-1] org.apache.kafka.clients.NetworkClient   : [Consumer clientId=consumer-notification-service-1, groupId=notification-service] Error while fetching metadata with correlation id 1772 : {souq.platform.events=UNKNOWN_TOPIC_OR_PARTITION, souq.publisher.events=UNKNOWN_TOPIC_OR_PARTITION}
2026-02-28T17:02:49.068+01:00  WARN 42770 --- [notification-service] [ntainer#0-0-C-1] org.apache.kafka.clients.NetworkClient   : [Consumer clientId=consumer-notification-service-1, groupId=notification-service] Error while fetching metadata with correlation id 1773 : {souq.platform.events=UNKNOWN_TOPIC_OR_PARTITION, souq.publisher.events=UNKNOWN_TOPIC_OR_PARTITION}
2026-02-28T17:02:49.996+01:00  WARN 42770 --- [notification-service] [ntainer#0-0-C-1] org.apache.kafka.clients.NetworkClient   : [Consumer clientId=consumer-notification-service-1, groupId=notification-service] Error while fetching metadata with correlation id 1774 : {souq.platform.events=UNKNOWN_TOPIC_OR_PARTITION, souq.publisher.events=UNKNOWN_TOPIC_OR_PARTITION}
2026-02-28T17:02:50.878+01:00  WARN 42770 --- [notification-service] [ntainer#0-0-C-1] org.apache.kafka.clients.NetworkClient   : [Consumer clientId=consumer-notification-service-1, groupId=notification-service] Error while fetching metadata with correlation id 1776 : {souq.platform.events=UNKNOWN_TOPIC_OR_PARTITION, souq.publisher.events=UNKNOWN_TOPIC_OR_PARTITION}
2026-02-28T17:02:51.765+01:00  WARN 42770 --- [notification-service] [ntainer#0-0-C-1] org.apache.kafka.clients.NetworkClient   : [Consumer clientId=consumer-notification-service-1, groupId=notification-service] Error while fetching metadata with correlation id 1777 : {souq.platform.events=UNKNOWN_TOPIC_OR_PARTITION, souq.publisher.events=UNKNOWN_TOPIC_OR_PARTITION}
2026-02-28T17:02:52.766+01:00  WARN 42770 --- [notification-service] [ntainer#0-0-C-1] org.apache.kafka.clients.NetworkClient   : [Consumer clientId=consumer-notification-service-1, groupId=notification-service] Error while fetching metadata with correlation id 1778 : {souq.platform.events=UNKNOWN_TOPIC_OR_PARTITION, souq.publisher.events=UNKNOWN_TOPIC_OR_PARTITION}
2026-02-28T17:02:53.759+01:00  WARN 42770 --- [notification-service] [ntainer#0-0-C-1] org.apache.kafka.clients.NetworkClient   : [Consumer clientId=consumer-notification-service-1, groupId=notification-service] Error while fetching metadata with correlation id 1779 : {souq.platform.events=UNKNOWN_TOPIC_OR_PARTITION, souq.publisher.events=UNKNOWN_TOPIC_OR_PARTITION}
2026-02-28T17:02:54.683+01:00  WARN 42770 --- [notification-service] [ntainer#0-0-C-1] org.apache.kafka.clients.NetworkClient   : [Consumer clientId=consumer-notification-service-1, groupId=notification-service] Error while fetching metadata with correlation id 1781 : {souq.platform.events=UNKNOWN_TOPIC_OR_PARTITION, souq.publisher.events=UNKNOWN_TOPIC_OR_PARTITION}
2026-02-28T17:02:55.588+01:00  WARN 42770 --- [notification-service] [ntainer#0-0-C-1] org.apache.kafka.clients.NetworkClient   : [Consumer clientId=consumer-notification-service-1, groupId=notification-service] Error while fetching metadata with correlation id 1782 : {souq.platform.events=UNKNOWN_TOPIC_OR_PARTITION, souq.publisher.events=UNKNOWN_TOPIC_OR_PARTITION}
2026-02-28T17:02:56.564+01:00  WARN 42770 --- [notification-service] [ntainer#0-0-C-1] org.apache.kafka.clients.NetworkClient   : [Consumer clientId=consumer-notification-service-1, groupId=notification-service] Error while fetching metadata with correlation id 1783 : {souq.platform.events=UNKNOWN_TOPIC_OR_PARTITION, souq.publisher.events=UNKNOWN_TOPIC_OR_PARTITION}
2026-02-28T17:02:57.565+01:00  WARN 42770 --- [notification-service] [ntainer#0-0-C-1] org.apache.kafka.clients.NetworkClient   : [Consumer clientId=consumer-notification-service-1, groupId=notification-service] Error while fetching metadata with correlation id 1785 : {souq.platform.events=UNKNOWN_TOPIC_OR_PARTITION, souq.publisher.events=UNKNOWN_TOPIC_OR_PARTITION}
2026-02-28T17:02:58.470+01:00  WARN 42770 --- [notification-service] [ntainer#0-0-C-1] org.apache.kafka.clients.NetworkClient   : [Consumer clientId=consumer-notification-service-1, groupId=notification-service] Error while fetching metadata with correlation id 1786 : {souq.platform.events=UNKNOWN_TOPIC_OR_PARTITION, souq.publisher.events=UNKNOWN_TOPIC_OR_PARTITION}
2026-02-28T17:02:59.415+01:00  WARN 42770 --- [notification-service] [ntainer#0-0-C-1] org.apache.kafka.clients.NetworkClient   : [Consumer clientId=consumer-notification-service-1, groupId=notification-service] Error while fetching metadata with correlation id 1787 : {souq.platform.events=UNKNOWN_TOPIC_OR_PARTITION, souq.publisher.events=UNKNOWN_TOPIC_OR_PARTITION}
2026-02-28T17:03:00.282+01:00  WARN 42770 --- [notification-service] [ntainer#0-0-C-1] org.apache.kafka.clients.NetworkClient   : [Consumer clientId=consumer-notification-service-1, groupId=notification-service] Error while fetching metadata with correlation id 1789 : {souq.platform.events=UNKNOWN_TOPIC_OR_PARTITION, souq.publisher.events=UNKNOWN_TOPIC_OR_PARTITION}
2026-02-28T17:03:01.187+01:00  WARN 42770 --- [notification-service] [ntainer#0-0-C-1] org.apache.kafka.clients.NetworkClient   : [Consumer clientId=consumer-notification-service-1, groupId=notification-service] Error while fetching metadata with correlation id 1790 : {souq.platform.events=UNKNOWN_TOPIC_OR_PARTITION, souq.publisher.events=UNKNOWN_TOPIC_OR_PARTITION}
2026-02-28T17:03:02.166+01:00  WARN 42770 --- [notification-service] [ntainer#0-0-C-1] org.apache.kafka.clients.NetworkClient   : [Consumer clientId=consumer-notification-service-1, groupId=notification-service] Error while fetching metadata with correlation id 1791 : {souq.platform.events=UNKNOWN_TOPIC_OR_PARTITION, souq.publisher.events=UNKNOWN_TOPIC_OR_PARTITION}
2026-02-28T17:03:03.166+01:00  WARN 42770 --- [notification-service] [ntainer#0-0-C-1] org.apache.kafka.clients.NetworkClient   : [Consumer clientId=consumer-notification-service-1, groupId=notification-service] Error while fetching metadata with correlation id 1793 : {souq.platform.events=UNKNOWN_TOPIC_OR_PARTITION, souq.publisher.events=UNKNOWN_TOPIC_OR_PARTITION}
2026-02-28T17:03:04.117+01:00  WARN 42770 --- [notification-service] [ntainer#0-0-C-1] org.apache.kafka.clients.NetworkClient   : [Consumer clientId=consumer-notification-service-1, groupId=notification-service] Error while fetching metadata with correlation id 1794 : {souq.platform.events=UNKNOWN_TOPIC_OR_PARTITION, souq.publisher.events=UNKNOWN_TOPIC_OR_PARTITION}
2026-02-28T17:03:05.118+01:00  WARN 42770 --- [notification-service] [ntainer#0-0-C-1] org.apache.kafka.clients.NetworkClient   : [Consumer clientId=consumer-notification-service-1, groupId=notification-service] Error while fetching metadata with correlation id 1795 : {souq.platform.events=UNKNOWN_TOPIC_OR_PARTITION, souq.publisher.events=UNKNOWN_TOPIC_OR_PARTITION}
2026-02-28T17:03:06.118+01:00  WARN 42770 --- [notification-service] [ntainer#0-0-C-1] org.apache.kafka.clients.NetworkClient   : [Consumer clientId=consumer-notification-service-1, groupId=notification-service] Error while fetching metadata with correlation id 1797 : {souq.platform.events=UNKNOWN_TOPIC_OR_PARTITION, souq.publisher.events=UNKNOWN_TOPIC_OR_PARTITION}
2026-02-28T17:03:07.023+01:00  WARN 42770 --- [notification-service] [ntainer#0-0-C-1] org.apache.kafka.clients.NetworkClient   : [Consumer clientId=consumer-notification-service-1, groupId=notification-service] Error while fetching metadata with correlation id 1798 : {souq.platform.events=UNKNOWN_TOPIC_OR_PARTITION, souq.publisher.events=UNKNOWN_TOPIC_OR_PARTITION}
2026-02-28T17:03:07.927+01:00  WARN 42770 --- [notification-service] [ntainer#0-0-C-1] org.apache.kafka.clients.NetworkClient   : [Consumer clientId=consumer-notification-service-1, groupId=notification-service] Error while fetching metadata with correlation id 1799 : {souq.platform.events=UNKNOWN_TOPIC_OR_PARTITION, souq.publisher.events=UNKNOWN_TOPIC_OR_PARTITION}
2026-02-28T17:03:08.780+01:00  WARN 42770 --- [notification-service] [ntainer#0-0-C-1] org.apache.kafka.clients.NetworkClient   : [Consumer clientId=consumer-notification-service-1, groupId=notification-service] Error while fetching metadata with correlation id 1801 : {souq.platform.events=UNKNOWN_TOPIC_OR_PARTITION, souq.publisher.events=UNKNOWN_TOPIC_OR_PARTITION}
2026-02-28T17:03:09.781+01:00  WARN 42770 --- [notification-service] [ntainer#0-0-C-1] org.apache.kafka.clients.NetworkClient   : [Consumer clientId=consumer-notification-service-1, groupId=notification-service] Error while fetching metadata with correlation id 1802 : {souq.platform.events=UNKNOWN_TOPIC_OR_PARTITION, souq.publisher.events=UNKNOWN_TOPIC_OR_PARTITION}
2026-02-28T17:03:10.705+01:00  WARN 42770 --- [notification-service] [ntainer#0-0-C-1] org.apache.kafka.clients.NetworkClient   : [Consumer clientId=consumer-notification-service-1, groupId=notification-service] Error while fetching metadata with correlation id 1803 : {souq.platform.events=UNKNOWN_TOPIC_OR_PARTITION, souq.publisher.events=UNKNOWN_TOPIC_OR_PARTITION}
2026-02-28T17:03:11.665+01:00  WARN 42770 --- [notification-service] [ntainer#0-0-C-1] org.apache.kafka.clients.NetworkClient   : [Consumer clientId=consumer-notification-service-1, groupId=notification-service] Error while fetching metadata with correlation id 1804 : {souq.platform.events=UNKNOWN_TOPIC_OR_PARTITION, souq.publisher.events=UNKNOWN_TOPIC_OR_PARTITION}
2026-02-28T17:03:12.586+01:00  WARN 42770 --- [notification-service] [ntainer#0-0-C-1] org.apache.kafka.clients.NetworkClient   : [Consumer clientId=consumer-notification-service-1, groupId=notification-service] Error while fetching metadata with correlation id 1806 : {souq.platform.events=UNKNOWN_TOPIC_OR_PARTITION, souq.publisher.events=UNKNOWN_TOPIC_OR_PARTITION}
2026-02-28T17:03:13.491+01:00  WARN 42770 --- [notification-service] [ntainer#0-0-C-1] org.apache.kafka.clients.NetworkClient   : [Consumer clientId=consumer-notification-service-1, groupId=notification-service] Error while fetching metadata with correlation id 1807 : {souq.platform.events=UNKNOWN_TOPIC_OR_PARTITION, souq.publisher.events=UNKNOWN_TOPIC_OR_PARTITION}
2026-02-28T17:03:14.397+01:00  WARN 42770 --- [notification-service] [ntainer#0-0-C-1] org.apache.kafka.clients.NetworkClient   : [Consumer clientId=consumer-notification-service-1, groupId=notification-service] Error while fetching metadata with correlation id 1808 : {souq.platform.events=UNKNOWN_TOPIC_OR_PARTITION, souq.publisher.events=UNKNOWN_TOPIC_OR_PARTITION}
2026-02-28T17:03:15.285+01:00  WARN 42770 --- [notification-service] [ntainer#0-0-C-1] org.apache.kafka.clients.NetworkClient   : [Consumer clientId=consumer-notification-service-1, groupId=notification-service] Error while fetching metadata with correlation id 1810 : {souq.platform.events=UNKNOWN_TOPIC_OR_PARTITION, souq.publisher.events=UNKNOWN_TOPIC_OR_PARTITION}
2026-02-28T17:03:16.087+01:00  WARN 42770 --- [notification-service] [ntainer#0-0-C-1] org.apache.kafka.clients.NetworkClient   : [Consumer clientId=consumer-notification-service-1, groupId=notification-service] Error while fetching metadata with correlation id 1811 : {souq.platform.events=UNKNOWN_TOPIC_OR_PARTITION, souq.publisher.events=UNKNOWN_TOPIC_OR_PARTITION}
2026-02-28T17:03:16.967+01:00  WARN 42770 --- [notification-service] [ntainer#0-0-C-1] org.apache.kafka.clients.NetworkClient   : [Consumer clientId=consumer-notification-service-1, groupId=notification-service] Error while fetching metadata with correlation id 1812 : {souq.platform.events=UNKNOWN_TOPIC_OR_PARTITION, souq.publisher.events=UNKNOWN_TOPIC_OR_PARTITION}
2026-02-28T17:03:17.782+01:00  WARN 42770 --- [notification-service] [ntainer#0-0-C-1] org.apache.kafka.clients.NetworkClient   : [Consumer clientId=consumer-notification-service-1, groupId=notification-service] Error while fetching metadata with correlation id 1813 : {souq.platform.events=UNKNOWN_TOPIC_OR_PARTITION, souq.publisher.events=UNKNOWN_TOPIC_OR_PARTITION}
2026-02-28T17:03:18.687+01:00  WARN 42770 --- [notification-service] [ntainer#0-0-C-1] org.apache.kafka.clients.NetworkClient   : [Consumer clientId=consumer-notification-service-1, groupId=notification-service] Error while fetching metadata with correlation id 1815 : {souq.platform.events=UNKNOWN_TOPIC_OR_PARTITION, souq.publisher.events=UNKNOWN_TOPIC_OR_PARTITION}
2026-02-28T17:03:19.592+01:00  WARN 42770 --- [notification-service] [ntainer#0-0-C-1] org.apache.kafka.clients.NetworkClient   : [Consumer clientId=consumer-notification-service-1, groupId=notification-service] Error while fetching metadata with correlation id 1816 : {souq.platform.events=UNKNOWN_TOPIC_OR_PARTITION, souq.publisher.events=UNKNOWN_TOPIC_OR_PARTITION}
2026-02-28T17:03:20.593+01:00  WARN 42770 --- [notification-service] [ntainer#0-0-C-1] org.apache.kafka.clients.NetworkClient   : [Consumer clientId=consumer-notification-service-1, groupId=notification-service] Error while fetching metadata with correlation id 1817 : {souq.platform.events=UNKNOWN_TOPIC_OR_PARTITION, souq.publisher.events=UNKNOWN_TOPIC_OR_PARTITION}
2026-02-28T17:03:21.509+01:00  WARN 42770 --- [notification-service] [ntainer#0-0-C-1] org.apache.kafka.clients.NetworkClient   : [Consumer clientId=consumer-notification-service-1, groupId=notification-service] Error while fetching metadata with correlation id 1819 : {souq.platform.events=UNKNOWN_TOPIC_OR_PARTITION, souq.publisher.events=UNKNOWN_TOPIC_OR_PARTITION}
2026-02-28T17:03:22.509+01:00  WARN 42770 --- [notification-service] [ntainer#0-0-C-1] org.apache.kafka.clients.NetworkClient   : [Consumer clientId=consumer-notification-service-1, groupId=notification-service] Error while fetching metadata with correlation id 1820 : {souq.platform.events=UNKNOWN_TOPIC_OR_PARTITION, souq.publisher.events=UNKNOWN_TOPIC_OR_PARTITION}
2026-02-28T17:03:23.415+01:00  WARN 42770 --- [notification-service] [ntainer#0-0-C-1] org.apache.kafka.clients.NetworkClient   : [Consumer clientId=consumer-notification-service-1, groupId=notification-service] Error while fetching metadata with correlation id 1821 : {souq.platform.events=UNKNOWN_TOPIC_OR_PARTITION, souq.publisher.events=UNKNOWN_TOPIC_OR_PARTITION}
2026-02-28T17:03:24.375+01:00  WARN 42770 --- [notification-service] [ntainer#0-0-C-1] org.apache.kafka.clients.NetworkClient   : [Consumer clientId=consumer-notification-service-1, groupId=notification-service] Error while fetching metadata with correlation id 1823 : {souq.platform.events=UNKNOWN_TOPIC_OR_PARTITION, souq.publisher.events=UNKNOWN_TOPIC_OR_PARTITION}
2026-02-28T17:03:25.367+01:00  WARN 42770 --- [notification-service] [ntainer#0-0-C-1] org.apache.kafka.clients.NetworkClient   : [Consumer clientId=consumer-notification-service-1, groupId=notification-service] Error while fetching metadata with correlation id 1824 : {souq.platform.events=UNKNOWN_TOPIC_OR_PARTITION, souq.publisher.events=UNKNOWN_TOPIC_OR_PARTITION}
2026-02-28T17:03:26.325+01:00  WARN 42770 --- [notification-service] [ntainer#0-0-C-1] org.apache.kafka.clients.NetworkClient   : [Consumer clientId=consumer-notification-service-1, groupId=notification-service] Error while fetching metadata with correlation id 1825 : {souq.platform.events=UNKNOWN_TOPIC_OR_PARTITION, souq.publisher.events=UNKNOWN_TOPIC_OR_PARTITION}
2026-02-28T17:03:27.273+01:00  WARN 42770 --- [notification-service] [ntainer#0-0-C-1] org.apache.kafka.clients.NetworkClient   : [Consumer clientId=consumer-notification-service-1, groupId=notification-service] Error while fetching metadata with correlation id 1827 : {souq.platform.events=UNKNOWN_TOPIC_OR_PARTITION, souq.publisher.events=UNKNOWN_TOPIC_OR_PARTITION}
2026-02-28T17:03:28.274+01:00  WARN 42770 --- [notification-service] [ntainer#0-0-C-1] org.apache.kafka.clients.NetworkClient   : [Consumer clientId=consumer-notification-service-1, groupId=notification-service] Error while fetching metadata with correlation id 1828 : {souq.platform.events=UNKNOWN_TOPIC_OR_PARTITION, souq.publisher.events=UNKNOWN_TOPIC_OR_PARTITION}
2026-02-28T17:03:29.079+01:00  WARN 42770 --- [notification-service] [ntainer#0-0-C-1] org.apache.kafka.clients.NetworkClient   : [Consumer clientId=consumer-notification-service-1, groupId=notification-service] Error while fetching metadata with correlation id 1829 : {souq.platform.events=UNKNOWN_TOPIC_OR_PARTITION, souq.publisher.events=UNKNOWN_TOPIC_OR_PARTITION}
2026-02-28T17:03:29.984+01:00  WARN 42770 --- [notification-service] [ntainer#0-0-C-1] org.apache.kafka.clients.NetworkClient   : [Consumer clientId=consumer-notification-service-1, groupId=notification-service] Error while fetching metadata with correlation id 1831 : {souq.platform.events=UNKNOWN_TOPIC_OR_PARTITION, souq.publisher.events=UNKNOWN_TOPIC_OR_PARTITION}
2026-02-28T17:03:30.985+01:00  WARN 42770 --- [notification-service] [ntainer#0-0-C-1] org.apache.kafka.clients.NetworkClient   : [Consumer clientId=consumer-notification-service-1, groupId=notification-service] Error while fetching metadata with correlation id 1832 : {souq.platform.events=UNKNOWN_TOPIC_OR_PARTITION, souq.publisher.events=UNKNOWN_TOPIC_OR_PARTITION}
2026-02-28T17:03:31.953+01:00  WARN 42770 --- [notification-service] [ntainer#0-0-C-1] org.apache.kafka.clients.NetworkClient   : [Consumer clientId=consumer-notification-service-1, groupId=notification-service] Error while fetching metadata with correlation id 1833 : {souq.platform.events=UNKNOWN_TOPIC_OR_PARTITION, souq.publisher.events=UNKNOWN_TOPIC_OR_PARTITION}
2026-02-28T17:03:32.883+01:00  WARN 42770 --- [notification-service] [ntainer#0-0-C-1] org.apache.kafka.clients.NetworkClient   : [Consumer clientId=consumer-notification-service-1, groupId=notification-service] Error while fetching metadata with correlation id 1835 : {souq.platform.events=UNKNOWN_TOPIC_OR_PARTITION, souq.publisher.events=UNKNOWN_TOPIC_OR_PARTITION}
2026-02-28T17:03:33.884+01:00  WARN 42770 --- [notification-service] [ntainer#0-0-C-1] org.apache.kafka.clients.NetworkClient   : [Consumer clientId=consumer-notification-service-1, groupId=notification-service] Error while fetching metadata with correlation id 1836 : {souq.platform.events=UNKNOWN_TOPIC_OR_PARTITION, souq.publisher.events=UNKNOWN_TOPIC_OR_PARTITION}
2026-02-28T17:03:34.790+01:00  WARN 42770 --- [notification-service] [ntainer#0-0-C-1] org.apache.kafka.clients.NetworkClient   : [Consumer clientId=consumer-notification-service-1, groupId=notification-service] Error while fetching metadata with correlation id 1837 : {souq.platform.events=UNKNOWN_TOPIC_OR_PARTITION, souq.publisher.events=UNKNOWN_TOPIC_OR_PARTITION}
2026-02-28T17:03:35.783+01:00  WARN 42770 --- [notification-service] [ntainer#0-0-C-1] org.apache.kafka.clients.NetworkClient   : [Consumer clientId=consumer-notification-service-1, groupId=notification-service] Error while fetching metadata with correlation id 1838 : {souq.platform.events=UNKNOWN_TOPIC_OR_PARTITION, souq.publisher.events=UNKNOWN_TOPIC_OR_PARTITION}
2026-02-28T17:03:36.784+01:00  WARN 42770 --- [notification-service] [ntainer#0-0-C-1] org.apache.kafka.clients.NetworkClient   : [Consumer clientId=consumer-notification-service-1, groupId=notification-service] Error while fetching metadata with correlation id 1840 : {souq.platform.events=UNKNOWN_TOPIC_OR_PARTITION, souq.publisher.events=UNKNOWN_TOPIC_OR_PARTITION}
2026-02-28T17:03:37.785+01:00  WARN 42770 --- [notification-service] [ntainer#0-0-C-1] org.apache.kafka.clients.NetworkClient   : [Consumer clientId=consumer-notification-service-1, groupId=notification-service] Error while fetching metadata with correlation id 1841 : {souq.platform.events=UNKNOWN_TOPIC_OR_PARTITION, souq.publisher.events=UNKNOWN_TOPIC_OR_PARTITION}
2026-02-28T17:03:38.663+01:00  WARN 42770 --- [notification-service] [ntainer#0-0-C-1] org.apache.kafka.clients.NetworkClient   : [Consumer clientId=consumer-notification-service-1, groupId=notification-service] Error while fetching metadata with correlation id 1842 : {souq.platform.events=UNKNOWN_TOPIC_OR_PARTITION, souq.publisher.events=UNKNOWN_TOPIC_OR_PARTITION}
2026-02-28T17:03:39.488+01:00  WARN 42770 --- [notification-service] [ntainer#0-0-C-1] org.apache.kafka.clients.NetworkClient   : [Consumer clientId=consumer-notification-service-1, groupId=notification-service] Error while fetching metadata with correlation id 1844 : {souq.platform.events=UNKNOWN_TOPIC_OR_PARTITION, souq.publisher.events=UNKNOWN_TOPIC_OR_PARTITION}
2026-02-28T17:03:40.412+01:00  WARN 42770 --- [notification-service] [ntainer#0-0-C-1] org.apache.kafka.clients.NetworkClient   : [Consumer clientId=consumer-notification-service-1, groupId=notification-service] Error while fetching metadata with correlation id 1845 : {souq.platform.events=UNKNOWN_TOPIC_OR_PARTITION, souq.publisher.events=UNKNOWN_TOPIC_OR_PARTITION}
2026-02-28T17:03:41.315+01:00  WARN 42770 --- [notification-service] [ntainer#0-0-C-1] org.apache.kafka.clients.NetworkClient   : [Consumer clientId=consumer-notification-service-1, groupId=notification-service] Error while fetching metadata with correlation id 1846 : {souq.platform.events=UNKNOWN_TOPIC_OR_PARTITION, souq.publisher.events=UNKNOWN_TOPIC_OR_PARTITION}
2026-02-28T17:03:42.288+01:00  WARN 42770 --- [notification-service] [ntainer#0-0-C-1] org.apache.kafka.clients.NetworkClient   : [Consumer clientId=consumer-notification-service-1, groupId=notification-service] Error while fetching metadata with correlation id 1848 : {souq.platform.events=UNKNOWN_TOPIC_OR_PARTITION, souq.publisher.events=UNKNOWN_TOPIC_OR_PARTITION}
2026-02-28T17:03:43.193+01:00  WARN 42770 --- [notification-service] [ntainer#0-0-C-1] org.apache.kafka.clients.NetworkClient   : [Consumer clientId=consumer-notification-service-1, groupId=notification-service] Error while fetching metadata with correlation id 1849 : {souq.platform.events=UNKNOWN_TOPIC_OR_PARTITION, souq.publisher.events=UNKNOWN_TOPIC_OR_PARTITION}
2026-02-28T17:03:44.044+01:00  WARN 42770 --- [notification-service] [ntainer#0-0-C-1] org.apache.kafka.clients.NetworkClient   : [Consumer clientId=consumer-notification-service-1, groupId=notification-service] Error while fetching metadata with correlation id 1850 : {souq.platform.events=UNKNOWN_TOPIC_OR_PARTITION, souq.publisher.events=UNKNOWN_TOPIC_OR_PARTITION}
2026-02-28T17:03:44.988+01:00  WARN 42770 --- [notification-service] [ntainer#0-0-C-1] org.apache.kafka.clients.NetworkClient   : [Consumer clientId=consumer-notification-service-1, groupId=notification-service] Error while fetching metadata with correlation id 1852 : {souq.platform.events=UNKNOWN_TOPIC_OR_PARTITION, souq.publisher.events=UNKNOWN_TOPIC_OR_PARTITION}
2026-02-28T17:03:45.989+01:00  WARN 42770 --- [notification-service] [ntainer#0-0-C-1] org.apache.kafka.clients.NetworkClient   : [Consumer clientId=consumer-notification-service-1, groupId=notification-service] Error while fetching metadata with correlation id 1853 : {souq.platform.events=UNKNOWN_TOPIC_OR_PARTITION, souq.publisher.events=UNKNOWN_TOPIC_OR_PARTITION}
2026-02-28T17:03:46.870+01:00  WARN 42770 --- [notification-service] [ntainer#0-0-C-1] org.apache.kafka.clients.NetworkClient   : [Consumer clientId=consumer-notification-service-1, groupId=notification-service] Error while fetching metadata with correlation id 1854 : {souq.platform.events=UNKNOWN_TOPIC_OR_PARTITION, souq.publisher.events=UNKNOWN_TOPIC_OR_PARTITION}
2026-02-28T17:03:47.821+01:00  WARN 42770 --- [notification-service] [ntainer#0-0-C-1] org.apache.kafka.clients.NetworkClient   : [Consumer clientId=consumer-notification-service-1, groupId=notification-service] Error while fetching metadata with correlation id 1856 : {souq.platform.events=UNKNOWN_TOPIC_OR_PARTITION, souq.publisher.events=UNKNOWN_TOPIC_OR_PARTITION}
2026-02-28T17:03:48.781+01:00  WARN 42770 --- [notification-service] [ntainer#0-0-C-1] org.apache.kafka.clients.NetworkClient   : [Consumer clientId=consumer-notification-service-1, groupId=notification-service] Error while fetching metadata with correlation id 1857 : {souq.platform.events=UNKNOWN_TOPIC_OR_PARTITION, souq.publisher.events=UNKNOWN_TOPIC_OR_PARTITION}
2026-02-28T17:03:49.687+01:00  WARN 42770 --- [notification-service] [ntainer#0-0-C-1] org.apache.kafka.clients.NetworkClient   : [Consumer clientId=consumer-notification-service-1, groupId=notification-service] Error while fetching metadata with correlation id 1858 : {souq.platform.events=UNKNOWN_TOPIC_OR_PARTITION, souq.publisher.events=UNKNOWN_TOPIC_OR_PARTITION}
2026-02-28T17:03:50.572+01:00  WARN 42770 --- [notification-service] [ntainer#0-0-C-1] org.apache.kafka.clients.NetworkClient   : [Consumer clientId=consumer-notification-service-1, groupId=notification-service] Error while fetching metadata with correlation id 1859 : {souq.platform.events=UNKNOWN_TOPIC_OR_PARTITION, souq.publisher.events=UNKNOWN_TOPIC_OR_PARTITION}
2026-02-28T17:03:51.567+01:00  WARN 42770 --- [notification-service] [ntainer#0-0-C-1] org.apache.kafka.clients.NetworkClient   : [Consumer clientId=consumer-notification-service-1, groupId=notification-service] Error while fetching metadata with correlation id 1861 : {souq.platform.events=UNKNOWN_TOPIC_OR_PARTITION, souq.publisher.events=UNKNOWN_TOPIC_OR_PARTITION}
2026-02-28T17:03:52.568+01:00  WARN 42770 --- [notification-service] [ntainer#0-0-C-1] org.apache.kafka.clients.NetworkClient   : [Consumer clientId=consumer-notification-service-1, groupId=notification-service] Error while fetching metadata with correlation id 1862 : {souq.platform.events=UNKNOWN_TOPIC_OR_PARTITION, souq.publisher.events=UNKNOWN_TOPIC_OR_PARTITION}
2026-02-28T17:03:53.567+01:00  WARN 42770 --- [notification-service] [ntainer#0-0-C-1] org.apache.kafka.clients.NetworkClient   : [Consumer clientId=consumer-notification-service-1, groupId=notification-service] Error while fetching metadata with correlation id 1863 : {souq.platform.events=UNKNOWN_TOPIC_OR_PARTITION, souq.publisher.events=UNKNOWN_TOPIC_OR_PARTITION}
2026-02-28T17:03:54.492+01:00  WARN 42770 --- [notification-service] [ntainer#0-0-C-1] org.apache.kafka.clients.NetworkClient   : [Consumer clientId=consumer-notification-service-1, groupId=notification-service] Error while fetching metadata with correlation id 1865 : {souq.platform.events=UNKNOWN_TOPIC_OR_PARTITION, souq.publisher.events=UNKNOWN_TOPIC_OR_PARTITION}
2026-02-28T17:03:55.458+01:00  WARN 42770 --- [notification-service] [ntainer#0-0-C-1] org.apache.kafka.clients.NetworkClient   : [Consumer clientId=consumer-notification-service-1, groupId=notification-service] Error while fetching metadata with correlation id 1866 : {souq.platform.events=UNKNOWN_TOPIC_OR_PARTITION, souq.publisher.events=UNKNOWN_TOPIC_OR_PARTITION}
2026-02-28T17:03:56.383+01:00  WARN 42770 --- [notification-service] [ntainer#0-0-C-1] org.apache.kafka.clients.NetworkClient   : [Consumer clientId=consumer-notification-service-1, groupId=notification-service] Error while fetching metadata with correlation id 1867 : {souq.platform.events=UNKNOWN_TOPIC_OR_PARTITION, souq.publisher.events=UNKNOWN_TOPIC_OR_PARTITION}
2026-02-28T17:03:57.384+01:00  WARN 42770 --- [notification-service] [ntainer#0-0-C-1] org.apache.kafka.clients.NetworkClient   : [Consumer clientId=consumer-notification-service-1, groupId=notification-service] Error while fetching metadata with correlation id 1869 : {souq.platform.events=UNKNOWN_TOPIC_OR_PARTITION, souq.publisher.events=UNKNOWN_TOPIC_OR_PARTITION}
2026-02-28T17:03:58.288+01:00  WARN 42770 --- [notification-service] [ntainer#0-0-C-1] org.apache.kafka.clients.NetworkClient   : [Consumer clientId=consumer-notification-service-1, groupId=notification-service] Error while fetching metadata with correlation id 1870 : {souq.platform.events=UNKNOWN_TOPIC_OR_PARTITION, souq.publisher.events=UNKNOWN_TOPIC_OR_PARTITION}
2026-02-28T17:03:59.289+01:00  WARN 42770 --- [notification-service] [ntainer#0-0-C-1] org.apache.kafka.clients.NetworkClient   : [Consumer clientId=consumer-notification-service-1, groupId=notification-service] Error while fetching metadata with correlation id 1871 : {souq.platform.events=UNKNOWN_TOPIC_OR_PARTITION, souq.publisher.events=UNKNOWN_TOPIC_OR_PARTITION}
2026-02-28T17:04:00.277+01:00  WARN 42770 --- [notification-service] [ntainer#0-0-C-1] org.apache.kafka.clients.NetworkClient   : [Consumer clientId=consumer-notification-service-1, groupId=notification-service] Error while fetching metadata with correlation id 1873 : {souq.platform.events=UNKNOWN_TOPIC_OR_PARTITION, souq.publisher.events=UNKNOWN_TOPIC_OR_PARTITION}
2026-02-28T17:04:01.217+01:00  WARN 42770 --- [notification-service] [ntainer#0-0-C-1] org.apache.kafka.clients.NetworkClient   : [Consumer clientId=consumer-notification-service-1, groupId=notification-service] Error while fetching metadata with correlation id 1874 : {souq.platform.events=UNKNOWN_TOPIC_OR_PARTITION, souq.publisher.events=UNKNOWN_TOPIC_OR_PARTITION}
2026-02-28T17:04:02.171+01:00  WARN 42770 --- [notification-service] [ntainer#0-0-C-1] org.apache.kafka.clients.NetworkClient   : [Consumer clientId=consumer-notification-service-1, groupId=notification-service] Error while fetching metadata with correlation id 1875 : {souq.platform.events=UNKNOWN_TOPIC_OR_PARTITION, souq.publisher.events=UNKNOWN_TOPIC_OR_PARTITION}
2026-02-28T17:04:03.172+01:00  WARN 42770 --- [notification-service] [ntainer#0-0-C-1] org.apache.kafka.clients.NetworkClient   : [Consumer clientId=consumer-notification-service-1, groupId=notification-service] Error while fetching metadata with correlation id 1877 : {souq.platform.events=UNKNOWN_TOPIC_OR_PARTITION, souq.publisher.events=UNKNOWN_TOPIC_OR_PARTITION}
2026-02-28T17:04:04.173+01:00  WARN 42770 --- [notification-service] [ntainer#0-0-C-1] org.apache.kafka.clients.NetworkClient   : [Consumer clientId=consumer-notification-service-1, groupId=notification-service] Error while fetching metadata with correlation id 1878 : {souq.platform.events=UNKNOWN_TOPIC_OR_PARTITION, souq.publisher.events=UNKNOWN_TOPIC_OR_PARTITION}
2026-02-28T17:04:05.078+01:00  WARN 42770 --- [notification-service] [ntainer#0-0-C-1] org.apache.kafka.clients.NetworkClient   : [Consumer clientId=consumer-notification-service-1, groupId=notification-service] Error while fetching metadata with correlation id 1879 : {souq.platform.events=UNKNOWN_TOPIC_OR_PARTITION, souq.publisher.events=UNKNOWN_TOPIC_OR_PARTITION}
2026-02-28T17:04:05.892+01:00  WARN 42770 --- [notification-service] [ntainer#0-0-C-1] org.apache.kafka.clients.NetworkClient   : [Consumer clientId=consumer-notification-service-1, groupId=notification-service] Error while fetching metadata with correlation id 1881 : {souq.platform.events=UNKNOWN_TOPIC_OR_PARTITION, souq.publisher.events=UNKNOWN_TOPIC_OR_PARTITION}
2026-02-28T17:04:06.879+01:00  WARN 42770 --- [notification-service] [ntainer#0-0-C-1] org.apache.kafka.clients.NetworkClient   : [Consumer clientId=consumer-notification-service-1, groupId=notification-service] Error while fetching metadata with correlation id 1882 : {souq.platform.events=UNKNOWN_TOPIC_OR_PARTITION, souq.publisher.events=UNKNOWN_TOPIC_OR_PARTITION}
2026-02-28T17:04:07.880+01:00  WARN 42770 --- [notification-service] [ntainer#0-0-C-1] org.apache.kafka.clients.NetworkClient   : [Consumer clientId=consumer-notification-service-1, groupId=notification-service] Error while fetching metadata with correlation id 1883 : {souq.platform.events=UNKNOWN_TOPIC_OR_PARTITION, souq.publisher.events=UNKNOWN_TOPIC_OR_PARTITION}
2026-02-28T17:04:08.785+01:00  WARN 42770 --- [notification-service] [ntainer#0-0-C-1] org.apache.kafka.clients.NetworkClient   : [Consumer clientId=consumer-notification-service-1, groupId=notification-service] Error while fetching metadata with correlation id 1884 : {souq.platform.events=UNKNOWN_TOPIC_OR_PARTITION, souq.publisher.events=UNKNOWN_TOPIC_OR_PARTITION}
2026-02-28T17:04:09.786+01:00  WARN 42770 --- [notification-service] [ntainer#0-0-C-1] org.apache.kafka.clients.NetworkClient   : [Consumer clientId=consumer-notification-service-1, groupId=notification-service] Error while fetching metadata with correlation id 1886 : {souq.platform.events=UNKNOWN_TOPIC_OR_PARTITION, souq.publisher.events=UNKNOWN_TOPIC_OR_PARTITION}
2026-02-28T17:04:10.691+01:00  WARN 42770 --- [notification-service] [ntainer#0-0-C-1] org.apache.kafka.clients.NetworkClient   : [Consumer clientId=consumer-notification-service-1, groupId=notification-service] Error while fetching metadata with correlation id 1887 : {souq.platform.events=UNKNOWN_TOPIC_OR_PARTITION, souq.publisher.events=UNKNOWN_TOPIC_OR_PARTITION}
2026-02-28T17:04:11.680+01:00  WARN 42770 --- [notification-service] [ntainer#0-0-C-1] org.apache.kafka.clients.NetworkClient   : [Consumer clientId=consumer-notification-service-1, groupId=notification-service] Error while fetching metadata with correlation id 1888 : {souq.platform.events=UNKNOWN_TOPIC_OR_PARTITION, souq.publisher.events=UNKNOWN_TOPIC_OR_PARTITION}
2026-02-28T17:04:12.681+01:00  WARN 42770 --- [notification-service] [ntainer#0-0-C-1] org.apache.kafka.clients.NetworkClient   : [Consumer clientId=consumer-notification-service-1, groupId=notification-service] Error while fetching metadata with correlation id 1890 : {souq.platform.events=UNKNOWN_TOPIC_OR_PARTITION, souq.publisher.events=UNKNOWN_TOPIC_OR_PARTITION}
2026-02-28T17:04:13.586+01:00  WARN 42770 --- [notification-service] [ntainer#0-0-C-1] org.apache.kafka.clients.NetworkClient   : [Consumer clientId=consumer-notification-service-1, groupId=notification-service] Error while fetching metadata with correlation id 1891 : {souq.platform.events=UNKNOWN_TOPIC_OR_PARTITION, souq.publisher.events=UNKNOWN_TOPIC_OR_PARTITION}
2026-02-28T17:04:14.569+01:00  WARN 42770 --- [notification-service] [ntainer#0-0-C-1] org.apache.kafka.clients.NetworkClient   : [Consumer clientId=consumer-notification-service-1, groupId=notification-service] Error while fetching metadata with correlation id 1892 : {souq.platform.events=UNKNOWN_TOPIC_OR_PARTITION, souq.publisher.events=UNKNOWN_TOPIC_OR_PARTITION}
2026-02-28T17:04:15.570+01:00  WARN 42770 --- [notification-service] [ntainer#0-0-C-1] org.apache.kafka.clients.NetworkClient   : [Consumer clientId=consumer-notification-service-1, groupId=notification-service] Error while fetching metadata with correlation id 1894 : {souq.platform.events=UNKNOWN_TOPIC_OR_PARTITION, souq.publisher.events=UNKNOWN_TOPIC_OR_PARTITION}
2026-02-28T17:04:16.568+01:00  WARN 42770 --- [notification-service] [ntainer#0-0-C-1] org.apache.kafka.clients.NetworkClient   : [Consumer clientId=consumer-notification-service-1, groupId=notification-service] Error while fetching metadata with correlation id 1895 : {souq.platform.events=UNKNOWN_TOPIC_OR_PARTITION, souq.publisher.events=UNKNOWN_TOPIC_OR_PARTITION}
2026-02-28T17:04:17.555+01:00  WARN 42770 --- [notification-service] [ntainer#0-0-C-1] org.apache.kafka.clients.NetworkClient   : [Consumer clientId=consumer-notification-service-1, groupId=notification-service] Error while fetching metadata with correlation id 1896 : {souq.platform.events=UNKNOWN_TOPIC_OR_PARTITION, souq.publisher.events=UNKNOWN_TOPIC_OR_PARTITION}
2026-02-28T17:04:18.494+01:00  WARN 42770 --- [notification-service] [ntainer#0-0-C-1] org.apache.kafka.clients.NetworkClient   : [Consumer clientId=consumer-notification-service-1, groupId=notification-service] Error while fetching metadata with correlation id 1898 : {souq.platform.events=UNKNOWN_TOPIC_OR_PARTITION, souq.publisher.events=UNKNOWN_TOPIC_OR_PARTITION}
2026-02-28T17:04:19.495+01:00  WARN 42770 --- [notification-service] [ntainer#0-0-C-1] org.apache.kafka.clients.NetworkClient   : [Consumer clientId=consumer-notification-service-1, groupId=notification-service] Error while fetching metadata with correlation id 1899 : {souq.platform.events=UNKNOWN_TOPIC_OR_PARTITION, souq.publisher.events=UNKNOWN_TOPIC_OR_PARTITION}
2026-02-28T17:04:20.400+01:00  WARN 42770 --- [notification-service] [ntainer#0-0-C-1] org.apache.kafka.clients.NetworkClient   : [Consumer clientId=consumer-notification-service-1, groupId=notification-service] Error while fetching metadata with correlation id 1900 : {souq.platform.events=UNKNOWN_TOPIC_OR_PARTITION, souq.publisher.events=UNKNOWN_TOPIC_OR_PARTITION}
2026-02-28T17:04:21.306+01:00  WARN 42770 --- [notification-service] [ntainer#0-0-C-1] org.apache.kafka.clients.NetworkClient   : [Consumer clientId=consumer-notification-service-1, groupId=notification-service] Error while fetching metadata with correlation id 1902 : {souq.platform.events=UNKNOWN_TOPIC_OR_PARTITION, souq.publisher.events=UNKNOWN_TOPIC_OR_PARTITION}
2026-02-28T17:04:22.233+01:00  WARN 42770 --- [notification-service] [ntainer#0-0-C-1] org.apache.kafka.clients.NetworkClient   : [Consumer clientId=consumer-notification-service-1, groupId=notification-service] Error while fetching metadata with correlation id 1903 : {souq.platform.events=UNKNOWN_TOPIC_OR_PARTITION, souq.publisher.events=UNKNOWN_TOPIC_OR_PARTITION}
2026-02-28T17:04:23.234+01:00  WARN 42770 --- [notification-service] [ntainer#0-0-C-1] org.apache.kafka.clients.NetworkClient   : [Consumer clientId=consumer-notification-service-1, groupId=notification-service] Error while fetching metadata with correlation id 1904 : {souq.platform.events=UNKNOWN_TOPIC_OR_PARTITION, souq.publisher.events=UNKNOWN_TOPIC_OR_PARTITION}
2026-02-28T17:04:24.196+01:00  WARN 42770 --- [notification-service] [ntainer#0-0-C-1] org.apache.kafka.clients.NetworkClient   : [Consumer clientId=consumer-notification-service-1, groupId=notification-service] Error while fetching metadata with correlation id 1906 : {souq.platform.events=UNKNOWN_TOPIC_OR_PARTITION, souq.publisher.events=UNKNOWN_TOPIC_OR_PARTITION}
2026-02-28T17:04:25.173+01:00  WARN 42770 --- [notification-service] [ntainer#0-0-C-1] org.apache.kafka.clients.NetworkClient   : [Consumer clientId=consumer-notification-service-1, groupId=notification-service] Error while fetching metadata with correlation id 1907 : {souq.platform.events=UNKNOWN_TOPIC_OR_PARTITION, souq.publisher.events=UNKNOWN_TOPIC_OR_PARTITION}
2026-02-28T17:04:26.077+01:00  WARN 42770 --- [notification-service] [ntainer#0-0-C-1] org.apache.kafka.clients.NetworkClient   : [Consumer clientId=consumer-notification-service-1, groupId=notification-service] Error while fetching metadata with correlation id 1908 : {souq.platform.events=UNKNOWN_TOPIC_OR_PARTITION, souq.publisher.events=UNKNOWN_TOPIC_OR_PARTITION}
2026-02-28T17:04:27.078+01:00  WARN 42770 --- [notification-service] [ntainer#0-0-C-1] org.apache.kafka.clients.NetworkClient   : [Consumer clientId=consumer-notification-service-1, groupId=notification-service] Error while fetching metadata with correlation id 1910 : {souq.platform.events=UNKNOWN_TOPIC_OR_PARTITION, souq.publisher.events=UNKNOWN_TOPIC_OR_PARTITION}
2026-02-28T17:04:28.079+01:00  WARN 42770 --- [notification-service] [ntainer#0-0-C-1] org.apache.kafka.clients.NetworkClient   : [Consumer clientId=consumer-notification-service-1, groupId=notification-service] Error while fetching metadata with correlation id 1911 : {souq.platform.events=UNKNOWN_TOPIC_OR_PARTITION, souq.publisher.events=UNKNOWN_TOPIC_OR_PARTITION}
2026-02-28T17:04:28.984+01:00  WARN 42770 --- [notification-service] [ntainer#0-0-C-1] org.apache.kafka.clients.NetworkClient   : [Consumer clientId=consumer-notification-service-1, groupId=notification-service] Error while fetching metadata with correlation id 1912 : {souq.platform.events=UNKNOWN_TOPIC_OR_PARTITION, souq.publisher.events=UNKNOWN_TOPIC_OR_PARTITION}
2026-02-28T17:04:29.930+01:00  WARN 42770 --- [notification-service] [ntainer#0-0-C-1] org.apache.kafka.clients.NetworkClient   : [Consumer clientId=consumer-notification-service-1, groupId=notification-service] Error while fetching metadata with correlation id 1914 : {souq.platform.events=UNKNOWN_TOPIC_OR_PARTITION, souq.publisher.events=UNKNOWN_TOPIC_OR_PARTITION}
2026-02-28T17:04:30.835+01:00  WARN 42770 --- [notification-service] [ntainer#0-0-C-1] org.apache.kafka.clients.NetworkClient   : [Consumer clientId=consumer-notification-service-1, groupId=notification-service] Error while fetching metadata with correlation id 1915 : {souq.platform.events=UNKNOWN_TOPIC_OR_PARTITION, souq.publisher.events=UNKNOWN_TOPIC_OR_PARTITION}
2026-02-28T17:04:31.771+01:00  WARN 42770 --- [notification-service] [ntainer#0-0-C-1] org.apache.kafka.clients.NetworkClient   : [Consumer clientId=consumer-notification-service-1, groupId=notification-service] Error while fetching metadata with correlation id 1916 : {souq.platform.events=UNKNOWN_TOPIC_OR_PARTITION, souq.publisher.events=UNKNOWN_TOPIC_OR_PARTITION}
2026-02-28T17:04:32.772+01:00  WARN 42770 --- [notification-service] [ntainer#0-0-C-1] org.apache.kafka.clients.NetworkClient   : [Consumer clientId=consumer-notification-service-1, groupId=notification-service] Error while fetching metadata with correlation id 1917 : {souq.platform.events=UNKNOWN_TOPIC_OR_PARTITION, souq.publisher.events=UNKNOWN_TOPIC_OR_PARTITION}
2026-02-28T17:04:33.756+01:00  WARN 42770 --- [notification-service] [ntainer#0-0-C-1] org.apache.kafka.clients.NetworkClient   : [Consumer clientId=consumer-notification-service-1, groupId=notification-service] Error while fetching metadata with correlation id 1919 : {souq.platform.events=UNKNOWN_TOPIC_OR_PARTITION, souq.publisher.events=UNKNOWN_TOPIC_OR_PARTITION}
2026-02-28T17:04:34.661+01:00  WARN 42770 --- [notification-service] [ntainer#0-0-C-1] org.apache.kafka.clients.NetworkClient   : [Consumer clientId=consumer-notification-service-1, groupId=notification-service] Error while fetching metadata with correlation id 1920 : {souq.platform.events=UNKNOWN_TOPIC_OR_PARTITION, souq.publisher.events=UNKNOWN_TOPIC_OR_PARTITION}
2026-02-28T17:04:35.662+01:00  WARN 42770 --- [notification-service] [ntainer#0-0-C-1] org.apache.kafka.clients.NetworkClient   : [Consumer clientId=consumer-notification-service-1, groupId=notification-service] Error while fetching metadata with correlation id 1921 : {souq.platform.events=UNKNOWN_TOPIC_OR_PARTITION, souq.publisher.events=UNKNOWN_TOPIC_OR_PARTITION}
2026-02-28T17:04:36.498+01:00  WARN 42770 --- [notification-service] [ntainer#0-0-C-1] org.apache.kafka.clients.NetworkClient   : [Consumer clientId=consumer-notification-service-1, groupId=notification-service] Error while fetching metadata with correlation id 1923 : {souq.platform.events=UNKNOWN_TOPIC_OR_PARTITION, souq.publisher.events=UNKNOWN_TOPIC_OR_PARTITION}
2026-02-28T17:04:37.476+01:00  WARN 42770 --- [notification-service] [ntainer#0-0-C-1] org.apache.kafka.clients.NetworkClient   : [Consumer clientId=consumer-notification-service-1, groupId=notification-service] Error while fetching metadata with correlation id 1924 : {souq.platform.events=UNKNOWN_TOPIC_OR_PARTITION, souq.publisher.events=UNKNOWN_TOPIC_OR_PARTITION}
2026-02-28T17:04:38.415+01:00  WARN 42770 --- [notification-service] [ntainer#0-0-C-1] org.apache.kafka.clients.NetworkClient   : [Consumer clientId=consumer-notification-service-1, groupId=notification-service] Error while fetching metadata with correlation id 1925 : {souq.platform.events=UNKNOWN_TOPIC_OR_PARTITION, souq.publisher.events=UNKNOWN_TOPIC_OR_PARTITION}
2026-02-28T17:04:39.298+01:00  WARN 42770 --- [notification-service] [ntainer#0-0-C-1] org.apache.kafka.clients.NetworkClient   : [Consumer clientId=consumer-notification-service-1, groupId=notification-service] Error while fetching metadata with correlation id 1927 : {souq.platform.events=UNKNOWN_TOPIC_OR_PARTITION, souq.publisher.events=UNKNOWN_TOPIC_OR_PARTITION}
2026-02-28T17:04:40.197+01:00  WARN 42770 --- [notification-service] [ntainer#0-0-C-1] org.apache.kafka.clients.NetworkClient   : [Consumer clientId=consumer-notification-service-1, groupId=notification-service] Error while fetching metadata with correlation id 1928 : {souq.platform.events=UNKNOWN_TOPIC_OR_PARTITION, souq.publisher.events=UNKNOWN_TOPIC_OR_PARTITION}
2026-02-28T17:04:41.198+01:00  WARN 42770 --- [notification-service] [ntainer#0-0-C-1] org.apache.kafka.clients.NetworkClient   : [Consumer clientId=consumer-notification-service-1, groupId=notification-service] Error while fetching metadata with correlation id 1929 : {souq.platform.events=UNKNOWN_TOPIC_OR_PARTITION, souq.publisher.events=UNKNOWN_TOPIC_OR_PARTITION}
2026-02-28T17:04:42.097+01:00  WARN 42770 --- [notification-service] [ntainer#0-0-C-1] org.apache.kafka.clients.NetworkClient   : [Consumer clientId=consumer-notification-service-1, groupId=notification-service] Error while fetching metadata with correlation id 1931 : {souq.platform.events=UNKNOWN_TOPIC_OR_PARTITION, souq.publisher.events=UNKNOWN_TOPIC_OR_PARTITION}
2026-02-28T17:04:43.098+01:00  WARN 42770 --- [notification-service] [ntainer#0-0-C-1] org.apache.kafka.clients.NetworkClient   : [Consumer clientId=consumer-notification-service-1, groupId=notification-service] Error while fetching metadata with correlation id 1932 : {souq.platform.events=UNKNOWN_TOPIC_OR_PARTITION, souq.publisher.events=UNKNOWN_TOPIC_OR_PARTITION}
2026-02-28T17:04:44.099+01:00  WARN 42770 --- [notification-service] [ntainer#0-0-C-1] org.apache.kafka.clients.NetworkClient   : [Consumer clientId=consumer-notification-service-1, groupId=notification-service] Error while fetching metadata with correlation id 1933 : {souq.platform.events=UNKNOWN_TOPIC_OR_PARTITION, souq.publisher.events=UNKNOWN_TOPIC_OR_PARTITION}
2026-02-28T17:04:45.100+01:00  WARN 42770 --- [notification-service] [ntainer#0-0-C-1] org.apache.kafka.clients.NetworkClient   : [Consumer clientId=consumer-notification-service-1, groupId=notification-service] Error while fetching metadata with correlation id 1935 : {souq.platform.events=UNKNOWN_TOPIC_OR_PARTITION, souq.publisher.events=UNKNOWN_TOPIC_OR_PARTITION}
2026-02-28T17:04:46.100+01:00  WARN 42770 --- [notification-service] [ntainer#0-0-C-1] org.apache.kafka.clients.NetworkClient   : [Consumer clientId=consumer-notification-service-1, groupId=notification-service] Error while fetching metadata with correlation id 1936 : {souq.platform.events=UNKNOWN_TOPIC_OR_PARTITION, souq.publisher.events=UNKNOWN_TOPIC_OR_PARTITION}
2026-02-28T17:04:47.077+01:00  WARN 42770 --- [notification-service] [ntainer#0-0-C-1] org.apache.kafka.clients.NetworkClient   : [Consumer clientId=consumer-notification-service-1, groupId=notification-service] Error while fetching metadata with correlation id 1937 : {souq.platform.events=UNKNOWN_TOPIC_OR_PARTITION, souq.publisher.events=UNKNOWN_TOPIC_OR_PARTITION}
2026-02-28T17:04:47.896+01:00  WARN 42770 --- [notification-service] [ntainer#0-0-C-1] org.apache.kafka.clients.NetworkClient   : [Consumer clientId=consumer-notification-service-1, groupId=notification-service] Error while fetching metadata with correlation id 1939 : {souq.platform.events=UNKNOWN_TOPIC_OR_PARTITION, souq.publisher.events=UNKNOWN_TOPIC_OR_PARTITION}
2026-02-28T17:04:48.897+01:00  WARN 42770 --- [notification-service] [ntainer#0-0-C-1] org.apache.kafka.clients.NetworkClient   : [Consumer clientId=consumer-notification-service-1, groupId=notification-service] Error while fetching metadata with correlation id 1940 : {souq.platform.events=UNKNOWN_TOPIC_OR_PARTITION, souq.publisher.events=UNKNOWN_TOPIC_OR_PARTITION}
2026-02-28T17:04:49.802+01:00  WARN 42770 --- [notification-service] [ntainer#0-0-C-1] org.apache.kafka.clients.NetworkClient   : [Consumer clientId=consumer-notification-service-1, groupId=notification-service] Error while fetching metadata with correlation id 1941 : {souq.platform.events=UNKNOWN_TOPIC_OR_PARTITION, souq.publisher.events=UNKNOWN_TOPIC_OR_PARTITION}
2026-02-28T17:04:50.709+01:00  WARN 42770 --- [notification-service] [ntainer#0-0-C-1] org.apache.kafka.clients.NetworkClient   : [Consumer clientId=consumer-notification-service-1, groupId=notification-service] Error while fetching metadata with correlation id 1942 : {souq.platform.events=UNKNOWN_TOPIC_OR_PARTITION, souq.publisher.events=UNKNOWN_TOPIC_OR_PARTITION}
2026-02-28T17:04:51.710+01:00  WARN 42770 --- [notification-service] [ntainer#0-0-C-1] org.apache.kafka.clients.NetworkClient   : [Consumer clientId=consumer-notification-service-1, groupId=notification-service] Error while fetching metadata with correlation id 1944 : {souq.platform.events=UNKNOWN_TOPIC_OR_PARTITION, souq.publisher.events=UNKNOWN_TOPIC_OR_PARTITION}
2026-02-28T17:04:52.641+01:00  WARN 42770 --- [notification-service] [ntainer#0-0-C-1] org.apache.kafka.clients.NetworkClient   : [Consumer clientId=consumer-notification-service-1, groupId=notification-service] Error while fetching metadata with correlation id 1945 : {souq.platform.events=UNKNOWN_TOPIC_OR_PARTITION, souq.publisher.events=UNKNOWN_TOPIC_OR_PARTITION}
2026-02-28T17:04:53.546+01:00  WARN 42770 --- [notification-service] [ntainer#0-0-C-1] org.apache.kafka.clients.NetworkClient   : [Consumer clientId=consumer-notification-service-1, groupId=notification-service] Error while fetching metadata with correlation id 1946 : {souq.platform.events=UNKNOWN_TOPIC_OR_PARTITION, souq.publisher.events=UNKNOWN_TOPIC_OR_PARTITION}
2026-02-28T17:04:54.546+01:00  WARN 42770 --- [notification-service] [ntainer#0-0-C-1] org.apache.kafka.clients.NetworkClient   : [Consumer clientId=consumer-notification-service-1, groupId=notification-service] Error while fetching metadata with correlation id 1948 : {souq.platform.events=UNKNOWN_TOPIC_OR_PARTITION, souq.publisher.events=UNKNOWN_TOPIC_OR_PARTITION}
2026-02-28T17:04:55.451+01:00  WARN 42770 --- [notification-service] [ntainer#0-0-C-1] org.apache.kafka.clients.NetworkClient   : [Consumer clientId=consumer-notification-service-1, groupId=notification-service] Error while fetching metadata with correlation id 1949 : {souq.platform.events=UNKNOWN_TOPIC_OR_PARTITION, souq.publisher.events=UNKNOWN_TOPIC_OR_PARTITION}
2026-02-28T17:04:56.452+01:00  WARN 42770 --- [notification-service] [ntainer#0-0-C-1] org.apache.kafka.clients.NetworkClient   : [Consumer clientId=consumer-notification-service-1, groupId=notification-service] Error while fetching metadata with correlation id 1950 : {souq.platform.events=UNKNOWN_TOPIC_OR_PARTITION, souq.publisher.events=UNKNOWN_TOPIC_OR_PARTITION}
2026-02-28T17:04:57.399+01:00  WARN 42770 --- [notification-service] [ntainer#0-0-C-1] org.apache.kafka.clients.NetworkClient   : [Consumer clientId=consumer-notification-service-1, groupId=notification-service] Error while fetching metadata with correlation id 1952 : {souq.platform.events=UNKNOWN_TOPIC_OR_PARTITION, souq.publisher.events=UNKNOWN_TOPIC_OR_PARTITION}
2026-02-28T17:04:58.305+01:00  WARN 42770 --- [notification-service] [ntainer#0-0-C-1] org.apache.kafka.clients.NetworkClient   : [Consumer clientId=consumer-notification-service-1, groupId=notification-service] Error while fetching metadata with correlation id 1953 : {souq.platform.events=UNKNOWN_TOPIC_OR_PARTITION, souq.publisher.events=UNKNOWN_TOPIC_OR_PARTITION}
2026-02-28T17:04:59.242+01:00  WARN 42770 --- [notification-service] [ntainer#0-0-C-1] org.apache.kafka.clients.NetworkClient   : [Consumer clientId=consumer-notification-service-1, groupId=notification-service] Error while fetching metadata with correlation id 1954 : {souq.platform.events=UNKNOWN_TOPIC_OR_PARTITION, souq.publisher.events=UNKNOWN_TOPIC_OR_PARTITION}
2026-02-28T17:05:00.098+01:00  WARN 42770 --- [notification-service] [ntainer#0-0-C-1] org.apache.kafka.clients.NetworkClient   : [Consumer clientId=consumer-notification-service-1, groupId=notification-service] Error while fetching metadata with correlation id 1956 : {souq.platform.events=UNKNOWN_TOPIC_OR_PARTITION, souq.publisher.events=UNKNOWN_TOPIC_OR_PARTITION}
2026-02-28T17:05:01.098+01:00  WARN 42770 --- [notification-service] [ntainer#0-0-C-1] org.apache.kafka.clients.NetworkClient   : [Consumer clientId=consumer-notification-service-1, groupId=notification-service] Error while fetching metadata with correlation id 1957 : {souq.platform.events=UNKNOWN_TOPIC_OR_PARTITION, souq.publisher.events=UNKNOWN_TOPIC_OR_PARTITION}
2026-02-28T17:05:02.098+01:00  WARN 42770 --- [notification-service] [ntainer#0-0-C-1] org.apache.kafka.clients.NetworkClient   : [Consumer clientId=consumer-notification-service-1, groupId=notification-service] Error while fetching metadata with correlation id 1958 : {souq.platform.events=UNKNOWN_TOPIC_OR_PARTITION, souq.publisher.events=UNKNOWN_TOPIC_OR_PARTITION}
2026-02-28T17:05:02.972+01:00  WARN 42770 --- [notification-service] [ntainer#0-0-C-1] org.apache.kafka.clients.NetworkClient   : [Consumer clientId=consumer-notification-service-1, groupId=notification-service] Error while fetching metadata with correlation id 1960 : {souq.platform.events=UNKNOWN_TOPIC_OR_PARTITION, souq.publisher.events=UNKNOWN_TOPIC_OR_PARTITION}
2026-02-28T17:05:03.931+01:00  WARN 42770 --- [notification-service] [ntainer#0-0-C-1] org.apache.kafka.clients.NetworkClient   : [Consumer clientId=consumer-notification-service-1, groupId=notification-service] Error while fetching metadata with correlation id 1961 : {souq.platform.events=UNKNOWN_TOPIC_OR_PARTITION, souq.publisher.events=UNKNOWN_TOPIC_OR_PARTITION}
2026-02-28T17:05:04.833+01:00  WARN 42770 --- [notification-service] [ntainer#0-0-C-1] org.apache.kafka.clients.NetworkClient   : [Consumer clientId=consumer-notification-service-1, groupId=notification-service] Error while fetching metadata with correlation id 1962 : {souq.platform.events=UNKNOWN_TOPIC_OR_PARTITION, souq.publisher.events=UNKNOWN_TOPIC_OR_PARTITION}
2026-02-28T17:05:05.798+01:00  WARN 42770 --- [notification-service] [ntainer#0-0-C-1] org.apache.kafka.clients.NetworkClient   : [Consumer clientId=consumer-notification-service-1, groupId=notification-service] Error while fetching metadata with correlation id 1964 : {souq.platform.events=UNKNOWN_TOPIC_OR_PARTITION, souq.publisher.events=UNKNOWN_TOPIC_OR_PARTITION}
2026-02-28T17:05:06.771+01:00  WARN 42770 --- [notification-service] [ntainer#0-0-C-1] org.apache.kafka.clients.NetworkClient   : [Consumer clientId=consumer-notification-service-1, groupId=notification-service] Error while fetching metadata with correlation id 1965 : {souq.platform.events=UNKNOWN_TOPIC_OR_PARTITION, souq.publisher.events=UNKNOWN_TOPIC_OR_PARTITION}
2026-02-28T17:05:07.772+01:00  WARN 42770 --- [notification-service] [ntainer#0-0-C-1] org.apache.kafka.clients.NetworkClient   : [Consumer clientId=consumer-notification-service-1, groupId=notification-service] Error while fetching metadata with correlation id 1966 : {souq.platform.events=UNKNOWN_TOPIC_OR_PARTITION, souq.publisher.events=UNKNOWN_TOPIC_OR_PARTITION}
2026-02-28T17:05:08.773+01:00  WARN 42770 --- [notification-service] [ntainer#0-0-C-1] org.apache.kafka.clients.NetworkClient   : [Consumer clientId=consumer-notification-service-1, groupId=notification-service] Error while fetching metadata with correlation id 1967 : {souq.platform.events=UNKNOWN_TOPIC_OR_PARTITION, souq.publisher.events=UNKNOWN_TOPIC_OR_PARTITION}
2026-02-28T17:05:09.602+01:00  WARN 42770 --- [notification-service] [ntainer#0-0-C-1] org.apache.kafka.clients.NetworkClient   : [Consumer clientId=consumer-notification-service-1, groupId=notification-service] Error while fetching metadata with correlation id 1969 : {souq.platform.events=UNKNOWN_TOPIC_OR_PARTITION, souq.publisher.events=UNKNOWN_TOPIC_OR_PARTITION}
2026-02-28T17:05:10.508+01:00  WARN 42770 --- [notification-service] [ntainer#0-0-C-1] org.apache.kafka.clients.NetworkClient   : [Consumer clientId=consumer-notification-service-1, groupId=notification-service] Error while fetching metadata with correlation id 1970 : {souq.platform.events=UNKNOWN_TOPIC_OR_PARTITION, souq.publisher.events=UNKNOWN_TOPIC_OR_PARTITION}
2026-02-28T17:05:11.413+01:00  WARN 42770 --- [notification-service] [ntainer#0-0-C-1] org.apache.kafka.clients.NetworkClient   : [Consumer clientId=consumer-notification-service-1, groupId=notification-service] Error while fetching metadata with correlation id 1971 : {souq.platform.events=UNKNOWN_TOPIC_OR_PARTITION, souq.publisher.events=UNKNOWN_TOPIC_OR_PARTITION}
2026-02-28T17:05:12.300+01:00  WARN 42770 --- [notification-service] [ntainer#0-0-C-1] org.apache.kafka.clients.NetworkClient   : [Consumer clientId=consumer-notification-service-1, groupId=notification-service] Error while fetching metadata with correlation id 1973 : {souq.platform.events=UNKNOWN_TOPIC_OR_PARTITION, souq.publisher.events=UNKNOWN_TOPIC_OR_PARTITION}
2026-02-28T17:05:13.301+01:00  WARN 42770 --- [notification-service] [ntainer#0-0-C-1] org.apache.kafka.clients.NetworkClient   : [Consumer clientId=consumer-notification-service-1, groupId=notification-service] Error while fetching metadata with correlation id 1974 : {souq.platform.events=UNKNOWN_TOPIC_OR_PARTITION, souq.publisher.events=UNKNOWN_TOPIC_OR_PARTITION}
2026-02-28T17:05:14.301+01:00  WARN 42770 --- [notification-service] [ntainer#0-0-C-1] org.apache.kafka.clients.NetworkClient   : [Consumer clientId=consumer-notification-service-1, groupId=notification-service] Error while fetching metadata with correlation id 1975 : {souq.platform.events=UNKNOWN_TOPIC_OR_PARTITION, souq.publisher.events=UNKNOWN_TOPIC_OR_PARTITION}
2026-02-28T17:05:15.292+01:00  WARN 42770 --- [notification-service] [ntainer#0-0-C-1] org.apache.kafka.clients.NetworkClient   : [Consumer clientId=consumer-notification-service-1, groupId=notification-service] Error while fetching metadata with correlation id 1977 : {souq.platform.events=UNKNOWN_TOPIC_OR_PARTITION, souq.publisher.events=UNKNOWN_TOPIC_OR_PARTITION}
2026-02-28T17:05:16.267+01:00  WARN 42770 --- [notification-service] [ntainer#0-0-C-1] org.apache.kafka.clients.NetworkClient   : [Consumer clientId=consumer-notification-service-1, groupId=notification-service] Error while fetching metadata with correlation id 1978 : {souq.platform.events=UNKNOWN_TOPIC_OR_PARTITION, souq.publisher.events=UNKNOWN_TOPIC_OR_PARTITION}
2026-02-28T17:05:17.176+01:00  WARN 42770 --- [notification-service] [ntainer#0-0-C-1] org.apache.kafka.clients.NetworkClient   : [Consumer clientId=consumer-notification-service-1, groupId=notification-service] Error while fetching metadata with correlation id 1979 : {souq.platform.events=UNKNOWN_TOPIC_OR_PARTITION, souq.publisher.events=UNKNOWN_TOPIC_OR_PARTITION}
2026-02-28T17:05:18.100+01:00  WARN 42770 --- [notification-service] [ntainer#0-0-C-1] org.apache.kafka.clients.NetworkClient   : [Consumer clientId=consumer-notification-service-1, groupId=notification-service] Error while fetching metadata with correlation id 1981 : {souq.platform.events=UNKNOWN_TOPIC_OR_PARTITION, souq.publisher.events=UNKNOWN_TOPIC_OR_PARTITION}
2026-02-28T17:05:19.005+01:00  WARN 42770 --- [notification-service] [ntainer#0-0-C-1] org.apache.kafka.clients.NetworkClient   : [Consumer clientId=consumer-notification-service-1, groupId=notification-service] Error while fetching metadata with correlation id 1982 : {souq.platform.events=UNKNOWN_TOPIC_OR_PARTITION, souq.publisher.events=UNKNOWN_TOPIC_OR_PARTITION}
2026-02-28T17:05:20.006+01:00  WARN 42770 --- [notification-service] [ntainer#0-0-C-1] org.apache.kafka.clients.NetworkClient   : [Consumer clientId=consumer-notification-service-1, groupId=notification-service] Error while fetching metadata with correlation id 1983 : {souq.platform.events=UNKNOWN_TOPIC_OR_PARTITION, souq.publisher.events=UNKNOWN_TOPIC_OR_PARTITION}
2026-02-28T17:05:21.005+01:00  WARN 42770 --- [notification-service] [ntainer#0-0-C-1] org.apache.kafka.clients.NetworkClient   : [Consumer clientId=consumer-notification-service-1, groupId=notification-service] Error while fetching metadata with correlation id 1985 : {souq.platform.events=UNKNOWN_TOPIC_OR_PARTITION, souq.publisher.events=UNKNOWN_TOPIC_OR_PARTITION}
2026-02-28T17:05:21.977+01:00  WARN 42770 --- [notification-service] [ntainer#0-0-C-1] org.apache.kafka.clients.NetworkClient   : [Consumer clientId=consumer-notification-service-1, groupId=notification-service] Error while fetching metadata with correlation id 1986 : {souq.platform.events=UNKNOWN_TOPIC_OR_PARTITION, souq.publisher.events=UNKNOWN_TOPIC_OR_PARTITION}
2026-02-28T17:05:22.895+01:00  WARN 42770 --- [notification-service] [ntainer#0-0-C-1] org.apache.kafka.clients.NetworkClient   : [Consumer clientId=consumer-notification-service-1, groupId=notification-service] Error while fetching metadata with correlation id 1987 : {souq.platform.events=UNKNOWN_TOPIC_OR_PARTITION, souq.publisher.events=UNKNOWN_TOPIC_OR_PARTITION}
2026-02-28T17:05:23.799+01:00  WARN 42770 --- [notification-service] [ntainer#0-0-C-1] org.apache.kafka.clients.NetworkClient   : [Consumer clientId=consumer-notification-service-1, groupId=notification-service] Error while fetching metadata with correlation id 1989 : {souq.platform.events=UNKNOWN_TOPIC_OR_PARTITION, souq.publisher.events=UNKNOWN_TOPIC_OR_PARTITION}
2026-02-28T17:05:24.799+01:00  WARN 42770 --- [notification-service] [ntainer#0-0-C-1] org.apache.kafka.clients.NetworkClient   : [Consumer clientId=consumer-notification-service-1, groupId=notification-service] Error while fetching metadata with correlation id 1990 : {souq.platform.events=UNKNOWN_TOPIC_OR_PARTITION, souq.publisher.events=UNKNOWN_TOPIC_OR_PARTITION}
2026-02-28T17:05:25.705+01:00  WARN 42770 --- [notification-service] [ntainer#0-0-C-1] org.apache.kafka.clients.NetworkClient   : [Consumer clientId=consumer-notification-service-1, groupId=notification-service] Error while fetching metadata with correlation id 1991 : {souq.platform.events=UNKNOWN_TOPIC_OR_PARTITION, souq.publisher.events=UNKNOWN_TOPIC_OR_PARTITION}
2026-02-28T17:05:26.675+01:00  WARN 42770 --- [notification-service] [ntainer#0-0-C-1] org.apache.kafka.clients.NetworkClient   : [Consumer clientId=consumer-notification-service-1, groupId=notification-service] Error while fetching metadata with correlation id 1992 : {souq.platform.events=UNKNOWN_TOPIC_OR_PARTITION, souq.publisher.events=UNKNOWN_TOPIC_OR_PARTITION}
2026-02-28T17:05:27.605+01:00  WARN 42770 --- [notification-service] [ntainer#0-0-C-1] org.apache.kafka.clients.NetworkClient   : [Consumer clientId=consumer-notification-service-1, groupId=notification-service] Error while fetching metadata with correlation id 1994 : {souq.platform.events=UNKNOWN_TOPIC_OR_PARTITION, souq.publisher.events=UNKNOWN_TOPIC_OR_PARTITION}
2026-02-28T17:05:28.606+01:00  WARN 42770 --- [notification-service] [ntainer#0-0-C-1] org.apache.kafka.clients.NetworkClient   : [Consumer clientId=consumer-notification-service-1, groupId=notification-service] Error while fetching metadata with correlation id 1995 : {souq.platform.events=UNKNOWN_TOPIC_OR_PARTITION, souq.publisher.events=UNKNOWN_TOPIC_OR_PARTITION}
2026-02-28T17:05:29.527+01:00  WARN 42770 --- [notification-service] [ntainer#0-0-C-1] org.apache.kafka.clients.NetworkClient   : [Consumer clientId=consumer-notification-service-1, groupId=notification-service] Error while fetching metadata with correlation id 1996 : {souq.platform.events=UNKNOWN_TOPIC_OR_PARTITION, souq.publisher.events=UNKNOWN_TOPIC_OR_PARTITION}
2026-02-28T17:05:30.406+01:00  WARN 42770 --- [notification-service] [ntainer#0-0-C-1] org.apache.kafka.clients.NetworkClient   : [Consumer clientId=consumer-notification-service-1, groupId=notification-service] Error while fetching metadata with correlation id 1998 : {souq.platform.events=UNKNOWN_TOPIC_OR_PARTITION, souq.publisher.events=UNKNOWN_TOPIC_OR_PARTITION}
2026-02-28T17:05:31.407+01:00  WARN 42770 --- [notification-service] [ntainer#0-0-C-1] org.apache.kafka.clients.NetworkClient   : [Consumer clientId=consumer-notification-service-1, groupId=notification-service] Error while fetching metadata with correlation id 1999 : {souq.platform.events=UNKNOWN_TOPIC_OR_PARTITION, souq.publisher.events=UNKNOWN_TOPIC_OR_PARTITION}
2026-02-28T17:05:32.408+01:00  WARN 42770 --- [notification-service] [ntainer#0-0-C-1] org.apache.kafka.clients.NetworkClient   : [Consumer clientId=consumer-notification-service-1, groupId=notification-service] Error while fetching metadata with correlation id 2000 : {souq.platform.events=UNKNOWN_TOPIC_OR_PARTITION, souq.publisher.events=UNKNOWN_TOPIC_OR_PARTITION}
2026-02-28T17:05:33.405+01:00  WARN 42770 --- [notification-service] [ntainer#0-0-C-1] org.apache.kafka.clients.NetworkClient   : [Consumer clientId=consumer-notification-service-1, groupId=notification-service] Error while fetching metadata with correlation id 2002 : {souq.platform.events=UNKNOWN_TOPIC_OR_PARTITION, souq.publisher.events=UNKNOWN_TOPIC_OR_PARTITION}
2026-02-28T17:05:34.405+01:00  WARN 42770 --- [notification-service] [ntainer#0-0-C-1] org.apache.kafka.clients.NetworkClient   : [Consumer clientId=consumer-notification-service-1, groupId=notification-service] Error while fetching metadata with correlation id 2003 : {souq.platform.events=UNKNOWN_TOPIC_OR_PARTITION, souq.publisher.events=UNKNOWN_TOPIC_OR_PARTITION}
2026-02-28T17:05:35.406+01:00  WARN 42770 --- [notification-service] [ntainer#0-0-C-1] org.apache.kafka.clients.NetworkClient   : [Consumer clientId=consumer-notification-service-1, groupId=notification-service] Error while fetching metadata with correlation id 2004 : {souq.platform.events=UNKNOWN_TOPIC_OR_PARTITION, souq.publisher.events=UNKNOWN_TOPIC_OR_PARTITION}
2026-02-28T17:05:36.407+01:00  WARN 42770 --- [notification-service] [ntainer#0-0-C-1] org.apache.kafka.clients.NetworkClient   : [Consumer clientId=consumer-notification-service-1, groupId=notification-service] Error while fetching metadata with correlation id 2006 : {souq.platform.events=UNKNOWN_TOPIC_OR_PARTITION, souq.publisher.events=UNKNOWN_TOPIC_OR_PARTITION}
2026-02-28T17:05:37.408+01:00  WARN 42770 --- [notification-service] [ntainer#0-0-C-1] org.apache.kafka.clients.NetworkClient   : [Consumer clientId=consumer-notification-service-1, groupId=notification-service] Error while fetching metadata with correlation id 2007 : {souq.platform.events=UNKNOWN_TOPIC_OR_PARTITION, souq.publisher.events=UNKNOWN_TOPIC_OR_PARTITION}
2026-02-28T17:05:38.313+01:00  WARN 42770 --- [notification-service] [ntainer#0-0-C-1] org.apache.kafka.clients.NetworkClient   : [Consumer clientId=consumer-notification-service-1, groupId=notification-service] Error while fetching metadata with correlation id 2008 : {souq.platform.events=UNKNOWN_TOPIC_OR_PARTITION, souq.publisher.events=UNKNOWN_TOPIC_OR_PARTITION}
2026-02-28T17:05:39.308+01:00  WARN 42770 --- [notification-service] [ntainer#0-0-C-1] org.apache.kafka.clients.NetworkClient   : [Consumer clientId=consumer-notification-service-1, groupId=notification-service] Error while fetching metadata with correlation id 2010 : {souq.platform.events=UNKNOWN_TOPIC_OR_PARTITION, souq.publisher.events=UNKNOWN_TOPIC_OR_PARTITION}
2026-02-28T17:05:40.309+01:00  WARN 42770 --- [notification-service] [ntainer#0-0-C-1] org.apache.kafka.clients.NetworkClient   : [Consumer clientId=consumer-notification-service-1, groupId=notification-service] Error while fetching metadata with correlation id 2011 : {souq.platform.events=UNKNOWN_TOPIC_OR_PARTITION, souq.publisher.events=UNKNOWN_TOPIC_OR_PARTITION}
2026-02-28T17:05:41.198+01:00  WARN 42770 --- [notification-service] [ntainer#0-0-C-1] org.apache.kafka.clients.NetworkClient   : [Consumer clientId=consumer-notification-service-1, groupId=notification-service] Error while fetching metadata with correlation id 2012 : {souq.platform.events=UNKNOWN_TOPIC_OR_PARTITION, souq.publisher.events=UNKNOWN_TOPIC_OR_PARTITION}
2026-02-28T17:05:42.199+01:00  WARN 42770 --- [notification-service] [ntainer#0-0-C-1] org.apache.kafka.clients.NetworkClient   : [Consumer clientId=consumer-notification-service-1, groupId=notification-service] Error while fetching metadata with correlation id 2014 : {souq.platform.events=UNKNOWN_TOPIC_OR_PARTITION, souq.publisher.events=UNKNOWN_TOPIC_OR_PARTITION}
2026-02-28T17:05:43.199+01:00  WARN 42770 --- [notification-service] [ntainer#0-0-C-1] org.apache.kafka.clients.NetworkClient   : [Consumer clientId=consumer-notification-service-1, groupId=notification-service] Error while fetching metadata with correlation id 2015 : {souq.platform.events=UNKNOWN_TOPIC_OR_PARTITION, souq.publisher.events=UNKNOWN_TOPIC_OR_PARTITION}
2026-02-28T17:05:44.104+01:00  WARN 42770 --- [notification-service] [ntainer#0-0-C-1] org.apache.kafka.clients.NetworkClient   : [Consumer clientId=consumer-notification-service-1, groupId=notification-service] Error while fetching metadata with correlation id 2016 : {souq.platform.events=UNKNOWN_TOPIC_OR_PARTITION, souq.publisher.events=UNKNOWN_TOPIC_OR_PARTITION}
2026-02-28T17:05:45.105+01:00  WARN 42770 --- [notification-service] [ntainer#0-0-C-1] org.apache.kafka.clients.NetworkClient   : [Consumer clientId=consumer-notification-service-1, groupId=notification-service] Error while fetching metadata with correlation id 2018 : {souq.platform.events=UNKNOWN_TOPIC_OR_PARTITION, souq.publisher.events=UNKNOWN_TOPIC_OR_PARTITION}
2026-02-28T17:05:46.026+01:00  WARN 42770 --- [notification-service] [ntainer#0-0-C-1] org.apache.kafka.clients.NetworkClient   : [Consumer clientId=consumer-notification-service-1, groupId=notification-service] Error while fetching metadata with correlation id 2019 : {souq.platform.events=UNKNOWN_TOPIC_OR_PARTITION, souq.publisher.events=UNKNOWN_TOPIC_OR_PARTITION}
2026-02-28T17:05:46.878+01:00  WARN 42770 --- [notification-service] [ntainer#0-0-C-1] org.apache.kafka.clients.NetworkClient   : [Consumer clientId=consumer-notification-service-1, groupId=notification-service] Error while fetching metadata with correlation id 2020 : {souq.platform.events=UNKNOWN_TOPIC_OR_PARTITION, souq.publisher.events=UNKNOWN_TOPIC_OR_PARTITION}
2026-02-28T17:05:47.878+01:00  WARN 42770 --- [notification-service] [ntainer#0-0-C-1] org.apache.kafka.clients.NetworkClient   : [Consumer clientId=consumer-notification-service-1, groupId=notification-service] Error while fetching metadata with correlation id 2022 : {souq.platform.events=UNKNOWN_TOPIC_OR_PARTITION, souq.publisher.events=UNKNOWN_TOPIC_OR_PARTITION}
2026-02-28T17:05:48.878+01:00  WARN 42770 --- [notification-service] [ntainer#0-0-C-1] org.apache.kafka.clients.NetworkClient   : [Consumer clientId=consumer-notification-service-1, groupId=notification-service] Error while fetching metadata with correlation id 2023 : {souq.platform.events=UNKNOWN_TOPIC_OR_PARTITION, souq.publisher.events=UNKNOWN_TOPIC_OR_PARTITION}
2026-02-28T17:05:49.783+01:00  WARN 42770 --- [notification-service] [ntainer#0-0-C-1] org.apache.kafka.clients.NetworkClient   : [Consumer clientId=consumer-notification-service-1, groupId=notification-service] Error while fetching metadata with correlation id 2024 : {souq.platform.events=UNKNOWN_TOPIC_OR_PARTITION, souq.publisher.events=UNKNOWN_TOPIC_OR_PARTITION}
2026-02-28T17:05:50.732+01:00  WARN 42770 --- [notification-service] [ntainer#0-0-C-1] org.apache.kafka.clients.NetworkClient   : [Consumer clientId=consumer-notification-service-1, groupId=notification-service] Error while fetching metadata with correlation id 2025 : {souq.platform.events=UNKNOWN_TOPIC_OR_PARTITION, souq.publisher.events=UNKNOWN_TOPIC_OR_PARTITION}
2026-02-28T17:05:51.677+01:00  WARN 42770 --- [notification-service] [ntainer#0-0-C-1] org.apache.kafka.clients.NetworkClient   : [Consumer clientId=consumer-notification-service-1, groupId=notification-service] Error while fetching metadata with correlation id 2027 : {souq.platform.events=UNKNOWN_TOPIC_OR_PARTITION, souq.publisher.events=UNKNOWN_TOPIC_OR_PARTITION}
2026-02-28T17:05:52.678+01:00  WARN 42770 --- [notification-service] [ntainer#0-0-C-1] org.apache.kafka.clients.NetworkClient   : [Consumer clientId=consumer-notification-service-1, groupId=notification-service] Error while fetching metadata with correlation id 2028 : {souq.platform.events=UNKNOWN_TOPIC_OR_PARTITION, souq.publisher.events=UNKNOWN_TOPIC_OR_PARTITION}
2026-02-28T17:05:53.609+01:00  WARN 42770 --- [notification-service] [ntainer#0-0-C-1] org.apache.kafka.clients.NetworkClient   : [Consumer clientId=consumer-notification-service-1, groupId=notification-service] Error while fetching metadata with correlation id 2029 : {souq.platform.events=UNKNOWN_TOPIC_OR_PARTITION, souq.publisher.events=UNKNOWN_TOPIC_OR_PARTITION}
2026-02-28T17:05:54.509+01:00  WARN 42770 --- [notification-service] [ntainer#0-0-C-1] org.apache.kafka.clients.NetworkClient   : [Consumer clientId=consumer-notification-service-1, groupId=notification-service] Error while fetching metadata with correlation id 2031 : {souq.platform.events=UNKNOWN_TOPIC_OR_PARTITION, souq.publisher.events=UNKNOWN_TOPIC_OR_PARTITION}
2026-02-28T17:05:55.414+01:00  WARN 42770 --- [notification-service] [ntainer#0-0-C-1] org.apache.kafka.clients.NetworkClient   : [Consumer clientId=consumer-notification-service-1, groupId=notification-service] Error while fetching metadata with correlation id 2032 : {souq.platform.events=UNKNOWN_TOPIC_OR_PARTITION, souq.publisher.events=UNKNOWN_TOPIC_OR_PARTITION}
2026-02-28T17:05:56.318+01:00  WARN 42770 --- [notification-service] [ntainer#0-0-C-1] org.apache.kafka.clients.NetworkClient   : [Consumer clientId=consumer-notification-service-1, groupId=notification-service] Error while fetching metadata with correlation id 2033 : {souq.platform.events=UNKNOWN_TOPIC_OR_PARTITION, souq.publisher.events=UNKNOWN_TOPIC_OR_PARTITION}
2026-02-28T17:05:57.250+01:00  WARN 42770 --- [notification-service] [ntainer#0-0-C-1] org.apache.kafka.clients.NetworkClient   : [Consumer clientId=consumer-notification-service-1, groupId=notification-service] Error while fetching metadata with correlation id 2035 : {souq.platform.events=UNKNOWN_TOPIC_OR_PARTITION, souq.publisher.events=UNKNOWN_TOPIC_OR_PARTITION}
2026-02-28T17:05:58.250+01:00  WARN 42770 --- [notification-service] [ntainer#0-0-C-1] org.apache.kafka.clients.NetworkClient   : [Consumer clientId=consumer-notification-service-1, groupId=notification-service] Error while fetching metadata with correlation id 2036 : {souq.platform.events=UNKNOWN_TOPIC_OR_PARTITION, souq.publisher.events=UNKNOWN_TOPIC_OR_PARTITION}
2026-02-28T17:05:59.144+01:00  WARN 42770 --- [notification-service] [ntainer#0-0-C-1] org.apache.kafka.clients.NetworkClient   : [Consumer clientId=consumer-notification-service-1, groupId=notification-service] Error while fetching metadata with correlation id 2037 : {souq.platform.events=UNKNOWN_TOPIC_OR_PARTITION, souq.publisher.events=UNKNOWN_TOPIC_OR_PARTITION}
2026-02-28T17:06:00.107+01:00  WARN 42770 --- [notification-service] [ntainer#0-0-C-1] org.apache.kafka.clients.NetworkClient   : [Consumer clientId=consumer-notification-service-1, groupId=notification-service] Error while fetching metadata with correlation id 2039 : {souq.platform.events=UNKNOWN_TOPIC_OR_PARTITION, souq.publisher.events=UNKNOWN_TOPIC_OR_PARTITION}
2026-02-28T17:06:01.013+01:00  WARN 42770 --- [notification-service] [ntainer#0-0-C-1] org.apache.kafka.clients.NetworkClient   : [Consumer clientId=consumer-notification-service-1, groupId=notification-service] Error while fetching metadata with correlation id 2040 : {souq.platform.events=UNKNOWN_TOPIC_OR_PARTITION, souq.publisher.events=UNKNOWN_TOPIC_OR_PARTITION}
2026-02-28T17:06:02.014+01:00  WARN 42770 --- [notification-service] [ntainer#0-0-C-1] org.apache.kafka.clients.NetworkClient   : [Consumer clientId=consumer-notification-service-1, groupId=notification-service] Error while fetching metadata with correlation id 2041 : {souq.platform.events=UNKNOWN_TOPIC_OR_PARTITION, souq.publisher.events=UNKNOWN_TOPIC_OR_PARTITION}
2026-02-28T17:06:02.907+01:00  WARN 42770 --- [notification-service] [ntainer#0-0-C-1] org.apache.kafka.clients.NetworkClient   : [Consumer clientId=consumer-notification-service-1, groupId=notification-service] Error while fetching metadata with correlation id 2043 : {souq.platform.events=UNKNOWN_TOPIC_OR_PARTITION, souq.publisher.events=UNKNOWN_TOPIC_OR_PARTITION}
2026-02-28T17:06:03.811+01:00  WARN 42770 --- [notification-service] [ntainer#0-0-C-1] org.apache.kafka.clients.NetworkClient   : [Consumer clientId=consumer-notification-service-1, groupId=notification-service] Error while fetching metadata with correlation id 2044 : {souq.platform.events=UNKNOWN_TOPIC_OR_PARTITION, souq.publisher.events=UNKNOWN_TOPIC_OR_PARTITION}
2026-02-28T17:06:04.812+01:00  WARN 42770 --- [notification-service] [ntainer#0-0-C-1] org.apache.kafka.clients.NetworkClient   : [Consumer clientId=consumer-notification-service-1, groupId=notification-service] Error while fetching metadata with correlation id 2045 : {souq.platform.events=UNKNOWN_TOPIC_OR_PARTITION, souq.publisher.events=UNKNOWN_TOPIC_OR_PARTITION}
2026-02-28T17:06:05.703+01:00  WARN 42770 --- [notification-service] [ntainer#0-0-C-1] org.apache.kafka.clients.NetworkClient   : [Consumer clientId=consumer-notification-service-1, groupId=notification-service] Error while fetching metadata with correlation id 2046 : {souq.platform.events=UNKNOWN_TOPIC_OR_PARTITION, souq.publisher.events=UNKNOWN_TOPIC_OR_PARTITION}
2026-02-28T17:06:06.578+01:00  WARN 42770 --- [notification-service] [ntainer#0-0-C-1] org.apache.kafka.clients.NetworkClient   : [Consumer clientId=consumer-notification-service-1, groupId=notification-service] Error while fetching metadata with correlation id 2048 : {souq.platform.events=UNKNOWN_TOPIC_OR_PARTITION, souq.publisher.events=UNKNOWN_TOPIC_OR_PARTITION}
2026-02-28T17:06:07.483+01:00  WARN 42770 --- [notification-service] [ntainer#0-0-C-1] org.apache.kafka.clients.NetworkClient   : [Consumer clientId=consumer-notification-service-1, groupId=notification-service] Error while fetching metadata with correlation id 2049 : {souq.platform.events=UNKNOWN_TOPIC_OR_PARTITION, souq.publisher.events=UNKNOWN_TOPIC_OR_PARTITION}
2026-02-28T17:06:08.442+01:00  WARN 42770 --- [notification-service] [ntainer#0-0-C-1] org.apache.kafka.clients.NetworkClient   : [Consumer clientId=consumer-notification-service-1, groupId=notification-service] Error while fetching metadata with correlation id 2050 : {souq.platform.events=UNKNOWN_TOPIC_OR_PARTITION, souq.publisher.events=UNKNOWN_TOPIC_OR_PARTITION}
2026-02-28T17:06:09.408+01:00  WARN 42770 --- [notification-service] [ntainer#0-0-C-1] org.apache.kafka.clients.NetworkClient   : [Consumer clientId=consumer-notification-service-1, groupId=notification-service] Error while fetching metadata with correlation id 2052 : {souq.platform.events=UNKNOWN_TOPIC_OR_PARTITION, souq.publisher.events=UNKNOWN_TOPIC_OR_PARTITION}
2026-02-28T17:06:10.409+01:00  WARN 42770 --- [notification-service] [ntainer#0-0-C-1] org.apache.kafka.clients.NetworkClient   : [Consumer clientId=consumer-notification-service-1, groupId=notification-service] Error while fetching metadata with correlation id 2053 : {souq.platform.events=UNKNOWN_TOPIC_OR_PARTITION, souq.publisher.events=UNKNOWN_TOPIC_OR_PARTITION}
2026-02-28T17:06:11.314+01:00  WARN 42770 --- [notification-service] [ntainer#0-0-C-1] org.apache.kafka.clients.NetworkClient   : [Consumer clientId=consumer-notification-service-1, groupId=notification-service] Error while fetching metadata with correlation id 2054 : {souq.platform.events=UNKNOWN_TOPIC_OR_PARTITION, souq.publisher.events=UNKNOWN_TOPIC_OR_PARTITION}
2026-02-28T17:06:12.208+01:00  WARN 42770 --- [notification-service] [ntainer#0-0-C-1] org.apache.kafka.clients.NetworkClient   : [Consumer clientId=consumer-notification-service-1, groupId=notification-service] Error while fetching metadata with correlation id 2056 : {souq.platform.events=UNKNOWN_TOPIC_OR_PARTITION, souq.publisher.events=UNKNOWN_TOPIC_OR_PARTITION}
2026-02-28T17:06:13.188+01:00  WARN 42770 --- [notification-service] [ntainer#0-0-C-1] org.apache.kafka.clients.NetworkClient   : [Consumer clientId=consumer-notification-service-1, groupId=notification-service] Error while fetching metadata with correlation id 2057 : {souq.platform.events=UNKNOWN_TOPIC_OR_PARTITION, souq.publisher.events=UNKNOWN_TOPIC_OR_PARTITION}
2026-02-28T17:06:13.993+01:00  WARN 42770 --- [notification-service] [ntainer#0-0-C-1] org.apache.kafka.clients.NetworkClient   : [Consumer clientId=consumer-notification-service-1, groupId=notification-service] Error while fetching metadata with correlation id 2058 : {souq.platform.events=UNKNOWN_TOPIC_OR_PARTITION, souq.publisher.events=UNKNOWN_TOPIC_OR_PARTITION}
2026-02-28T17:06:14.868+01:00  WARN 42770 --- [notification-service] [ntainer#0-0-C-1] org.apache.kafka.clients.NetworkClient   : [Consumer clientId=consumer-notification-service-1, groupId=notification-service] Error while fetching metadata with correlation id 2060 : {souq.platform.events=UNKNOWN_TOPIC_OR_PARTITION, souq.publisher.events=UNKNOWN_TOPIC_OR_PARTITION}
2026-02-28T17:06:15.869+01:00  WARN 42770 --- [notification-service] [ntainer#0-0-C-1] org.apache.kafka.clients.NetworkClient   : [Consumer clientId=consumer-notification-service-1, groupId=notification-service] Error while fetching metadata with correlation id 2061 : {souq.platform.events=UNKNOWN_TOPIC_OR_PARTITION, souq.publisher.events=UNKNOWN_TOPIC_OR_PARTITION}
2026-02-28T17:06:16.679+01:00  WARN 42770 --- [notification-service] [ntainer#0-0-C-1] org.apache.kafka.clients.NetworkClient   : [Consumer clientId=consumer-notification-service-1, groupId=notification-service] Error while fetching metadata with correlation id 2062 : {souq.platform.events=UNKNOWN_TOPIC_OR_PARTITION, souq.publisher.events=UNKNOWN_TOPIC_OR_PARTITION}
2026-02-28T17:06:17.680+01:00  WARN 42770 --- [notification-service] [ntainer#0-0-C-1] org.apache.kafka.clients.NetworkClient   : [Consumer clientId=consumer-notification-service-1, groupId=notification-service] Error while fetching metadata with correlation id 2063 : {souq.platform.events=UNKNOWN_TOPIC_OR_PARTITION, souq.publisher.events=UNKNOWN_TOPIC_OR_PARTITION}
2026-02-28T17:06:18.677+01:00  WARN 42770 --- [notification-service] [ntainer#0-0-C-1] org.apache.kafka.clients.NetworkClient   : [Consumer clientId=consumer-notification-service-1, groupId=notification-service] Error while fetching metadata with correlation id 2065 : {souq.platform.events=UNKNOWN_TOPIC_OR_PARTITION, souq.publisher.events=UNKNOWN_TOPIC_OR_PARTITION}
2026-02-28T17:06:19.678+01:00  WARN 42770 --- [notification-service] [ntainer#0-0-C-1] org.apache.kafka.clients.NetworkClient   : [Consumer clientId=consumer-notification-service-1, groupId=notification-service] Error while fetching metadata with correlation id 2066 : {souq.platform.events=UNKNOWN_TOPIC_OR_PARTITION, souq.publisher.events=UNKNOWN_TOPIC_OR_PARTITION}
2026-02-28T17:06:20.678+01:00  WARN 42770 --- [notification-service] [ntainer#0-0-C-1] org.apache.kafka.clients.NetworkClient   : [Consumer clientId=consumer-notification-service-1, groupId=notification-service] Error while fetching metadata with correlation id 2067 : {souq.platform.events=UNKNOWN_TOPIC_OR_PARTITION, souq.publisher.events=UNKNOWN_TOPIC_OR_PARTITION}
2026-02-28T17:06:21.635+01:00  WARN 42770 --- [notification-service] [ntainer#0-0-C-1] org.apache.kafka.clients.NetworkClient   : [Consumer clientId=consumer-notification-service-1, groupId=notification-service] Error while fetching metadata with correlation id 2069 : {souq.platform.events=UNKNOWN_TOPIC_OR_PARTITION, souq.publisher.events=UNKNOWN_TOPIC_OR_PARTITION}
2026-02-28T17:06:22.540+01:00  WARN 42770 --- [notification-service] [ntainer#0-0-C-1] org.apache.kafka.clients.NetworkClient   : [Consumer clientId=consumer-notification-service-1, groupId=notification-service] Error while fetching metadata with correlation id 2070 : {souq.platform.events=UNKNOWN_TOPIC_OR_PARTITION, souq.publisher.events=UNKNOWN_TOPIC_OR_PARTITION}
2026-02-28T17:06:23.505+01:00  WARN 42770 --- [notification-service] [ntainer#0-0-C-1] org.apache.kafka.clients.NetworkClient   : [Consumer clientId=consumer-notification-service-1, groupId=notification-service] Error while fetching metadata with correlation id 2071 : {souq.platform.events=UNKNOWN_TOPIC_OR_PARTITION, souq.publisher.events=UNKNOWN_TOPIC_OR_PARTITION}
2026-02-28T17:06:24.506+01:00  WARN 42770 --- [notification-service] [ntainer#0-0-C-1] org.apache.kafka.clients.NetworkClient   : [Consumer clientId=consumer-notification-service-1, groupId=notification-service] Error while fetching metadata with correlation id 2073 : {souq.platform.events=UNKNOWN_TOPIC_OR_PARTITION, souq.publisher.events=UNKNOWN_TOPIC_OR_PARTITION}
2026-02-28T17:06:25.507+01:00  WARN 42770 --- [notification-service] [ntainer#0-0-C-1] org.apache.kafka.clients.NetworkClient   : [Consumer clientId=consumer-notification-service-1, groupId=notification-service] Error while fetching metadata with correlation id 2074 : {souq.platform.events=UNKNOWN_TOPIC_OR_PARTITION, souq.publisher.events=UNKNOWN_TOPIC_OR_PARTITION}
2026-02-28T17:06:26.508+01:00  WARN 42770 --- [notification-service] [ntainer#0-0-C-1] org.apache.kafka.clients.NetworkClient   : [Consumer clientId=consumer-notification-service-1, groupId=notification-service] Error while fetching metadata with correlation id 2075 : {souq.platform.events=UNKNOWN_TOPIC_OR_PARTITION, souq.publisher.events=UNKNOWN_TOPIC_OR_PARTITION}
2026-02-28T17:06:27.409+01:00  WARN 42770 --- [notification-service] [ntainer#0-0-C-1] org.apache.kafka.clients.NetworkClient   : [Consumer clientId=consumer-notification-service-1, groupId=notification-service] Error while fetching metadata with correlation id 2077 : {souq.platform.events=UNKNOWN_TOPIC_OR_PARTITION, souq.publisher.events=UNKNOWN_TOPIC_OR_PARTITION}
2026-02-28T17:06:28.315+01:00  WARN 42770 --- [notification-service] [ntainer#0-0-C-1] org.apache.kafka.clients.NetworkClient   : [Consumer clientId=consumer-notification-service-1, groupId=notification-service] Error while fetching metadata with correlation id 2078 : {souq.platform.events=UNKNOWN_TOPIC_OR_PARTITION, souq.publisher.events=UNKNOWN_TOPIC_OR_PARTITION}
2026-02-28T17:06:29.220+01:00  WARN 42770 --- [notification-service] [ntainer#0-0-C-1] org.apache.kafka.clients.NetworkClient   : [Consumer clientId=consumer-notification-service-1, groupId=notification-service] Error while fetching metadata with correlation id 2079 : {souq.platform.events=UNKNOWN_TOPIC_OR_PARTITION, souq.publisher.events=UNKNOWN_TOPIC_OR_PARTITION}
2026-02-28T17:06:30.163+01:00  WARN 42770 --- [notification-service] [ntainer#0-0-C-1] org.apache.kafka.clients.NetworkClient   : [Consumer clientId=consumer-notification-service-1, groupId=notification-service] Error while fetching metadata with correlation id 2081 : {souq.platform.events=UNKNOWN_TOPIC_OR_PARTITION, souq.publisher.events=UNKNOWN_TOPIC_OR_PARTITION}
2026-02-28T17:06:31.164+01:00  WARN 42770 --- [notification-service] [ntainer#0-0-C-1] org.apache.kafka.clients.NetworkClient   : [Consumer clientId=consumer-notification-service-1, groupId=notification-service] Error while fetching metadata with correlation id 2082 : {souq.platform.events=UNKNOWN_TOPIC_OR_PARTITION, souq.publisher.events=UNKNOWN_TOPIC_OR_PARTITION}
2026-02-28T17:06:32.083+01:00  WARN 42770 --- [notification-service] [ntainer#0-0-C-1] org.apache.kafka.clients.NetworkClient   : [Consumer clientId=consumer-notification-service-1, groupId=notification-service] Error while fetching metadata with correlation id 2083 : {souq.platform.events=UNKNOWN_TOPIC_OR_PARTITION, souq.publisher.events=UNKNOWN_TOPIC_OR_PARTITION}
2026-02-28T17:06:33.084+01:00  WARN 42770 --- [notification-service] [ntainer#0-0-C-1] org.apache.kafka.clients.NetworkClient   : [Consumer clientId=consumer-notification-service-1, groupId=notification-service] Error while fetching metadata with correlation id 2085 : {souq.platform.events=UNKNOWN_TOPIC_OR_PARTITION, souq.publisher.events=UNKNOWN_TOPIC_OR_PARTITION}
2026-02-28T17:06:33.989+01:00  WARN 42770 --- [notification-service] [ntainer#0-0-C-1] org.apache.kafka.clients.NetworkClient   : [Consumer clientId=consumer-notification-service-1, groupId=notification-service] Error while fetching metadata with correlation id 2086 : {souq.platform.events=UNKNOWN_TOPIC_OR_PARTITION, souq.publisher.events=UNKNOWN_TOPIC_OR_PARTITION}
2026-02-28T17:06:34.894+01:00  WARN 42770 --- [notification-service] [ntainer#0-0-C-1] org.apache.kafka.clients.NetworkClient   : [Consumer clientId=consumer-notification-service-1, groupId=notification-service] Error while fetching metadata with correlation id 2087 : {souq.platform.events=UNKNOWN_TOPIC_OR_PARTITION, souq.publisher.events=UNKNOWN_TOPIC_OR_PARTITION}
2026-02-28T17:06:35.808+01:00  WARN 42770 --- [notification-service] [ntainer#0-0-C-1] org.apache.kafka.clients.NetworkClient   : [Consumer clientId=consumer-notification-service-1, groupId=notification-service] Error while fetching metadata with correlation id 2088 : {souq.platform.events=UNKNOWN_TOPIC_OR_PARTITION, souq.publisher.events=UNKNOWN_TOPIC_OR_PARTITION}
2026-02-28T17:06:36.781+01:00  WARN 42770 --- [notification-service] [ntainer#0-0-C-1] org.apache.kafka.clients.NetworkClient   : [Consumer clientId=consumer-notification-service-1, groupId=notification-service] Error while fetching metadata with correlation id 2090 : {souq.platform.events=UNKNOWN_TOPIC_OR_PARTITION, souq.publisher.events=UNKNOWN_TOPIC_OR_PARTITION}
2026-02-28T17:06:37.686+01:00  WARN 42770 --- [notification-service] [ntainer#0-0-C-1] org.apache.kafka.clients.NetworkClient   : [Consumer clientId=consumer-notification-service-1, groupId=notification-service] Error while fetching metadata with correlation id 2091 : {souq.platform.events=UNKNOWN_TOPIC_OR_PARTITION, souq.publisher.events=UNKNOWN_TOPIC_OR_PARTITION}
2026-02-28T17:06:38.591+01:00  WARN 42770 --- [notification-service] [ntainer#0-0-C-1] org.apache.kafka.clients.NetworkClient   : [Consumer clientId=consumer-notification-service-1, groupId=notification-service] Error while fetching metadata with correlation id 2092 : {souq.platform.events=UNKNOWN_TOPIC_OR_PARTITION, souq.publisher.events=UNKNOWN_TOPIC_OR_PARTITION}
2026-02-28T17:06:39.573+01:00  WARN 42770 --- [notification-service] [ntainer#0-0-C-1] org.apache.kafka.clients.NetworkClient   : [Consumer clientId=consumer-notification-service-1, groupId=notification-service] Error while fetching metadata with correlation id 2094 : {souq.platform.events=UNKNOWN_TOPIC_OR_PARTITION, souq.publisher.events=UNKNOWN_TOPIC_OR_PARTITION}
2026-02-28T17:06:40.518+01:00  WARN 42770 --- [notification-service] [ntainer#0-0-C-1] org.apache.kafka.clients.NetworkClient   : [Consumer clientId=consumer-notification-service-1, groupId=notification-service] Error while fetching metadata with correlation id 2095 : {souq.platform.events=UNKNOWN_TOPIC_OR_PARTITION, souq.publisher.events=UNKNOWN_TOPIC_OR_PARTITION}
2026-02-28T17:06:41.519+01:00  WARN 42770 --- [notification-service] [ntainer#0-0-C-1] org.apache.kafka.clients.NetworkClient   : [Consumer clientId=consumer-notification-service-1, groupId=notification-service] Error while fetching metadata with correlation id 2096 : {souq.platform.events=UNKNOWN_TOPIC_OR_PARTITION, souq.publisher.events=UNKNOWN_TOPIC_OR_PARTITION}
2026-02-28T17:06:42.520+01:00  WARN 42770 --- [notification-service] [ntainer#0-0-C-1] org.apache.kafka.clients.NetworkClient   : [Consumer clientId=consumer-notification-service-1, groupId=notification-service] Error while fetching metadata with correlation id 2099 : {souq.platform.events=UNKNOWN_TOPIC_OR_PARTITION, souq.publisher.events=UNKNOWN_TOPIC_OR_PARTITION}
2026-02-28T17:06:43.520+01:00  WARN 42770 --- [notification-service] [ntainer#0-0-C-1] org.apache.kafka.clients.NetworkClient   : [Consumer clientId=consumer-notification-service-1, groupId=notification-service] Error while fetching metadata with correlation id 2100 : {souq.platform.events=UNKNOWN_TOPIC_OR_PARTITION, souq.publisher.events=UNKNOWN_TOPIC_OR_PARTITION}
2026-02-28T17:06:44.521+01:00  WARN 42770 --- [notification-service] [ntainer#0-0-C-1] org.apache.kafka.clients.NetworkClient   : [Consumer clientId=consumer-notification-service-1, groupId=notification-service] Error while fetching metadata with correlation id 2101 : {souq.platform.events=UNKNOWN_TOPIC_OR_PARTITION, souq.publisher.events=UNKNOWN_TOPIC_OR_PARTITION}
2026-02-28T17:06:45.413+01:00  WARN 42770 --- [notification-service] [ntainer#0-0-C-1] org.apache.kafka.clients.NetworkClient   : [Consumer clientId=consumer-notification-service-1, groupId=notification-service] Error while fetching metadata with correlation id 2103 : {souq.platform.events=UNKNOWN_TOPIC_OR_PARTITION, souq.publisher.events=UNKNOWN_TOPIC_OR_PARTITION}
2026-02-28T17:06:46.414+01:00  WARN 42770 --- [notification-service] [ntainer#0-0-C-1] org.apache.kafka.clients.NetworkClient   : [Consumer clientId=consumer-notification-service-1, groupId=notification-service] Error while fetching metadata with correlation id 2104 : {souq.platform.events=UNKNOWN_TOPIC_OR_PARTITION, souq.publisher.events=UNKNOWN_TOPIC_OR_PARTITION}
2026-02-28T17:06:47.286+01:00  WARN 42770 --- [notification-service] [ntainer#0-0-C-1] org.apache.kafka.clients.NetworkClient   : [Consumer clientId=consumer-notification-service-1, groupId=notification-service] Error while fetching metadata with correlation id 2105 : {souq.platform.events=UNKNOWN_TOPIC_OR_PARTITION, souq.publisher.events=UNKNOWN_TOPIC_OR_PARTITION}
2026-02-28T17:06:48.214+01:00  WARN 42770 --- [notification-service] [ntainer#0-0-C-1] org.apache.kafka.clients.NetworkClient   : [Consumer clientId=consumer-notification-service-1, groupId=notification-service] Error while fetching metadata with correlation id 2107 : {souq.platform.events=UNKNOWN_TOPIC_OR_PARTITION, souq.publisher.events=UNKNOWN_TOPIC_OR_PARTITION}
2026-02-28T17:06:49.066+01:00  WARN 42770 --- [notification-service] [ntainer#0-0-C-1] org.apache.kafka.clients.NetworkClient   : [Consumer clientId=consumer-notification-service-1, groupId=notification-service] Error while fetching metadata with correlation id 2108 : {souq.platform.events=UNKNOWN_TOPIC_OR_PARTITION, souq.publisher.events=UNKNOWN_TOPIC_OR_PARTITION}
2026-02-28T17:06:49.971+01:00  WARN 42770 --- [notification-service] [ntainer#0-0-C-1] org.apache.kafka.clients.NetworkClient   : [Consumer clientId=consumer-notification-service-1, groupId=notification-service] Error while fetching metadata with correlation id 2109 : {souq.platform.events=UNKNOWN_TOPIC_OR_PARTITION, souq.publisher.events=UNKNOWN_TOPIC_OR_PARTITION}
2026-02-28T17:06:50.913+01:00  WARN 42770 --- [notification-service] [ntainer#0-0-C-1] org.apache.kafka.clients.NetworkClient   : [Consumer clientId=consumer-notification-service-1, groupId=notification-service] Error while fetching metadata with correlation id 2111 : {souq.platform.events=UNKNOWN_TOPIC_OR_PARTITION, souq.publisher.events=UNKNOWN_TOPIC_OR_PARTITION}
2026-02-28T17:06:51.914+01:00  WARN 42770 --- [notification-service] [ntainer#0-0-C-1] org.apache.kafka.clients.NetworkClient   : [Consumer clientId=consumer-notification-service-1, groupId=notification-service] Error while fetching metadata with correlation id 2112 : {souq.platform.events=UNKNOWN_TOPIC_OR_PARTITION, souq.publisher.events=UNKNOWN_TOPIC_OR_PARTITION}
2026-02-28T17:06:52.915+01:00  WARN 42770 --- [notification-service] [ntainer#0-0-C-1] org.apache.kafka.clients.NetworkClient   : [Consumer clientId=consumer-notification-service-1, groupId=notification-service] Error while fetching metadata with correlation id 2113 : {souq.platform.events=UNKNOWN_TOPIC_OR_PARTITION, souq.publisher.events=UNKNOWN_TOPIC_OR_PARTITION}
2026-02-28T17:06:53.812+01:00  WARN 42770 --- [notification-service] [ntainer#0-0-C-1] org.apache.kafka.clients.NetworkClient   : [Consumer clientId=consumer-notification-service-1, groupId=notification-service] Error while fetching metadata with correlation id 2114 : {souq.platform.events=UNKNOWN_TOPIC_OR_PARTITION, souq.publisher.events=UNKNOWN_TOPIC_OR_PARTITION}
2026-02-28T17:06:54.813+01:00  WARN 42770 --- [notification-service] [ntainer#0-0-C-1] org.apache.kafka.clients.NetworkClient   : [Consumer clientId=consumer-notification-service-1, groupId=notification-service] Error while fetching metadata with correlation id 2116 : {souq.platform.events=UNKNOWN_TOPIC_OR_PARTITION, souq.publisher.events=UNKNOWN_TOPIC_OR_PARTITION}
2026-02-28T17:06:55.814+01:00  WARN 42770 --- [notification-service] [ntainer#0-0-C-1] org.apache.kafka.clients.NetworkClient   : [Consumer clientId=consumer-notification-service-1, groupId=notification-service] Error while fetching metadata with correlation id 2117 : {souq.platform.events=UNKNOWN_TOPIC_OR_PARTITION, souq.publisher.events=UNKNOWN_TOPIC_OR_PARTITION}
2026-02-28T17:06:56.783+01:00  WARN 42770 --- [notification-service] [ntainer#0-0-C-1] org.apache.kafka.clients.NetworkClient   : [Consumer clientId=consumer-notification-service-1, groupId=notification-service] Error while fetching metadata with correlation id 2118 : {souq.platform.events=UNKNOWN_TOPIC_OR_PARTITION, souq.publisher.events=UNKNOWN_TOPIC_OR_PARTITION}
2026-02-28T17:06:57.618+01:00  WARN 42770 --- [notification-service] [ntainer#0-0-C-1] org.apache.kafka.clients.NetworkClient   : [Consumer clientId=consumer-notification-service-1, groupId=notification-service] Error while fetching metadata with correlation id 2120 : {souq.platform.events=UNKNOWN_TOPIC_OR_PARTITION, souq.publisher.events=UNKNOWN_TOPIC_OR_PARTITION}
2026-02-28T17:06:58.618+01:00  WARN 42770 --- [notification-service] [ntainer#0-0-C-1] org.apache.kafka.clients.NetworkClient   : [Consumer clientId=consumer-notification-service-1, groupId=notification-service] Error while fetching metadata with correlation id 2121 : {souq.platform.events=UNKNOWN_TOPIC_OR_PARTITION, souq.publisher.events=UNKNOWN_TOPIC_OR_PARTITION}
2026-02-28T17:06:59.619+01:00  WARN 42770 --- [notification-service] [ntainer#0-0-C-1] org.apache.kafka.clients.NetworkClient   : [Consumer clientId=consumer-notification-service-1, groupId=notification-service] Error while fetching metadata with correlation id 2122 : {souq.platform.events=UNKNOWN_TOPIC_OR_PARTITION, souq.publisher.events=UNKNOWN_TOPIC_OR_PARTITION}
2026-02-28T17:07:00.618+01:00  WARN 42770 --- [notification-service] [ntainer#0-0-C-1] org.apache.kafka.clients.NetworkClient   : [Consumer clientId=consumer-notification-service-1, groupId=notification-service] Error while fetching metadata with correlation id 2124 : {souq.platform.events=UNKNOWN_TOPIC_OR_PARTITION, souq.publisher.events=UNKNOWN_TOPIC_OR_PARTITION}
2026-02-28T17:07:01.583+01:00  WARN 42770 --- [notification-service] [ntainer#0-0-C-1] org.apache.kafka.clients.NetworkClient   : [Consumer clientId=consumer-notification-service-1, groupId=notification-service] Error while fetching metadata with correlation id 2125 : {souq.platform.events=UNKNOWN_TOPIC_OR_PARTITION, souq.publisher.events=UNKNOWN_TOPIC_OR_PARTITION}
2026-02-28T17:07:02.481+01:00  WARN 42770 --- [notification-service] [ntainer#0-0-C-1] org.apache.kafka.clients.NetworkClient   : [Consumer clientId=consumer-notification-service-1, groupId=notification-service] Error while fetching metadata with correlation id 2126 : {souq.platform.events=UNKNOWN_TOPIC_OR_PARTITION, souq.publisher.events=UNKNOWN_TOPIC_OR_PARTITION}
2026-02-28T17:07:03.317+01:00  WARN 42770 --- [notification-service] [ntainer#0-0-C-1] org.apache.kafka.clients.NetworkClient   : [Consumer clientId=consumer-notification-service-1, groupId=notification-service] Error while fetching metadata with correlation id 2128 : {souq.platform.events=UNKNOWN_TOPIC_OR_PARTITION, souq.publisher.events=UNKNOWN_TOPIC_OR_PARTITION}
2026-02-28T17:07:04.318+01:00  WARN 42770 --- [notification-service] [ntainer#0-0-C-1] org.apache.kafka.clients.NetworkClient   : [Consumer clientId=consumer-notification-service-1, groupId=notification-service] Error while fetching metadata with correlation id 2129 : {souq.platform.events=UNKNOWN_TOPIC_OR_PARTITION, souq.publisher.events=UNKNOWN_TOPIC_OR_PARTITION}
2026-02-28T17:07:05.320+01:00  WARN 42770 --- [notification-service] [ntainer#0-0-C-1] org.apache.kafka.clients.NetworkClient   : [Consumer clientId=consumer-notification-service-1, groupId=notification-service] Error while fetching metadata with correlation id 2130 : {souq.platform.events=UNKNOWN_TOPIC_OR_PARTITION, souq.publisher.events=UNKNOWN_TOPIC_OR_PARTITION}
2026-02-28T17:07:06.267+01:00  WARN 42770 --- [notification-service] [ntainer#0-0-C-1] org.apache.kafka.clients.NetworkClient   : [Consumer clientId=consumer-notification-service-1, groupId=notification-service] Error while fetching metadata with correlation id 2132 : {souq.platform.events=UNKNOWN_TOPIC_OR_PARTITION, souq.publisher.events=UNKNOWN_TOPIC_OR_PARTITION}
2026-02-28T17:07:07.186+01:00  WARN 42770 --- [notification-service] [ntainer#0-0-C-1] org.apache.kafka.clients.NetworkClient   : [Consumer clientId=consumer-notification-service-1, groupId=notification-service] Error while fetching metadata with correlation id 2133 : {souq.platform.events=UNKNOWN_TOPIC_OR_PARTITION, souq.publisher.events=UNKNOWN_TOPIC_OR_PARTITION}
2026-02-28T17:07:07.990+01:00  WARN 42770 --- [notification-service] [ntainer#0-0-C-1] org.apache.kafka.clients.NetworkClient   : [Consumer clientId=consumer-notification-service-1, groupId=notification-service] Error while fetching metadata with correlation id 2134 : {souq.platform.events=UNKNOWN_TOPIC_OR_PARTITION, souq.publisher.events=UNKNOWN_TOPIC_OR_PARTITION}
2026-02-28T17:07:08.814+01:00  WARN 42770 --- [notification-service] [ntainer#0-0-C-1] org.apache.kafka.clients.NetworkClient   : [Consumer clientId=consumer-notification-service-1, groupId=notification-service] Error while fetching metadata with correlation id 2135 : {souq.platform.events=UNKNOWN_TOPIC_OR_PARTITION, souq.publisher.events=UNKNOWN_TOPIC_OR_PARTITION}
2026-02-28T17:07:09.719+01:00  WARN 42770 --- [notification-service] [ntainer#0-0-C-1] org.apache.kafka.clients.NetworkClient   : [Consumer clientId=consumer-notification-service-1, groupId=notification-service] Error while fetching metadata with correlation id 2137 : {souq.platform.events=UNKNOWN_TOPIC_OR_PARTITION, souq.publisher.events=UNKNOWN_TOPIC_OR_PARTITION}
2026-02-28T17:07:10.720+01:00  WARN 42770 --- [notification-service] [ntainer#0-0-C-1] org.apache.kafka.clients.NetworkClient   : [Consumer clientId=consumer-notification-service-1, groupId=notification-service] Error while fetching metadata with correlation id 2138 : {souq.platform.events=UNKNOWN_TOPIC_OR_PARTITION, souq.publisher.events=UNKNOWN_TOPIC_OR_PARTITION}
2026-02-28T17:07:11.573+01:00  WARN 42770 --- [notification-service] [ntainer#0-0-C-1] org.apache.kafka.clients.NetworkClient   : [Consumer clientId=consumer-notification-service-1, groupId=notification-service] Error while fetching metadata with correlation id 2139 : {souq.platform.events=UNKNOWN_TOPIC_OR_PARTITION, souq.publisher.events=UNKNOWN_TOPIC_OR_PARTITION}
2026-02-28T17:07:12.518+01:00  WARN 42770 --- [notification-service] [ntainer#0-0-C-1] org.apache.kafka.clients.NetworkClient   : [Consumer clientId=consumer-notification-service-1, groupId=notification-service] Error while fetching metadata with correlation id 2141 : {souq.platform.events=UNKNOWN_TOPIC_OR_PARTITION, souq.publisher.events=UNKNOWN_TOPIC_OR_PARTITION}
2026-02-28T17:07:13.519+01:00  WARN 42770 --- [notification-service] [ntainer#0-0-C-1] org.apache.kafka.clients.NetworkClient   : [Consumer clientId=consumer-notification-service-1, groupId=notification-service] Error while fetching metadata with correlation id 2142 : {souq.platform.events=UNKNOWN_TOPIC_OR_PARTITION, souq.publisher.events=UNKNOWN_TOPIC_OR_PARTITION}
2026-02-28T17:07:14.520+01:00  WARN 42770 --- [notification-service] [ntainer#0-0-C-1] org.apache.kafka.clients.NetworkClient   : [Consumer clientId=consumer-notification-service-1, groupId=notification-service] Error while fetching metadata with correlation id 2143 : {souq.platform.events=UNKNOWN_TOPIC_OR_PARTITION, souq.publisher.events=UNKNOWN_TOPIC_OR_PARTITION}
2026-02-28T17:07:15.519+01:00  WARN 42770 --- [notification-service] [ntainer#0-0-C-1] org.apache.kafka.clients.NetworkClient   : [Consumer clientId=consumer-notification-service-1, groupId=notification-service] Error while fetching metadata with correlation id 2145 : {souq.platform.events=UNKNOWN_TOPIC_OR_PARTITION, souq.publisher.events=UNKNOWN_TOPIC_OR_PARTITION}
2026-02-28T17:07:16.520+01:00  WARN 42770 --- [notification-service] [ntainer#0-0-C-1] org.apache.kafka.clients.NetworkClient   : [Consumer clientId=consumer-notification-service-1, groupId=notification-service] Error while fetching metadata with correlation id 2146 : {souq.platform.events=UNKNOWN_TOPIC_OR_PARTITION, souq.publisher.events=UNKNOWN_TOPIC_OR_PARTITION}
2026-02-28T17:07:17.388+01:00  WARN 42770 --- [notification-service] [ntainer#0-0-C-1] org.apache.kafka.clients.NetworkClient   : [Consumer clientId=consumer-notification-service-1, groupId=notification-service] Error while fetching metadata with correlation id 2147 : {souq.platform.events=UNKNOWN_TOPIC_OR_PARTITION, souq.publisher.events=UNKNOWN_TOPIC_OR_PARTITION}
2026-02-28T17:07:18.217+01:00  WARN 42770 --- [notification-service] [ntainer#0-0-C-1] org.apache.kafka.clients.NetworkClient   : [Consumer clientId=consumer-notification-service-1, groupId=notification-service] Error while fetching metadata with correlation id 2149 : {souq.platform.events=UNKNOWN_TOPIC_OR_PARTITION, souq.publisher.events=UNKNOWN_TOPIC_OR_PARTITION}
2026-02-28T17:07:19.218+01:00  WARN 42770 --- [notification-service] [ntainer#0-0-C-1] org.apache.kafka.clients.NetworkClient   : [Consumer clientId=consumer-notification-service-1, groupId=notification-service] Error while fetching metadata with correlation id 2150 : {souq.platform.events=UNKNOWN_TOPIC_OR_PARTITION, souq.publisher.events=UNKNOWN_TOPIC_OR_PARTITION}
2026-02-28T17:07:20.219+01:00  WARN 42770 --- [notification-service] [ntainer#0-0-C-1] org.apache.kafka.clients.NetworkClient   : [Consumer clientId=consumer-notification-service-1, groupId=notification-service] Error while fetching metadata with correlation id 2151 : {souq.platform.events=UNKNOWN_TOPIC_OR_PARTITION, souq.publisher.events=UNKNOWN_TOPIC_OR_PARTITION}
2026-02-28T17:07:21.218+01:00  WARN 42770 --- [notification-service] [ntainer#0-0-C-1] org.apache.kafka.clients.NetworkClient   : [Consumer clientId=consumer-notification-service-1, groupId=notification-service] Error while fetching metadata with correlation id 2153 : {souq.platform.events=UNKNOWN_TOPIC_OR_PARTITION, souq.publisher.events=UNKNOWN_TOPIC_OR_PARTITION}
2026-02-28T17:07:22.187+01:00  WARN 42770 --- [notification-service] [ntainer#0-0-C-1] org.apache.kafka.clients.NetworkClient   : [Consumer clientId=consumer-notification-service-1, groupId=notification-service] Error while fetching metadata with correlation id 2154 : {souq.platform.events=UNKNOWN_TOPIC_OR_PARTITION, souq.publisher.events=UNKNOWN_TOPIC_OR_PARTITION}
2026-02-28T17:07:23.188+01:00  WARN 42770 --- [notification-service] [ntainer#0-0-C-1] org.apache.kafka.clients.NetworkClient   : [Consumer clientId=consumer-notification-service-1, groupId=notification-service] Error while fetching metadata with correlation id 2155 : {souq.platform.events=UNKNOWN_TOPIC_OR_PARTITION, souq.publisher.events=UNKNOWN_TOPIC_OR_PARTITION}
2026-02-28T17:07:24.169+01:00  WARN 42770 --- [notification-service] [ntainer#0-0-C-1] org.apache.kafka.clients.NetworkClient   : [Consumer clientId=consumer-notification-service-1, groupId=notification-service] Error while fetching metadata with correlation id 2157 : {souq.platform.events=UNKNOWN_TOPIC_OR_PARTITION, souq.publisher.events=UNKNOWN_TOPIC_OR_PARTITION}
2026-02-28T17:07:25.169+01:00  WARN 42770 --- [notification-service] [ntainer#0-0-C-1] org.apache.kafka.clients.NetworkClient   : [Consumer clientId=consumer-notification-service-1, groupId=notification-service] Error while fetching metadata with correlation id 2158 : {souq.platform.events=UNKNOWN_TOPIC_OR_PARTITION, souq.publisher.events=UNKNOWN_TOPIC_OR_PARTITION}
2026-02-28T17:07:26.170+01:00  WARN 42770 --- [notification-service] [ntainer#0-0-C-1] org.apache.kafka.clients.NetworkClient   : [Consumer clientId=consumer-notification-service-1, groupId=notification-service] Error while fetching metadata with correlation id 2159 : {souq.platform.events=UNKNOWN_TOPIC_OR_PARTITION, souq.publisher.events=UNKNOWN_TOPIC_OR_PARTITION}
2026-02-28T17:07:27.016+01:00  WARN 42770 --- [notification-service] [ntainer#0-0-C-1] org.apache.kafka.clients.NetworkClient   : [Consumer clientId=consumer-notification-service-1, groupId=notification-service] Error while fetching metadata with correlation id 2161 : {souq.platform.events=UNKNOWN_TOPIC_OR_PARTITION, souq.publisher.events=UNKNOWN_TOPIC_OR_PARTITION}
2026-02-28T17:07:27.922+01:00  WARN 42770 --- [notification-service] [ntainer#0-0-C-1] org.apache.kafka.clients.NetworkClient   : [Consumer clientId=consumer-notification-service-1, groupId=notification-service] Error while fetching metadata with correlation id 2162 : {souq.platform.events=UNKNOWN_TOPIC_OR_PARTITION, souq.publisher.events=UNKNOWN_TOPIC_OR_PARTITION}
2026-02-28T17:07:28.828+01:00  WARN 42770 --- [notification-service] [ntainer#0-0-C-1] org.apache.kafka.clients.NetworkClient   : [Consumer clientId=consumer-notification-service-1, groupId=notification-service] Error while fetching metadata with correlation id 2163 : {souq.platform.events=UNKNOWN_TOPIC_OR_PARTITION, souq.publisher.events=UNKNOWN_TOPIC_OR_PARTITION}
2026-02-28T17:07:29.730+01:00  WARN 42770 --- [notification-service] [ntainer#0-0-C-1] org.apache.kafka.clients.NetworkClient   : [Consumer clientId=consumer-notification-service-1, groupId=notification-service] Error while fetching metadata with correlation id 2164 : {souq.platform.events=UNKNOWN_TOPIC_OR_PARTITION, souq.publisher.events=UNKNOWN_TOPIC_OR_PARTITION}
2026-02-28T17:07:30.621+01:00  WARN 42770 --- [notification-service] [ntainer#0-0-C-1] org.apache.kafka.clients.NetworkClient   : [Consumer clientId=consumer-notification-service-1, groupId=notification-service] Error while fetching metadata with correlation id 2166 : {souq.platform.events=UNKNOWN_TOPIC_OR_PARTITION, souq.publisher.events=UNKNOWN_TOPIC_OR_PARTITION}
2026-02-28T17:07:31.526+01:00  WARN 42770 --- [notification-service] [ntainer#0-0-C-1] org.apache.kafka.clients.NetworkClient   : [Consumer clientId=consumer-notification-service-1, groupId=notification-service] Error while fetching metadata with correlation id 2167 : {souq.platform.events=UNKNOWN_TOPIC_OR_PARTITION, souq.publisher.events=UNKNOWN_TOPIC_OR_PARTITION}
2026-02-28T17:07:32.483+01:00  WARN 42770 --- [notification-service] [ntainer#0-0-C-1] org.apache.kafka.clients.NetworkClient   : [Consumer clientId=consumer-notification-service-1, groupId=notification-service] Error while fetching metadata with correlation id 2168 : {souq.platform.events=UNKNOWN_TOPIC_OR_PARTITION, souq.publisher.events=UNKNOWN_TOPIC_OR_PARTITION}
2026-02-28T17:07:33.484+01:00  WARN 42770 --- [notification-service] [ntainer#0-0-C-1] org.apache.kafka.clients.NetworkClient   : [Consumer clientId=consumer-notification-service-1, groupId=notification-service] Error while fetching metadata with correlation id 2170 : {souq.platform.events=UNKNOWN_TOPIC_OR_PARTITION, souq.publisher.events=UNKNOWN_TOPIC_OR_PARTITION}
2026-02-28T17:07:34.442+01:00  WARN 42770 --- [notification-service] [ntainer#0-0-C-1] org.apache.kafka.clients.NetworkClient   : [Consumer clientId=consumer-notification-service-1, groupId=notification-service] Error while fetching metadata with correlation id 2171 : {souq.platform.events=UNKNOWN_TOPIC_OR_PARTITION, souq.publisher.events=UNKNOWN_TOPIC_OR_PARTITION}
2026-02-28T17:07:35.443+01:00  WARN 42770 --- [notification-service] [ntainer#0-0-C-1] org.apache.kafka.clients.NetworkClient   : [Consumer clientId=consumer-notification-service-1, groupId=notification-service] Error while fetching metadata with correlation id 2172 : {souq.platform.events=UNKNOWN_TOPIC_OR_PARTITION, souq.publisher.events=UNKNOWN_TOPIC_OR_PARTITION}
2026-02-28T17:07:36.444+01:00  WARN 42770 --- [notification-service] [ntainer#0-0-C-1] org.apache.kafka.clients.NetworkClient   : [Consumer clientId=consumer-notification-service-1, groupId=notification-service] Error while fetching metadata with correlation id 2174 : {souq.platform.events=UNKNOWN_TOPIC_OR_PARTITION, souq.publisher.events=UNKNOWN_TOPIC_OR_PARTITION}
2026-02-28T17:07:37.441+01:00  WARN 42770 --- [notification-service] [ntainer#0-0-C-1] org.apache.kafka.clients.NetworkClient   : [Consumer clientId=consumer-notification-service-1, groupId=notification-service] Error while fetching metadata with correlation id 2175 : {souq.platform.events=UNKNOWN_TOPIC_OR_PARTITION, souq.publisher.events=UNKNOWN_TOPIC_OR_PARTITION}
2026-02-28T17:07:38.442+01:00  WARN 42770 --- [notification-service] [ntainer#0-0-C-1] org.apache.kafka.clients.NetworkClient   : [Consumer clientId=consumer-notification-service-1, groupId=notification-service] Error while fetching metadata with correlation id 2176 : {souq.platform.events=UNKNOWN_TOPIC_OR_PARTITION, souq.publisher.events=UNKNOWN_TOPIC_OR_PARTITION}
2026-02-28T17:07:39.420+01:00  WARN 42770 --- [notification-service] [ntainer#0-0-C-1] org.apache.kafka.clients.NetworkClient   : [Consumer clientId=consumer-notification-service-1, groupId=notification-service] Error while fetching metadata with correlation id 2178 : {souq.platform.events=UNKNOWN_TOPIC_OR_PARTITION, souq.publisher.events=UNKNOWN_TOPIC_OR_PARTITION}
2026-02-28T17:07:40.336+01:00  WARN 42770 --- [notification-service] [ntainer#0-0-C-1] org.apache.kafka.clients.NetworkClient   : [Consumer clientId=consumer-notification-service-1, groupId=notification-service] Error while fetching metadata with correlation id 2179 : {souq.platform.events=UNKNOWN_TOPIC_OR_PARTITION, souq.publisher.events=UNKNOWN_TOPIC_OR_PARTITION}
2026-02-28T17:07:41.241+01:00  WARN 42770 --- [notification-service] [ntainer#0-0-C-1] org.apache.kafka.clients.NetworkClient   : [Consumer clientId=consumer-notification-service-1, groupId=notification-service] Error while fetching metadata with correlation id 2180 : {souq.platform.events=UNKNOWN_TOPIC_OR_PARTITION, souq.publisher.events=UNKNOWN_TOPIC_OR_PARTITION}
2026-02-28T17:07:42.120+01:00  WARN 42770 --- [notification-service] [ntainer#0-0-C-1] org.apache.kafka.clients.NetworkClient   : [Consumer clientId=consumer-notification-service-1, groupId=notification-service] Error while fetching metadata with correlation id 2182 : {souq.platform.events=UNKNOWN_TOPIC_OR_PARTITION, souq.publisher.events=UNKNOWN_TOPIC_OR_PARTITION}
2026-02-28T17:07:43.025+01:00  WARN 42770 --- [notification-service] [ntainer#0-0-C-1] org.apache.kafka.clients.NetworkClient   : [Consumer clientId=consumer-notification-service-1, groupId=notification-service] Error while fetching metadata with correlation id 2183 : {souq.platform.events=UNKNOWN_TOPIC_OR_PARTITION, souq.publisher.events=UNKNOWN_TOPIC_OR_PARTITION}
2026-02-28T17:07:43.984+01:00  WARN 42770 --- [notification-service] [ntainer#0-0-C-1] org.apache.kafka.clients.NetworkClient   : [Consumer clientId=consumer-notification-service-1, groupId=notification-service] Error while fetching metadata with correlation id 2184 : {souq.platform.events=UNKNOWN_TOPIC_OR_PARTITION, souq.publisher.events=UNKNOWN_TOPIC_OR_PARTITION}
2026-02-28T17:07:44.817+01:00  WARN 42770 --- [notification-service] [ntainer#0-0-C-1] org.apache.kafka.clients.NetworkClient   : [Consumer clientId=consumer-notification-service-1, groupId=notification-service] Error while fetching metadata with correlation id 2185 : {souq.platform.events=UNKNOWN_TOPIC_OR_PARTITION, souq.publisher.events=UNKNOWN_TOPIC_OR_PARTITION}
2026-02-28T17:07:45.818+01:00  WARN 42770 --- [notification-service] [ntainer#0-0-C-1] org.apache.kafka.clients.NetworkClient   : [Consumer clientId=consumer-notification-service-1, groupId=notification-service] Error while fetching metadata with correlation id 2187 : {souq.platform.events=UNKNOWN_TOPIC_OR_PARTITION, souq.publisher.events=UNKNOWN_TOPIC_OR_PARTITION}
2026-02-28T17:07:46.818+01:00  WARN 42770 --- [notification-service] [ntainer#0-0-C-1] org.apache.kafka.clients.NetworkClient   : [Consumer clientId=consumer-notification-service-1, groupId=notification-service] Error while fetching metadata with correlation id 2188 : {souq.platform.events=UNKNOWN_TOPIC_OR_PARTITION, souq.publisher.events=UNKNOWN_TOPIC_OR_PARTITION}
2026-02-28T17:07:47.724+01:00  WARN 42770 --- [notification-service] [ntainer#0-0-C-1] org.apache.kafka.clients.NetworkClient   : [Consumer clientId=consumer-notification-service-1, groupId=notification-service] Error while fetching metadata with correlation id 2189 : {souq.platform.events=UNKNOWN_TOPIC_OR_PARTITION, souq.publisher.events=UNKNOWN_TOPIC_OR_PARTITION}
2026-02-28T17:07:48.653+01:00  WARN 42770 --- [notification-service] [ntainer#0-0-C-1] org.apache.kafka.clients.NetworkClient   : [Consumer clientId=consumer-notification-service-1, groupId=notification-service] Error while fetching metadata with correlation id 2191 : {souq.platform.events=UNKNOWN_TOPIC_OR_PARTITION, souq.publisher.events=UNKNOWN_TOPIC_OR_PARTITION}
2026-02-28T17:07:49.577+01:00  WARN 42770 --- [notification-service] [ntainer#0-0-C-1] org.apache.kafka.clients.NetworkClient   : [Consumer clientId=consumer-notification-service-1, groupId=notification-service] Error while fetching metadata with correlation id 2192 : {souq.platform.events=UNKNOWN_TOPIC_OR_PARTITION, souq.publisher.events=UNKNOWN_TOPIC_OR_PARTITION}
2026-02-28T17:07:50.578+01:00  WARN 42770 --- [notification-service] [ntainer#0-0-C-1] org.apache.kafka.clients.NetworkClient   : [Consumer clientId=consumer-notification-service-1, groupId=notification-service] Error while fetching metadata with correlation id 2193 : {souq.platform.events=UNKNOWN_TOPIC_OR_PARTITION, souq.publisher.events=UNKNOWN_TOPIC_OR_PARTITION}
2026-02-28T17:07:51.522+01:00  WARN 42770 --- [notification-service] [ntainer#0-0-C-1] org.apache.kafka.clients.NetworkClient   : [Consumer clientId=consumer-notification-service-1, groupId=notification-service] Error while fetching metadata with correlation id 2195 : {souq.platform.events=UNKNOWN_TOPIC_OR_PARTITION, souq.publisher.events=UNKNOWN_TOPIC_OR_PARTITION}
2026-02-28T17:07:52.490+01:00  WARN 42770 --- [notification-service] [ntainer#0-0-C-1] org.apache.kafka.clients.NetworkClient   : [Consumer clientId=consumer-notification-service-1, groupId=notification-service] Error while fetching metadata with correlation id 2196 : {souq.platform.events=UNKNOWN_TOPIC_OR_PARTITION, souq.publisher.events=UNKNOWN_TOPIC_OR_PARTITION}
2026-02-28T17:07:53.395+01:00  WARN 42770 --- [notification-service] [ntainer#0-0-C-1] org.apache.kafka.clients.NetworkClient   : [Consumer clientId=consumer-notification-service-1, groupId=notification-service] Error while fetching metadata with correlation id 2197 : {souq.platform.events=UNKNOWN_TOPIC_OR_PARTITION, souq.publisher.events=UNKNOWN_TOPIC_OR_PARTITION}
2026-02-28T17:07:54.396+01:00  WARN 42770 --- [notification-service] [ntainer#0-0-C-1] org.apache.kafka.clients.NetworkClient   : [Consumer clientId=consumer-notification-service-1, groupId=notification-service] Error while fetching metadata with correlation id 2199 : {souq.platform.events=UNKNOWN_TOPIC_OR_PARTITION, souq.publisher.events=UNKNOWN_TOPIC_OR_PARTITION}
2026-02-28T17:07:55.397+01:00  WARN 42770 --- [notification-service] [ntainer#0-0-C-1] org.apache.kafka.clients.NetworkClient   : [Consumer clientId=consumer-notification-service-1, groupId=notification-service] Error while fetching metadata with correlation id 2200 : {souq.platform.events=UNKNOWN_TOPIC_OR_PARTITION, souq.publisher.events=UNKNOWN_TOPIC_OR_PARTITION}
2026-02-28T17:07:56.303+01:00  WARN 42770 --- [notification-service] [ntainer#0-0-C-1] org.apache.kafka.clients.NetworkClient   : [Consumer clientId=consumer-notification-service-1, groupId=notification-service] Error while fetching metadata with correlation id 2201 : {souq.platform.events=UNKNOWN_TOPIC_OR_PARTITION, souq.publisher.events=UNKNOWN_TOPIC_OR_PARTITION}
2026-02-28T17:07:57.221+01:00  WARN 42770 --- [notification-service] [ntainer#0-0-C-1] org.apache.kafka.clients.NetworkClient   : [Consumer clientId=consumer-notification-service-1, groupId=notification-service] Error while fetching metadata with correlation id 2203 : {souq.platform.events=UNKNOWN_TOPIC_OR_PARTITION, souq.publisher.events=UNKNOWN_TOPIC_OR_PARTITION}
2026-02-28T17:07:58.221+01:00  WARN 42770 --- [notification-service] [ntainer#0-0-C-1] org.apache.kafka.clients.NetworkClient   : [Consumer clientId=consumer-notification-service-1, groupId=notification-service] Error while fetching metadata with correlation id 2204 : {souq.platform.events=UNKNOWN_TOPIC_OR_PARTITION, souq.publisher.events=UNKNOWN_TOPIC_OR_PARTITION}
2026-02-28T17:07:59.126+01:00  WARN 42770 --- [notification-service] [ntainer#0-0-C-1] org.apache.kafka.clients.NetworkClient   : [Consumer clientId=consumer-notification-service-1, groupId=notification-service] Error while fetching metadata with correlation id 2205 : {souq.platform.events=UNKNOWN_TOPIC_OR_PARTITION, souq.publisher.events=UNKNOWN_TOPIC_OR_PARTITION}
2026-02-28T17:08:00.127+01:00  WARN 42770 --- [notification-service] [ntainer#0-0-C-1] org.apache.kafka.clients.NetworkClient   : [Consumer clientId=consumer-notification-service-1, groupId=notification-service] Error while fetching metadata with correlation id 2207 : {souq.platform.events=UNKNOWN_TOPIC_OR_PARTITION, souq.publisher.events=UNKNOWN_TOPIC_OR_PARTITION}
2026-02-28T17:08:01.032+01:00  WARN 42770 --- [notification-service] [ntainer#0-0-C-1] org.apache.kafka.clients.NetworkClient   : [Consumer clientId=consumer-notification-service-1, groupId=notification-service] Error while fetching metadata with correlation id 2208 : {souq.platform.events=UNKNOWN_TOPIC_OR_PARTITION, souq.publisher.events=UNKNOWN_TOPIC_OR_PARTITION}
2026-02-28T17:08:01.854+01:00  WARN 42770 --- [notification-service] [ntainer#0-0-C-1] org.apache.kafka.clients.NetworkClient   : [Consumer clientId=consumer-notification-service-1, groupId=notification-service] Error while fetching metadata with correlation id 2209 : {souq.platform.events=UNKNOWN_TOPIC_OR_PARTITION, souq.publisher.events=UNKNOWN_TOPIC_OR_PARTITION}
2026-02-28T17:08:02.759+01:00  WARN 42770 --- [notification-service] [ntainer#0-0-C-1] org.apache.kafka.clients.NetworkClient   : [Consumer clientId=consumer-notification-service-1, groupId=notification-service] Error while fetching metadata with correlation id 2210 : {souq.platform.events=UNKNOWN_TOPIC_OR_PARTITION, souq.publisher.events=UNKNOWN_TOPIC_OR_PARTITION}
2026-02-28T17:08:03.724+01:00  WARN 42770 --- [notification-service] [ntainer#0-0-C-1] org.apache.kafka.clients.NetworkClient   : [Consumer clientId=consumer-notification-service-1, groupId=notification-service] Error while fetching metadata with correlation id 2212 : {souq.platform.events=UNKNOWN_TOPIC_OR_PARTITION, souq.publisher.events=UNKNOWN_TOPIC_OR_PARTITION}
2026-02-28T17:08:04.724+01:00  WARN 42770 --- [notification-service] [ntainer#0-0-C-1] org.apache.kafka.clients.NetworkClient   : [Consumer clientId=consumer-notification-service-1, groupId=notification-service] Error while fetching metadata with correlation id 2213 : {souq.platform.events=UNKNOWN_TOPIC_OR_PARTITION, souq.publisher.events=UNKNOWN_TOPIC_OR_PARTITION}
2026-02-28T17:08:05.563+01:00  WARN 42770 --- [notification-service] [ntainer#0-0-C-1] org.apache.kafka.clients.NetworkClient   : [Consumer clientId=consumer-notification-service-1, groupId=notification-service] Error while fetching metadata with correlation id 2214 : {souq.platform.events=UNKNOWN_TOPIC_OR_PARTITION, souq.publisher.events=UNKNOWN_TOPIC_OR_PARTITION}
2026-02-28T17:08:06.564+01:00  WARN 42770 --- [notification-service] [ntainer#0-0-C-1] org.apache.kafka.clients.NetworkClient   : [Consumer clientId=consumer-notification-service-1, groupId=notification-service] Error while fetching metadata with correlation id 2216 : {souq.platform.events=UNKNOWN_TOPIC_OR_PARTITION, souq.publisher.events=UNKNOWN_TOPIC_OR_PARTITION}
2026-02-28T17:08:07.489+01:00  WARN 42770 --- [notification-service] [ntainer#0-0-C-1] org.apache.kafka.clients.NetworkClient   : [Consumer clientId=consumer-notification-service-1, groupId=notification-service] Error while fetching metadata with correlation id 2217 : {souq.platform.events=UNKNOWN_TOPIC_OR_PARTITION, souq.publisher.events=UNKNOWN_TOPIC_OR_PARTITION}
2026-02-28T17:08:08.481+01:00  WARN 42770 --- [notification-service] [ntainer#0-0-C-1] org.apache.kafka.clients.NetworkClient   : [Consumer clientId=consumer-notification-service-1, groupId=notification-service] Error while fetching metadata with correlation id 2218 : {souq.platform.events=UNKNOWN_TOPIC_OR_PARTITION, souq.publisher.events=UNKNOWN_TOPIC_OR_PARTITION}
2026-02-28T17:08:09.482+01:00  WARN 42770 --- [notification-service] [ntainer#0-0-C-1] org.apache.kafka.clients.NetworkClient   : [Consumer clientId=consumer-notification-service-1, groupId=notification-service] Error while fetching metadata with correlation id 2220 : {souq.platform.events=UNKNOWN_TOPIC_OR_PARTITION, souq.publisher.events=UNKNOWN_TOPIC_OR_PARTITION}
2026-02-28T17:08:10.483+01:00  WARN 42770 --- [notification-service] [ntainer#0-0-C-1] org.apache.kafka.clients.NetworkClient   : [Consumer clientId=consumer-notification-service-1, groupId=notification-service] Error while fetching metadata with correlation id 2221 : {souq.platform.events=UNKNOWN_TOPIC_OR_PARTITION, souq.publisher.events=UNKNOWN_TOPIC_OR_PARTITION}
2026-02-28T17:08:11.484+01:00  WARN 42770 --- [notification-service] [ntainer#0-0-C-1] org.apache.kafka.clients.NetworkClient   : [Consumer clientId=consumer-notification-service-1, groupId=notification-service] Error while fetching metadata with correlation id 2222 : {souq.platform.events=UNKNOWN_TOPIC_OR_PARTITION, souq.publisher.events=UNKNOWN_TOPIC_OR_PARTITION}
2026-02-28T17:08:12.485+01:00  WARN 42770 --- [notification-service] [ntainer#0-0-C-1] org.apache.kafka.clients.NetworkClient   : [Consumer clientId=consumer-notification-service-1, groupId=notification-service] Error while fetching metadata with correlation id 2224 : {souq.platform.events=UNKNOWN_TOPIC_OR_PARTITION, souq.publisher.events=UNKNOWN_TOPIC_OR_PARTITION}
2026-02-28T17:08:13.486+01:00  WARN 42770 --- [notification-service] [ntainer#0-0-C-1] org.apache.kafka.clients.NetworkClient   : [Consumer clientId=consumer-notification-service-1, groupId=notification-service] Error while fetching metadata with correlation id 2225 : {souq.platform.events=UNKNOWN_TOPIC_OR_PARTITION, souq.publisher.events=UNKNOWN_TOPIC_OR_PARTITION}
2026-02-28T17:08:14.391+01:00  WARN 42770 --- [notification-service] [ntainer#0-0-C-1] org.apache.kafka.clients.NetworkClient   : [Consumer clientId=consumer-notification-service-1, groupId=notification-service] Error while fetching metadata with correlation id 2226 : {souq.platform.events=UNKNOWN_TOPIC_OR_PARTITION, souq.publisher.events=UNKNOWN_TOPIC_OR_PARTITION}
2026-02-28T17:08:15.393+01:00  WARN 42770 --- [notification-service] [ntainer#0-0-C-1] org.apache.kafka.clients.NetworkClient   : [Consumer clientId=consumer-notification-service-1, groupId=notification-service] Error while fetching metadata with correlation id 2228 : {souq.platform.events=UNKNOWN_TOPIC_OR_PARTITION, souq.publisher.events=UNKNOWN_TOPIC_OR_PARTITION}
2026-02-28T17:08:16.394+01:00  WARN 42770 --- [notification-service] [ntainer#0-0-C-1] org.apache.kafka.clients.NetworkClient   : [Consumer clientId=consumer-notification-service-1, groupId=notification-service] Error while fetching metadata with correlation id 2229 : {souq.platform.events=UNKNOWN_TOPIC_OR_PARTITION, souq.publisher.events=UNKNOWN_TOPIC_OR_PARTITION}
2026-02-28T17:08:17.291+01:00  WARN 42770 --- [notification-service] [ntainer#0-0-C-1] org.apache.kafka.clients.NetworkClient   : [Consumer clientId=consumer-notification-service-1, groupId=notification-service] Error while fetching metadata with correlation id 2230 : {souq.platform.events=UNKNOWN_TOPIC_OR_PARTITION, souq.publisher.events=UNKNOWN_TOPIC_OR_PARTITION}
2026-02-28T17:08:18.121+01:00  WARN 42770 --- [notification-service] [ntainer#0-0-C-1] org.apache.kafka.clients.NetworkClient   : [Consumer clientId=consumer-notification-service-1, groupId=notification-service] Error while fetching metadata with correlation id 2232 : {souq.platform.events=UNKNOWN_TOPIC_OR_PARTITION, souq.publisher.events=UNKNOWN_TOPIC_OR_PARTITION}
2026-02-28T17:08:19.044+01:00  WARN 42770 --- [notification-service] [ntainer#0-0-C-1] org.apache.kafka.clients.NetworkClient   : [Consumer clientId=consumer-notification-service-1, groupId=notification-service] Error while fetching metadata with correlation id 2233 : {souq.platform.events=UNKNOWN_TOPIC_OR_PARTITION, souq.publisher.events=UNKNOWN_TOPIC_OR_PARTITION}
2026-02-28T17:08:20.045+01:00  WARN 42770 --- [notification-service] [ntainer#0-0-C-1] org.apache.kafka.clients.NetworkClient   : [Consumer clientId=consumer-notification-service-1, groupId=notification-service] Error while fetching metadata with correlation id 2234 : {souq.platform.events=UNKNOWN_TOPIC_OR_PARTITION, souq.publisher.events=UNKNOWN_TOPIC_OR_PARTITION}
2026-02-28T17:08:20.920+01:00  WARN 42770 --- [notification-service] [ntainer#0-0-C-1] org.apache.kafka.clients.NetworkClient   : [Consumer clientId=consumer-notification-service-1, groupId=notification-service] Error while fetching metadata with correlation id 2236 : {souq.platform.events=UNKNOWN_TOPIC_OR_PARTITION, souq.publisher.events=UNKNOWN_TOPIC_OR_PARTITION}
2026-02-28T17:08:21.888+01:00  WARN 42770 --- [notification-service] [ntainer#0-0-C-1] org.apache.kafka.clients.NetworkClient   : [Consumer clientId=consumer-notification-service-1, groupId=notification-service] Error while fetching metadata with correlation id 2237 : {souq.platform.events=UNKNOWN_TOPIC_OR_PARTITION, souq.publisher.events=UNKNOWN_TOPIC_OR_PARTITION}
2026-02-28T17:08:22.790+01:00  WARN 42770 --- [notification-service] [ntainer#0-0-C-1] org.apache.kafka.clients.NetworkClient   : [Consumer clientId=consumer-notification-service-1, groupId=notification-service] Error while fetching metadata with correlation id 2238 : {souq.platform.events=UNKNOWN_TOPIC_OR_PARTITION, souq.publisher.events=UNKNOWN_TOPIC_OR_PARTITION}
2026-02-28T17:08:23.791+01:00  WARN 42770 --- [notification-service] [ntainer#0-0-C-1] org.apache.kafka.clients.NetworkClient   : [Consumer clientId=consumer-notification-service-1, groupId=notification-service] Error while fetching metadata with correlation id 2239 : {souq.platform.events=UNKNOWN_TOPIC_OR_PARTITION, souq.publisher.events=UNKNOWN_TOPIC_OR_PARTITION}
2026-02-28T17:08:24.724+01:00  WARN 42770 --- [notification-service] [ntainer#0-0-C-1] org.apache.kafka.clients.NetworkClient   : [Consumer clientId=consumer-notification-service-1, groupId=notification-service] Error while fetching metadata with correlation id 2241 : {souq.platform.events=UNKNOWN_TOPIC_OR_PARTITION, souq.publisher.events=UNKNOWN_TOPIC_OR_PARTITION}
2026-02-28T17:08:25.628+01:00  WARN 42770 --- [notification-service] [ntainer#0-0-C-1] org.apache.kafka.clients.NetworkClient   : [Consumer clientId=consumer-notification-service-1, groupId=notification-service] Error while fetching metadata with correlation id 2242 : {souq.platform.events=UNKNOWN_TOPIC_OR_PARTITION, souq.publisher.events=UNKNOWN_TOPIC_OR_PARTITION}
2026-02-28T17:08:26.587+01:00  WARN 42770 --- [notification-service] [ntainer#0-0-C-1] org.apache.kafka.clients.NetworkClient   : [Consumer clientId=consumer-notification-service-1, groupId=notification-service] Error while fetching metadata with correlation id 2243 : {souq.platform.events=UNKNOWN_TOPIC_OR_PARTITION, souq.publisher.events=UNKNOWN_TOPIC_OR_PARTITION}
2026-02-28T17:08:27.523+01:00  WARN 42770 --- [notification-service] [ntainer#0-0-C-1] org.apache.kafka.clients.NetworkClient   : [Consumer clientId=consumer-notification-service-1, groupId=notification-service] Error while fetching metadata with correlation id 2245 : {souq.platform.events=UNKNOWN_TOPIC_OR_PARTITION, souq.publisher.events=UNKNOWN_TOPIC_OR_PARTITION}
2026-02-28T17:08:28.524+01:00  WARN 42770 --- [notification-service] [ntainer#0-0-C-1] org.apache.kafka.clients.NetworkClient   : [Consumer clientId=consumer-notification-service-1, groupId=notification-service] Error while fetching metadata with correlation id 2246 : {souq.platform.events=UNKNOWN_TOPIC_OR_PARTITION, souq.publisher.events=UNKNOWN_TOPIC_OR_PARTITION}
2026-02-28T17:08:29.444+01:00  WARN 42770 --- [notification-service] [ntainer#0-0-C-1] org.apache.kafka.clients.NetworkClient   : [Consumer clientId=consumer-notification-service-1, groupId=notification-service] Error while fetching metadata with correlation id 2247 : {souq.platform.events=UNKNOWN_TOPIC_OR_PARTITION, souq.publisher.events=UNKNOWN_TOPIC_OR_PARTITION}
2026-02-28T17:08:30.423+01:00  WARN 42770 --- [notification-service] [ntainer#0-0-C-1] org.apache.kafka.clients.NetworkClient   : [Consumer clientId=consumer-notification-service-1, groupId=notification-service] Error while fetching metadata with correlation id 2249 : {souq.platform.events=UNKNOWN_TOPIC_OR_PARTITION, souq.publisher.events=UNKNOWN_TOPIC_OR_PARTITION}
2026-02-28T17:08:31.424+01:00  WARN 42770 --- [notification-service] [ntainer#0-0-C-1] org.apache.kafka.clients.NetworkClient   : [Consumer clientId=consumer-notification-service-1, groupId=notification-service] Error while fetching metadata with correlation id 2250 : {souq.platform.events=UNKNOWN_TOPIC_OR_PARTITION, souq.publisher.events=UNKNOWN_TOPIC_OR_PARTITION}
2026-02-28T17:08:32.291+01:00  WARN 42770 --- [notification-service] [ntainer#0-0-C-1] org.apache.kafka.clients.NetworkClient   : [Consumer clientId=consumer-notification-service-1, groupId=notification-service] Error while fetching metadata with correlation id 2251 : {souq.platform.events=UNKNOWN_TOPIC_OR_PARTITION, souq.publisher.events=UNKNOWN_TOPIC_OR_PARTITION}
2026-02-28T17:08:33.122+01:00  WARN 42770 --- [notification-service] [ntainer#0-0-C-1] org.apache.kafka.clients.NetworkClient   : [Consumer clientId=consumer-notification-service-1, groupId=notification-service] Error while fetching metadata with correlation id 2253 : {souq.platform.events=UNKNOWN_TOPIC_OR_PARTITION, souq.publisher.events=UNKNOWN_TOPIC_OR_PARTITION}
2026-02-28T17:08:34.123+01:00  WARN 42770 --- [notification-service] [ntainer#0-0-C-1] org.apache.kafka.clients.NetworkClient   : [Consumer clientId=consumer-notification-service-1, groupId=notification-service] Error while fetching metadata with correlation id 2254 : {souq.platform.events=UNKNOWN_TOPIC_OR_PARTITION, souq.publisher.events=UNKNOWN_TOPIC_OR_PARTITION}
2026-02-28T17:08:34.957+01:00  WARN 42770 --- [notification-service] [ntainer#0-0-C-1] org.apache.kafka.clients.NetworkClient   : [Consumer clientId=consumer-notification-service-1, groupId=notification-service] Error while fetching metadata with correlation id 2255 : {souq.platform.events=UNKNOWN_TOPIC_OR_PARTITION, souq.publisher.events=UNKNOWN_TOPIC_OR_PARTITION}
2026-02-28T17:08:35.819+01:00  WARN 42770 --- [notification-service] [ntainer#0-0-C-1] org.apache.kafka.clients.NetworkClient   : [Consumer clientId=consumer-notification-service-1, groupId=notification-service] Error while fetching metadata with correlation id 2257 : {souq.platform.events=UNKNOWN_TOPIC_OR_PARTITION, souq.publisher.events=UNKNOWN_TOPIC_OR_PARTITION}
2026-02-28T17:08:36.780+01:00  WARN 42770 --- [notification-service] [ntainer#0-0-C-1] org.apache.kafka.clients.NetworkClient   : [Consumer clientId=consumer-notification-service-1, groupId=notification-service] Error while fetching metadata with correlation id 2258 : {souq.platform.events=UNKNOWN_TOPIC_OR_PARTITION, souq.publisher.events=UNKNOWN_TOPIC_OR_PARTITION}
2026-02-28T17:08:37.781+01:00  WARN 42770 --- [notification-service] [ntainer#0-0-C-1] org.apache.kafka.clients.NetworkClient   : [Consumer clientId=consumer-notification-service-1, groupId=notification-service] Error while fetching metadata with correlation id 2259 : {souq.platform.events=UNKNOWN_TOPIC_OR_PARTITION, souq.publisher.events=UNKNOWN_TOPIC_OR_PARTITION}
2026-02-28T17:08:38.760+01:00  WARN 42770 --- [notification-service] [ntainer#0-0-C-1] org.apache.kafka.clients.NetworkClient   : [Consumer clientId=consumer-notification-service-1, groupId=notification-service] Error while fetching metadata with correlation id 2260 : {souq.platform.events=UNKNOWN_TOPIC_OR_PARTITION, souq.publisher.events=UNKNOWN_TOPIC_OR_PARTITION}
2026-02-28T17:08:39.596+01:00  WARN 42770 --- [notification-service] [ntainer#0-0-C-1] org.apache.kafka.clients.NetworkClient   : [Consumer clientId=consumer-notification-service-1, groupId=notification-service] Error while fetching metadata with correlation id 2262 : {souq.platform.events=UNKNOWN_TOPIC_OR_PARTITION, souq.publisher.events=UNKNOWN_TOPIC_OR_PARTITION}
2026-02-28T17:08:40.501+01:00  WARN 42770 --- [notification-service] [ntainer#0-0-C-1] org.apache.kafka.clients.NetworkClient   : [Consumer clientId=consumer-notification-service-1, groupId=notification-service] Error while fetching metadata with correlation id 2263 : {souq.platform.events=UNKNOWN_TOPIC_OR_PARTITION, souq.publisher.events=UNKNOWN_TOPIC_OR_PARTITION}
2026-02-28T17:08:41.406+01:00  WARN 42770 --- [notification-service] [ntainer#0-0-C-1] org.apache.kafka.clients.NetworkClient   : [Consumer clientId=consumer-notification-service-1, groupId=notification-service] Error while fetching metadata with correlation id 2264 : {souq.platform.events=UNKNOWN_TOPIC_OR_PARTITION, souq.publisher.events=UNKNOWN_TOPIC_OR_PARTITION}
2026-02-28T17:08:42.406+01:00  WARN 42770 --- [notification-service] [ntainer#0-0-C-1] org.apache.kafka.clients.NetworkClient   : [Consumer clientId=consumer-notification-service-1, groupId=notification-service] Error while fetching metadata with correlation id 2266 : {souq.platform.events=UNKNOWN_TOPIC_OR_PARTITION, souq.publisher.events=UNKNOWN_TOPIC_OR_PARTITION}
2026-02-28T17:08:43.379+01:00  WARN 42770 --- [notification-service] [ntainer#0-0-C-1] org.apache.kafka.clients.NetworkClient   : [Consumer clientId=consumer-notification-service-1, groupId=notification-service] Error while fetching metadata with correlation id 2267 : {souq.platform.events=UNKNOWN_TOPIC_OR_PARTITION, souq.publisher.events=UNKNOWN_TOPIC_OR_PARTITION}
2026-02-28T17:08:44.379+01:00  WARN 42770 --- [notification-service] [ntainer#0-0-C-1] org.apache.kafka.clients.NetworkClient   : [Consumer clientId=consumer-notification-service-1, groupId=notification-service] Error while fetching metadata with correlation id 2268 : {souq.platform.events=UNKNOWN_TOPIC_OR_PARTITION, souq.publisher.events=UNKNOWN_TOPIC_OR_PARTITION}
2026-02-28T17:08:45.323+01:00  WARN 42770 --- [notification-service] [ntainer#0-0-C-1] org.apache.kafka.clients.NetworkClient   : [Consumer clientId=consumer-notification-service-1, groupId=notification-service] Error while fetching metadata with correlation id 2270 : {souq.platform.events=UNKNOWN_TOPIC_OR_PARTITION, souq.publisher.events=UNKNOWN_TOPIC_OR_PARTITION}
2026-02-28T17:08:46.228+01:00  WARN 42770 --- [notification-service] [ntainer#0-0-C-1] org.apache.kafka.clients.NetworkClient   : [Consumer clientId=consumer-notification-service-1, groupId=notification-service] Error while fetching metadata with correlation id 2271 : {souq.platform.events=UNKNOWN_TOPIC_OR_PARTITION, souq.publisher.events=UNKNOWN_TOPIC_OR_PARTITION}
2026-02-28T17:08:47.192+01:00  WARN 42770 --- [notification-service] [ntainer#0-0-C-1] org.apache.kafka.clients.NetworkClient   : [Consumer clientId=consumer-notification-service-1, groupId=notification-service] Error while fetching metadata with correlation id 2272 : {souq.platform.events=UNKNOWN_TOPIC_OR_PARTITION, souq.publisher.events=UNKNOWN_TOPIC_OR_PARTITION}
2026-02-28T17:08:48.193+01:00  WARN 42770 --- [notification-service] [ntainer#0-0-C-1] org.apache.kafka.clients.NetworkClient   : [Consumer clientId=consumer-notification-service-1, groupId=notification-service] Error while fetching metadata with correlation id 2274 : {souq.platform.events=UNKNOWN_TOPIC_OR_PARTITION, souq.publisher.events=UNKNOWN_TOPIC_OR_PARTITION}
2026-02-28T17:08:49.194+01:00  WARN 42770 --- [notification-service] [ntainer#0-0-C-1] org.apache.kafka.clients.NetworkClient   : [Consumer clientId=consumer-notification-service-1, groupId=notification-service] Error while fetching metadata with correlation id 2275 : {souq.platform.events=UNKNOWN_TOPIC_OR_PARTITION, souq.publisher.events=UNKNOWN_TOPIC_OR_PARTITION}
2026-02-28T17:08:50.103+01:00  WARN 42770 --- [notification-service] [ntainer#0-0-C-1] org.apache.kafka.clients.NetworkClient   : [Consumer clientId=consumer-notification-service-1, groupId=notification-service] Error while fetching metadata with correlation id 2276 : {souq.platform.events=UNKNOWN_TOPIC_OR_PARTITION, souq.publisher.events=UNKNOWN_TOPIC_OR_PARTITION}
2026-02-28T17:08:51.104+01:00  WARN 42770 --- [notification-service] [ntainer#0-0-C-1] org.apache.kafka.clients.NetworkClient   : [Consumer clientId=consumer-notification-service-1, groupId=notification-service] Error while fetching metadata with correlation id 2278 : {souq.platform.events=UNKNOWN_TOPIC_OR_PARTITION, souq.publisher.events=UNKNOWN_TOPIC_OR_PARTITION}
2026-02-28T17:08:51.991+01:00  WARN 42770 --- [notification-service] [ntainer#0-0-C-1] org.apache.kafka.clients.NetworkClient   : [Consumer clientId=consumer-notification-service-1, groupId=notification-service] Error while fetching metadata with correlation id 2279 : {souq.platform.events=UNKNOWN_TOPIC_OR_PARTITION, souq.publisher.events=UNKNOWN_TOPIC_OR_PARTITION}
2026-02-28T17:08:52.992+01:00  WARN 42770 --- [notification-service] [ntainer#0-0-C-1] org.apache.kafka.clients.NetworkClient   : [Consumer clientId=consumer-notification-service-1, groupId=notification-service] Error while fetching metadata with correlation id 2280 : {souq.platform.events=UNKNOWN_TOPIC_OR_PARTITION, souq.publisher.events=UNKNOWN_TOPIC_OR_PARTITION}
2026-02-28T17:08:53.821+01:00  WARN 42770 --- [notification-service] [ntainer#0-0-C-1] org.apache.kafka.clients.NetworkClient   : [Consumer clientId=consumer-notification-service-1, groupId=notification-service] Error while fetching metadata with correlation id 2281 : {souq.platform.events=UNKNOWN_TOPIC_OR_PARTITION, souq.publisher.events=UNKNOWN_TOPIC_OR_PARTITION}
2026-02-28T17:08:54.734+01:00  WARN 42770 --- [notification-service] [ntainer#0-0-C-1] org.apache.kafka.clients.NetworkClient   : [Consumer clientId=consumer-notification-service-1, groupId=notification-service] Error while fetching metadata with correlation id 2283 : {souq.platform.events=UNKNOWN_TOPIC_OR_PARTITION, souq.publisher.events=UNKNOWN_TOPIC_OR_PARTITION}
2026-02-28T17:08:55.735+01:00  WARN 42770 --- [notification-service] [ntainer#0-0-C-1] org.apache.kafka.clients.NetworkClient   : [Consumer clientId=consumer-notification-service-1, groupId=notification-service] Error while fetching metadata with correlation id 2284 : {souq.platform.events=UNKNOWN_TOPIC_OR_PARTITION, souq.publisher.events=UNKNOWN_TOPIC_OR_PARTITION}
2026-02-28T17:08:56.735+01:00  WARN 42770 --- [notification-service] [ntainer#0-0-C-1] org.apache.kafka.clients.NetworkClient   : [Consumer clientId=consumer-notification-service-1, groupId=notification-service] Error while fetching metadata with correlation id 2285 : {souq.platform.events=UNKNOWN_TOPIC_OR_PARTITION, souq.publisher.events=UNKNOWN_TOPIC_OR_PARTITION}
2026-02-28T17:08:57.603+01:00  WARN 42770 --- [notification-service] [ntainer#0-0-C-1] org.apache.kafka.clients.NetworkClient   : [Consumer clientId=consumer-notification-service-1, groupId=notification-service] Error while fetching metadata with correlation id 2287 : {souq.platform.events=UNKNOWN_TOPIC_OR_PARTITION, souq.publisher.events=UNKNOWN_TOPIC_OR_PARTITION}
2026-02-28T17:08:58.603+01:00  WARN 42770 --- [notification-service] [ntainer#0-0-C-1] org.apache.kafka.clients.NetworkClient   : [Consumer clientId=consumer-notification-service-1, groupId=notification-service] Error while fetching metadata with correlation id 2288 : {souq.platform.events=UNKNOWN_TOPIC_OR_PARTITION, souq.publisher.events=UNKNOWN_TOPIC_OR_PARTITION}
2026-02-28T17:08:59.508+01:00  WARN 42770 --- [notification-service] [ntainer#0-0-C-1] org.apache.kafka.clients.NetworkClient   : [Consumer clientId=consumer-notification-service-1, groupId=notification-service] Error while fetching metadata with correlation id 2289 : {souq.platform.events=UNKNOWN_TOPIC_OR_PARTITION, souq.publisher.events=UNKNOWN_TOPIC_OR_PARTITION}
2026-02-28T17:09:00.425+01:00  WARN 42770 --- [notification-service] [ntainer#0-0-C-1] org.apache.kafka.clients.NetworkClient   : [Consumer clientId=consumer-notification-service-1, groupId=notification-service] Error while fetching metadata with correlation id 2291 : {souq.platform.events=UNKNOWN_TOPIC_OR_PARTITION, souq.publisher.events=UNKNOWN_TOPIC_OR_PARTITION}
2026-02-28T17:09:01.406+01:00  WARN 42770 --- [notification-service] [ntainer#0-0-C-1] org.apache.kafka.clients.NetworkClient   : [Consumer clientId=consumer-notification-service-1, groupId=notification-service] Error while fetching metadata with correlation id 2292 : {souq.platform.events=UNKNOWN_TOPIC_OR_PARTITION, souq.publisher.events=UNKNOWN_TOPIC_OR_PARTITION}
2026-02-28T17:09:02.395+01:00  WARN 42770 --- [notification-service] [ntainer#0-0-C-1] org.apache.kafka.clients.NetworkClient   : [Consumer clientId=consumer-notification-service-1, groupId=notification-service] Error while fetching metadata with correlation id 2293 : {souq.platform.events=UNKNOWN_TOPIC_OR_PARTITION, souq.publisher.events=UNKNOWN_TOPIC_OR_PARTITION}
2026-02-28T17:09:03.395+01:00  WARN 42770 --- [notification-service] [ntainer#0-0-C-1] org.apache.kafka.clients.NetworkClient   : [Consumer clientId=consumer-notification-service-1, groupId=notification-service] Error while fetching metadata with correlation id 2295 : {souq.platform.events=UNKNOWN_TOPIC_OR_PARTITION, souq.publisher.events=UNKNOWN_TOPIC_OR_PARTITION}
2026-02-28T17:09:04.396+01:00  WARN 42770 --- [notification-service] [ntainer#0-0-C-1] org.apache.kafka.clients.NetworkClient   : [Consumer clientId=consumer-notification-service-1, groupId=notification-service] Error while fetching metadata with correlation id 2296 : {souq.platform.events=UNKNOWN_TOPIC_OR_PARTITION, souq.publisher.events=UNKNOWN_TOPIC_OR_PARTITION}
2026-02-28T17:09:05.397+01:00  WARN 42770 --- [notification-service] [ntainer#0-0-C-1] org.apache.kafka.clients.NetworkClient   : [Consumer clientId=consumer-notification-service-1, groupId=notification-service] Error while fetching metadata with correlation id 2297 : {souq.platform.events=UNKNOWN_TOPIC_OR_PARTITION, souq.publisher.events=UNKNOWN_TOPIC_OR_PARTITION}
2026-02-28T17:09:06.398+01:00  WARN 42770 --- [notification-service] [ntainer#0-0-C-1] org.apache.kafka.clients.NetworkClient   : [Consumer clientId=consumer-notification-service-1, groupId=notification-service] Error while fetching metadata with correlation id 2299 : {souq.platform.events=UNKNOWN_TOPIC_OR_PARTITION, souq.publisher.events=UNKNOWN_TOPIC_OR_PARTITION}
2026-02-28T17:09:07.262+01:00  WARN 42770 --- [notification-service] [ntainer#0-0-C-1] org.apache.kafka.clients.NetworkClient   : [Consumer clientId=consumer-notification-service-1, groupId=notification-service] Error while fetching metadata with correlation id 2300 : {souq.platform.events=UNKNOWN_TOPIC_OR_PARTITION, souq.publisher.events=UNKNOWN_TOPIC_OR_PARTITION}
2026-02-28T17:09:08.263+01:00  WARN 42770 --- [notification-service] [ntainer#0-0-C-1] org.apache.kafka.clients.NetworkClient   : [Consumer clientId=consumer-notification-service-1, groupId=notification-service] Error while fetching metadata with correlation id 2301 : {souq.platform.events=UNKNOWN_TOPIC_OR_PARTITION, souq.publisher.events=UNKNOWN_TOPIC_OR_PARTITION}
2026-02-28T17:09:09.225+01:00  WARN 42770 --- [notification-service] [ntainer#0-0-C-1] org.apache.kafka.clients.NetworkClient   : [Consumer clientId=consumer-notification-service-1, groupId=notification-service] Error while fetching metadata with correlation id 2303 : {souq.platform.events=UNKNOWN_TOPIC_OR_PARTITION, souq.publisher.events=UNKNOWN_TOPIC_OR_PARTITION}
2026-02-28T17:09:10.152+01:00  WARN 42770 --- [notification-service] [ntainer#0-0-C-1] org.apache.kafka.clients.NetworkClient   : [Consumer clientId=consumer-notification-service-1, groupId=notification-service] Error while fetching metadata with correlation id 2304 : {souq.platform.events=UNKNOWN_TOPIC_OR_PARTITION, souq.publisher.events=UNKNOWN_TOPIC_OR_PARTITION}
2026-02-28T17:09:11.153+01:00  WARN 42770 --- [notification-service] [ntainer#0-0-C-1] org.apache.kafka.clients.NetworkClient   : [Consumer clientId=consumer-notification-service-1, groupId=notification-service] Error while fetching metadata with correlation id 2305 : {souq.platform.events=UNKNOWN_TOPIC_OR_PARTITION, souq.publisher.events=UNKNOWN_TOPIC_OR_PARTITION}
2026-02-28T17:09:12.124+01:00  WARN 42770 --- [notification-service] [ntainer#0-0-C-1] org.apache.kafka.clients.NetworkClient   : [Consumer clientId=consumer-notification-service-1, groupId=notification-service] Error while fetching metadata with correlation id 2307 : {souq.platform.events=UNKNOWN_TOPIC_OR_PARTITION, souq.publisher.events=UNKNOWN_TOPIC_OR_PARTITION}
2026-02-28T17:09:13.029+01:00  WARN 42770 --- [notification-service] [ntainer#0-0-C-1] org.apache.kafka.clients.NetworkClient   : [Consumer clientId=consumer-notification-service-1, groupId=notification-service] Error while fetching metadata with correlation id 2308 : {souq.platform.events=UNKNOWN_TOPIC_OR_PARTITION, souq.publisher.events=UNKNOWN_TOPIC_OR_PARTITION}
2026-02-28T17:09:14.030+01:00  WARN 42770 --- [notification-service] [ntainer#0-0-C-1] org.apache.kafka.clients.NetworkClient   : [Consumer clientId=consumer-notification-service-1, groupId=notification-service] Error while fetching metadata with correlation id 2309 : {souq.platform.events=UNKNOWN_TOPIC_OR_PARTITION, souq.publisher.events=UNKNOWN_TOPIC_OR_PARTITION}
2026-02-28T17:09:14.979+01:00  WARN 42770 --- [notification-service] [ntainer#0-0-C-1] org.apache.kafka.clients.NetworkClient   : [Consumer clientId=consumer-notification-service-1, groupId=notification-service] Error while fetching metadata with correlation id 2311 : {souq.platform.events=UNKNOWN_TOPIC_OR_PARTITION, souq.publisher.events=UNKNOWN_TOPIC_OR_PARTITION}
2026-02-28T17:09:15.979+01:00  WARN 42770 --- [notification-service] [ntainer#0-0-C-1] org.apache.kafka.clients.NetworkClient   : [Consumer clientId=consumer-notification-service-1, groupId=notification-service] Error while fetching metadata with correlation id 2312 : {souq.platform.events=UNKNOWN_TOPIC_OR_PARTITION, souq.publisher.events=UNKNOWN_TOPIC_OR_PARTITION}
2026-02-28T17:09:16.893+01:00  WARN 42770 --- [notification-service] [ntainer#0-0-C-1] org.apache.kafka.clients.NetworkClient   : [Consumer clientId=consumer-notification-service-1, groupId=notification-service] Error while fetching metadata with correlation id 2313 : {souq.platform.events=UNKNOWN_TOPIC_OR_PARTITION, souq.publisher.events=UNKNOWN_TOPIC_OR_PARTITION}
2026-02-28T17:09:17.824+01:00  WARN 42770 --- [notification-service] [ntainer#0-0-C-1] org.apache.kafka.clients.NetworkClient   : [Consumer clientId=consumer-notification-service-1, groupId=notification-service] Error while fetching metadata with correlation id 2314 : {souq.platform.events=UNKNOWN_TOPIC_OR_PARTITION, souq.publisher.events=UNKNOWN_TOPIC_OR_PARTITION}
2026-02-28T17:09:18.825+01:00  WARN 42770 --- [notification-service] [ntainer#0-0-C-1] org.apache.kafka.clients.NetworkClient   : [Consumer clientId=consumer-notification-service-1, groupId=notification-service] Error while fetching metadata with correlation id 2316 : {souq.platform.events=UNKNOWN_TOPIC_OR_PARTITION, souq.publisher.events=UNKNOWN_TOPIC_OR_PARTITION}
2026-02-28T17:09:19.825+01:00  WARN 42770 --- [notification-service] [ntainer#0-0-C-1] org.apache.kafka.clients.NetworkClient   : [Consumer clientId=consumer-notification-service-1, groupId=notification-service] Error while fetching metadata with correlation id 2317 : {souq.platform.events=UNKNOWN_TOPIC_OR_PARTITION, souq.publisher.events=UNKNOWN_TOPIC_OR_PARTITION}
2026-02-28T17:09:20.824+01:00  WARN 42770 --- [notification-service] [ntainer#0-0-C-1] org.apache.kafka.clients.NetworkClient   : [Consumer clientId=consumer-notification-service-1, groupId=notification-service] Error while fetching metadata with correlation id 2318 : {souq.platform.events=UNKNOWN_TOPIC_OR_PARTITION, souq.publisher.events=UNKNOWN_TOPIC_OR_PARTITION}
2026-02-28T17:09:21.794+01:00  WARN 42770 --- [notification-service] [ntainer#0-0-C-1] org.apache.kafka.clients.NetworkClient   : [Consumer clientId=consumer-notification-service-1, groupId=notification-service] Error while fetching metadata with correlation id 2320 : {souq.platform.events=UNKNOWN_TOPIC_OR_PARTITION, souq.publisher.events=UNKNOWN_TOPIC_OR_PARTITION}
2026-02-28T17:09:22.699+01:00  WARN 42770 --- [notification-service] [ntainer#0-0-C-1] org.apache.kafka.clients.NetworkClient   : [Consumer clientId=consumer-notification-service-1, groupId=notification-service] Error while fetching metadata with correlation id 2321 : {souq.platform.events=UNKNOWN_TOPIC_OR_PARTITION, souq.publisher.events=UNKNOWN_TOPIC_OR_PARTITION}
2026-02-28T17:09:23.700+01:00  WARN 42770 --- [notification-service] [ntainer#0-0-C-1] org.apache.kafka.clients.NetworkClient   : [Consumer clientId=consumer-notification-service-1, groupId=notification-service] Error while fetching metadata with correlation id 2322 : {souq.platform.events=UNKNOWN_TOPIC_OR_PARTITION, souq.publisher.events=UNKNOWN_TOPIC_OR_PARTITION}
2026-02-28T17:09:24.701+01:00  WARN 42770 --- [notification-service] [ntainer#0-0-C-1] org.apache.kafka.clients.NetworkClient   : [Consumer clientId=consumer-notification-service-1, groupId=notification-service] Error while fetching metadata with correlation id 2324 : {souq.platform.events=UNKNOWN_TOPIC_OR_PARTITION, souq.publisher.events=UNKNOWN_TOPIC_OR_PARTITION}
2026-02-28T17:09:25.702+01:00  WARN 42770 --- [notification-service] [ntainer#0-0-C-1] org.apache.kafka.clients.NetworkClient   : [Consumer clientId=consumer-notification-service-1, groupId=notification-service] Error while fetching metadata with correlation id 2325 : {souq.platform.events=UNKNOWN_TOPIC_OR_PARTITION, souq.publisher.events=UNKNOWN_TOPIC_OR_PARTITION}
2026-02-28T17:09:26.594+01:00  WARN 42770 --- [notification-service] [ntainer#0-0-C-1] org.apache.kafka.clients.NetworkClient   : [Consumer clientId=consumer-notification-service-1, groupId=notification-service] Error while fetching metadata with correlation id 2326 : {souq.platform.events=UNKNOWN_TOPIC_OR_PARTITION, souq.publisher.events=UNKNOWN_TOPIC_OR_PARTITION}
2026-02-28T17:09:27.595+01:00  WARN 42770 --- [notification-service] [ntainer#0-0-C-1] org.apache.kafka.clients.NetworkClient   : [Consumer clientId=consumer-notification-service-1, groupId=notification-service] Error while fetching metadata with correlation id 2328 : {souq.platform.events=UNKNOWN_TOPIC_OR_PARTITION, souq.publisher.events=UNKNOWN_TOPIC_OR_PARTITION}
2026-02-28T17:09:28.560+01:00  WARN 42770 --- [notification-service] [ntainer#0-0-C-1] org.apache.kafka.clients.NetworkClient   : [Consumer clientId=consumer-notification-service-1, groupId=notification-service] Error while fetching metadata with correlation id 2329 : {souq.platform.events=UNKNOWN_TOPIC_OR_PARTITION, souq.publisher.events=UNKNOWN_TOPIC_OR_PARTITION}
2026-02-28T17:09:29.465+01:00  WARN 42770 --- [notification-service] [ntainer#0-0-C-1] org.apache.kafka.clients.NetworkClient   : [Consumer clientId=consumer-notification-service-1, groupId=notification-service] Error while fetching metadata with correlation id 2330 : {souq.platform.events=UNKNOWN_TOPIC_OR_PARTITION, souq.publisher.events=UNKNOWN_TOPIC_OR_PARTITION}
2026-02-28T17:09:30.427+01:00  WARN 42770 --- [notification-service] [ntainer#0-0-C-1] org.apache.kafka.clients.NetworkClient   : [Consumer clientId=consumer-notification-service-1, groupId=notification-service] Error while fetching metadata with correlation id 2332 : {souq.platform.events=UNKNOWN_TOPIC_OR_PARTITION, souq.publisher.events=UNKNOWN_TOPIC_OR_PARTITION}
2026-02-28T17:09:31.331+01:00  WARN 42770 --- [notification-service] [ntainer#0-0-C-1] org.apache.kafka.clients.NetworkClient   : [Consumer clientId=consumer-notification-service-1, groupId=notification-service] Error while fetching metadata with correlation id 2333 : {souq.platform.events=UNKNOWN_TOPIC_OR_PARTITION, souq.publisher.events=UNKNOWN_TOPIC_OR_PARTITION}
2026-02-28T17:09:32.199+01:00  WARN 42770 --- [notification-service] [ntainer#0-0-C-1] org.apache.kafka.clients.NetworkClient   : [Consumer clientId=consumer-notification-service-1, groupId=notification-service] Error while fetching metadata with correlation id 2334 : {souq.platform.events=UNKNOWN_TOPIC_OR_PARTITION, souq.publisher.events=UNKNOWN_TOPIC_OR_PARTITION}
2026-02-28T17:09:33.028+01:00  WARN 42770 --- [notification-service] [ntainer#0-0-C-1] org.apache.kafka.clients.NetworkClient   : [Consumer clientId=consumer-notification-service-1, groupId=notification-service] Error while fetching metadata with correlation id 2336 : {souq.platform.events=UNKNOWN_TOPIC_OR_PARTITION, souq.publisher.events=UNKNOWN_TOPIC_OR_PARTITION}
2026-02-28T17:09:34.029+01:00  WARN 42770 --- [notification-service] [ntainer#0-0-C-1] org.apache.kafka.clients.NetworkClient   : [Consumer clientId=consumer-notification-service-1, groupId=notification-service] Error while fetching metadata with correlation id 2337 : {souq.platform.events=UNKNOWN_TOPIC_OR_PARTITION, souq.publisher.events=UNKNOWN_TOPIC_OR_PARTITION}
2026-02-28T17:09:34.935+01:00  WARN 42770 --- [notification-service] [ntainer#0-0-C-1] org.apache.kafka.clients.NetworkClient   : [Consumer clientId=consumer-notification-service-1, groupId=notification-service] Error while fetching metadata with correlation id 2338 : {souq.platform.events=UNKNOWN_TOPIC_OR_PARTITION, souq.publisher.events=UNKNOWN_TOPIC_OR_PARTITION}
2026-02-28T17:09:35.827+01:00  WARN 42770 --- [notification-service] [ntainer#0-0-C-1] org.apache.kafka.clients.NetworkClient   : [Consumer clientId=consumer-notification-service-1, groupId=notification-service] Error while fetching metadata with correlation id 2339 : {souq.platform.events=UNKNOWN_TOPIC_OR_PARTITION, souq.publisher.events=UNKNOWN_TOPIC_OR_PARTITION}
2026-02-28T17:09:36.828+01:00  WARN 42770 --- [notification-service] [ntainer#0-0-C-1] org.apache.kafka.clients.NetworkClient   : [Consumer clientId=consumer-notification-service-1, groupId=notification-service] Error while fetching metadata with correlation id 2341 : {souq.platform.events=UNKNOWN_TOPIC_OR_PARTITION, souq.publisher.events=UNKNOWN_TOPIC_OR_PARTITION}
2026-02-28T17:09:37.719+01:00  WARN 42770 --- [notification-service] [ntainer#0-0-C-1] org.apache.kafka.clients.NetworkClient   : [Consumer clientId=consumer-notification-service-1, groupId=notification-service] Error while fetching metadata with correlation id 2342 : {souq.platform.events=UNKNOWN_TOPIC_OR_PARTITION, souq.publisher.events=UNKNOWN_TOPIC_OR_PARTITION}
2026-02-28T17:09:38.720+01:00  WARN 42770 --- [notification-service] [ntainer#0-0-C-1] org.apache.kafka.clients.NetworkClient   : [Consumer clientId=consumer-notification-service-1, groupId=notification-service] Error while fetching metadata with correlation id 2343 : {souq.platform.events=UNKNOWN_TOPIC_OR_PARTITION, souq.publisher.events=UNKNOWN_TOPIC_OR_PARTITION}
2026-02-28T17:09:39.721+01:00  WARN 42770 --- [notification-service] [ntainer#0-0-C-1] org.apache.kafka.clients.NetworkClient   : [Consumer clientId=consumer-notification-service-1, groupId=notification-service] Error while fetching metadata with correlation id 2345 : {souq.platform.events=UNKNOWN_TOPIC_OR_PARTITION, souq.publisher.events=UNKNOWN_TOPIC_OR_PARTITION}
2026-02-28T17:09:40.649+01:00  WARN 42770 --- [notification-service] [ntainer#0-0-C-1] org.apache.kafka.clients.NetworkClient   : [Consumer clientId=consumer-notification-service-1, groupId=notification-service] Error while fetching metadata with correlation id 2346 : {souq.platform.events=UNKNOWN_TOPIC_OR_PARTITION, souq.publisher.events=UNKNOWN_TOPIC_OR_PARTITION}
2026-02-28T17:09:41.554+01:00  WARN 42770 --- [notification-service] [ntainer#0-0-C-1] org.apache.kafka.clients.NetworkClient   : [Consumer clientId=consumer-notification-service-1, groupId=notification-service] Error while fetching metadata with correlation id 2347 : {souq.platform.events=UNKNOWN_TOPIC_OR_PARTITION, souq.publisher.events=UNKNOWN_TOPIC_OR_PARTITION}
2026-02-28T17:09:42.555+01:00  WARN 42770 --- [notification-service] [ntainer#0-0-C-1] org.apache.kafka.clients.NetworkClient   : [Consumer clientId=consumer-notification-service-1, groupId=notification-service] Error while fetching metadata with correlation id 2349 : {souq.platform.events=UNKNOWN_TOPIC_OR_PARTITION, souq.publisher.events=UNKNOWN_TOPIC_OR_PARTITION}
2026-02-28T17:09:43.556+01:00  WARN 42770 --- [notification-service] [ntainer#0-0-C-1] org.apache.kafka.clients.NetworkClient   : [Consumer clientId=consumer-notification-service-1, groupId=notification-service] Error while fetching metadata with correlation id 2350 : {souq.platform.events=UNKNOWN_TOPIC_OR_PARTITION, souq.publisher.events=UNKNOWN_TOPIC_OR_PARTITION}
2026-02-28T17:09:44.558+01:00  WARN 42770 --- [notification-service] [ntainer#0-0-C-1] org.apache.kafka.clients.NetworkClient   : [Consumer clientId=consumer-notification-service-1, groupId=notification-service] Error while fetching metadata with correlation id 2351 : {souq.platform.events=UNKNOWN_TOPIC_OR_PARTITION, souq.publisher.events=UNKNOWN_TOPIC_OR_PARTITION}
2026-02-28T17:09:45.432+01:00  WARN 42770 --- [notification-service] [ntainer#0-0-C-1] org.apache.kafka.clients.NetworkClient   : [Consumer clientId=consumer-notification-service-1, groupId=notification-service] Error while fetching metadata with correlation id 2353 : {souq.platform.events=UNKNOWN_TOPIC_OR_PARTITION, souq.publisher.events=UNKNOWN_TOPIC_OR_PARTITION}
2026-02-28T17:09:46.337+01:00  WARN 42770 --- [notification-service] [ntainer#0-0-C-1] org.apache.kafka.clients.NetworkClient   : [Consumer clientId=consumer-notification-service-1, groupId=notification-service] Error while fetching metadata with correlation id 2354 : {souq.platform.events=UNKNOWN_TOPIC_OR_PARTITION, souq.publisher.events=UNKNOWN_TOPIC_OR_PARTITION}
2026-02-28T17:09:47.294+01:00  WARN 42770 --- [notification-service] [ntainer#0-0-C-1] org.apache.kafka.clients.NetworkClient   : [Consumer clientId=consumer-notification-service-1, groupId=notification-service] Error while fetching metadata with correlation id 2355 : {souq.platform.events=UNKNOWN_TOPIC_OR_PARTITION, souq.publisher.events=UNKNOWN_TOPIC_OR_PARTITION}
2026-02-28T17:09:48.295+01:00  WARN 42770 --- [notification-service] [ntainer#0-0-C-1] org.apache.kafka.clients.NetworkClient   : [Consumer clientId=consumer-notification-service-1, groupId=notification-service] Error while fetching metadata with correlation id 2357 : {souq.platform.events=UNKNOWN_TOPIC_OR_PARTITION, souq.publisher.events=UNKNOWN_TOPIC_OR_PARTITION}
2026-02-28T17:09:49.201+01:00  WARN 42770 --- [notification-service] [ntainer#0-0-C-1] org.apache.kafka.clients.NetworkClient   : [Consumer clientId=consumer-notification-service-1, groupId=notification-service] Error while fetching metadata with correlation id 2358 : {souq.platform.events=UNKNOWN_TOPIC_OR_PARTITION, souq.publisher.events=UNKNOWN_TOPIC_OR_PARTITION}
2026-02-28T17:09:50.202+01:00  WARN 42770 --- [notification-service] [ntainer#0-0-C-1] org.apache.kafka.clients.NetworkClient   : [Consumer clientId=consumer-notification-service-1, groupId=notification-service] Error while fetching metadata with correlation id 2359 : {souq.platform.events=UNKNOWN_TOPIC_OR_PARTITION, souq.publisher.events=UNKNOWN_TOPIC_OR_PARTITION}
2026-02-28T17:09:51.130+01:00  WARN 42770 --- [notification-service] [ntainer#0-0-C-1] org.apache.kafka.clients.NetworkClient   : [Consumer clientId=consumer-notification-service-1, groupId=notification-service] Error while fetching metadata with correlation id 2361 : {souq.platform.events=UNKNOWN_TOPIC_OR_PARTITION, souq.publisher.events=UNKNOWN_TOPIC_OR_PARTITION}
2026-02-28T17:09:51.999+01:00  WARN 42770 --- [notification-service] [ntainer#0-0-C-1] org.apache.kafka.clients.NetworkClient   : [Consumer clientId=consumer-notification-service-1, groupId=notification-service] Error while fetching metadata with correlation id 2362 : {souq.platform.events=UNKNOWN_TOPIC_OR_PARTITION, souq.publisher.events=UNKNOWN_TOPIC_OR_PARTITION}
2026-02-28T17:09:52.904+01:00  WARN 42770 --- [notification-service] [ntainer#0-0-C-1] org.apache.kafka.clients.NetworkClient   : [Consumer clientId=consumer-notification-service-1, groupId=notification-service] Error while fetching metadata with correlation id 2363 : {souq.platform.events=UNKNOWN_TOPIC_OR_PARTITION, souq.publisher.events=UNKNOWN_TOPIC_OR_PARTITION}
2026-02-28T17:09:53.829+01:00  WARN 42770 --- [notification-service] [ntainer#0-0-C-1] org.apache.kafka.clients.NetworkClient   : [Consumer clientId=consumer-notification-service-1, groupId=notification-service] Error while fetching metadata with correlation id 2365 : {souq.platform.events=UNKNOWN_TOPIC_OR_PARTITION, souq.publisher.events=UNKNOWN_TOPIC_OR_PARTITION}
2026-02-28T17:09:54.829+01:00  WARN 42770 --- [notification-service] [ntainer#0-0-C-1] org.apache.kafka.clients.NetworkClient   : [Consumer clientId=consumer-notification-service-1, groupId=notification-service] Error while fetching metadata with correlation id 2366 : {souq.platform.events=UNKNOWN_TOPIC_OR_PARTITION, souq.publisher.events=UNKNOWN_TOPIC_OR_PARTITION}
2026-02-28T17:09:55.734+01:00  WARN 42770 --- [notification-service] [ntainer#0-0-C-1] org.apache.kafka.clients.NetworkClient   : [Consumer clientId=consumer-notification-service-1, groupId=notification-service] Error while fetching metadata with correlation id 2367 : {souq.platform.events=UNKNOWN_TOPIC_OR_PARTITION, souq.publisher.events=UNKNOWN_TOPIC_OR_PARTITION}
2026-02-28T17:09:56.698+01:00  WARN 42770 --- [notification-service] [ntainer#0-0-C-1] org.apache.kafka.clients.NetworkClient   : [Consumer clientId=consumer-notification-service-1, groupId=notification-service] Error while fetching metadata with correlation id 2368 : {souq.platform.events=UNKNOWN_TOPIC_OR_PARTITION, souq.publisher.events=UNKNOWN_TOPIC_OR_PARTITION}
2026-02-28T17:09:57.699+01:00  WARN 42770 --- [notification-service] [ntainer#0-0-C-1] org.apache.kafka.clients.NetworkClient   : [Consumer clientId=consumer-notification-service-1, groupId=notification-service] Error while fetching metadata with correlation id 2370 : {souq.platform.events=UNKNOWN_TOPIC_OR_PARTITION, souq.publisher.events=UNKNOWN_TOPIC_OR_PARTITION}
2026-02-28T17:09:58.598+01:00  WARN 42770 --- [notification-service] [ntainer#0-0-C-1] org.apache.kafka.clients.NetworkClient   : [Consumer clientId=consumer-notification-service-1, groupId=notification-service] Error while fetching metadata with correlation id 2371 : {souq.platform.events=UNKNOWN_TOPIC_OR_PARTITION, souq.publisher.events=UNKNOWN_TOPIC_OR_PARTITION}
2026-02-28T17:09:59.598+01:00  WARN 42770 --- [notification-service] [ntainer#0-0-C-1] org.apache.kafka.clients.NetworkClient   : [Consumer clientId=consumer-notification-service-1, groupId=notification-service] Error while fetching metadata with correlation id 2372 : {souq.platform.events=UNKNOWN_TOPIC_OR_PARTITION, souq.publisher.events=UNKNOWN_TOPIC_OR_PARTITION}
2026-02-28T17:10:00.533+01:00  WARN 42770 --- [notification-service] [ntainer#0-0-C-1] org.apache.kafka.clients.NetworkClient   : [Consumer clientId=consumer-notification-service-1, groupId=notification-service] Error while fetching metadata with correlation id 2374 : {souq.platform.events=UNKNOWN_TOPIC_OR_PARTITION, souq.publisher.events=UNKNOWN_TOPIC_OR_PARTITION}
2026-02-28T17:10:01.459+01:00  WARN 42770 --- [notification-service] [ntainer#0-0-C-1] org.apache.kafka.clients.NetworkClient   : [Consumer clientId=consumer-notification-service-1, groupId=notification-service] Error while fetching metadata with correlation id 2375 : {souq.platform.events=UNKNOWN_TOPIC_OR_PARTITION, souq.publisher.events=UNKNOWN_TOPIC_OR_PARTITION}
2026-02-28T17:10:02.302+01:00  WARN 42770 --- [notification-service] [ntainer#0-0-C-1] org.apache.kafka.clients.NetworkClient   : [Consumer clientId=consumer-notification-service-1, groupId=notification-service] Error while fetching metadata with correlation id 2376 : {souq.platform.events=UNKNOWN_TOPIC_OR_PARTITION, souq.publisher.events=UNKNOWN_TOPIC_OR_PARTITION}
2026-02-28T17:10:03.303+01:00  WARN 42770 --- [notification-service] [ntainer#0-0-C-1] org.apache.kafka.clients.NetworkClient   : [Consumer clientId=consumer-notification-service-1, groupId=notification-service] Error while fetching metadata with correlation id 2378 : {souq.platform.events=UNKNOWN_TOPIC_OR_PARTITION, souq.publisher.events=UNKNOWN_TOPIC_OR_PARTITION}
2026-02-28T17:10:04.277+01:00  WARN 42770 --- [notification-service] [ntainer#0-0-C-1] org.apache.kafka.clients.NetworkClient   : [Consumer clientId=consumer-notification-service-1, groupId=notification-service] Error while fetching metadata with correlation id 2379 : {souq.platform.events=UNKNOWN_TOPIC_OR_PARTITION, souq.publisher.events=UNKNOWN_TOPIC_OR_PARTITION}
2026-02-28T17:10:05.181+01:00  WARN 42770 --- [notification-service] [ntainer#0-0-C-1] org.apache.kafka.clients.NetworkClient   : [Consumer clientId=consumer-notification-service-1, groupId=notification-service] Error while fetching metadata with correlation id 2380 : {souq.platform.events=UNKNOWN_TOPIC_OR_PARTITION, souq.publisher.events=UNKNOWN_TOPIC_OR_PARTITION}
2026-02-28T17:10:06.033+01:00  WARN 42770 --- [notification-service] [ntainer#0-0-C-1] org.apache.kafka.clients.NetworkClient   : [Consumer clientId=consumer-notification-service-1, groupId=notification-service] Error while fetching metadata with correlation id 2382 : {souq.platform.events=UNKNOWN_TOPIC_OR_PARTITION, souq.publisher.events=UNKNOWN_TOPIC_OR_PARTITION}
2026-02-28T17:10:06.900+01:00  WARN 42770 --- [notification-service] [ntainer#0-0-C-1] org.apache.kafka.clients.NetworkClient   : [Consumer clientId=consumer-notification-service-1, groupId=notification-service] Error while fetching metadata with correlation id 2383 : {souq.platform.events=UNKNOWN_TOPIC_OR_PARTITION, souq.publisher.events=UNKNOWN_TOPIC_OR_PARTITION}
2026-02-28T17:10:07.901+01:00  WARN 42770 --- [notification-service] [ntainer#0-0-C-1] org.apache.kafka.clients.NetworkClient   : [Consumer clientId=consumer-notification-service-1, groupId=notification-service] Error while fetching metadata with correlation id 2384 : {souq.platform.events=UNKNOWN_TOPIC_OR_PARTITION, souq.publisher.events=UNKNOWN_TOPIC_OR_PARTITION}
2026-02-28T17:10:08.832+01:00  WARN 42770 --- [notification-service] [ntainer#0-0-C-1] org.apache.kafka.clients.NetworkClient   : [Consumer clientId=consumer-notification-service-1, groupId=notification-service] Error while fetching metadata with correlation id 2385 : {souq.platform.events=UNKNOWN_TOPIC_OR_PARTITION, souq.publisher.events=UNKNOWN_TOPIC_OR_PARTITION}
2026-02-28T17:10:09.833+01:00  WARN 42770 --- [notification-service] [ntainer#0-0-C-1] org.apache.kafka.clients.NetworkClient   : [Consumer clientId=consumer-notification-service-1, groupId=notification-service] Error while fetching metadata with correlation id 2387 : {souq.platform.events=UNKNOWN_TOPIC_OR_PARTITION, souq.publisher.events=UNKNOWN_TOPIC_OR_PARTITION}
2026-02-28T17:10:10.738+01:00  WARN 42770 --- [notification-service] [ntainer#0-0-C-1] org.apache.kafka.clients.NetworkClient   : [Consumer clientId=consumer-notification-service-1, groupId=notification-service] Error while fetching metadata with correlation id 2388 : {souq.platform.events=UNKNOWN_TOPIC_OR_PARTITION, souq.publisher.events=UNKNOWN_TOPIC_OR_PARTITION}
2026-02-28T17:10:11.700+01:00  WARN 42770 --- [notification-service] [ntainer#0-0-C-1] org.apache.kafka.clients.NetworkClient   : [Consumer clientId=consumer-notification-service-1, groupId=notification-service] Error while fetching metadata with correlation id 2389 : {souq.platform.events=UNKNOWN_TOPIC_OR_PARTITION, souq.publisher.events=UNKNOWN_TOPIC_OR_PARTITION}
2026-02-28T17:10:12.628+01:00  WARN 42770 --- [notification-service] [ntainer#0-0-C-1] org.apache.kafka.clients.NetworkClient   : [Consumer clientId=consumer-notification-service-1, groupId=notification-service] Error while fetching metadata with correlation id 2391 : {souq.platform.events=UNKNOWN_TOPIC_OR_PARTITION, souq.publisher.events=UNKNOWN_TOPIC_OR_PARTITION}
2026-02-28T17:10:13.628+01:00  WARN 42770 --- [notification-service] [ntainer#0-0-C-1] org.apache.kafka.clients.NetworkClient   : [Consumer clientId=consumer-notification-service-1, groupId=notification-service] Error while fetching metadata with correlation id 2392 : {souq.platform.events=UNKNOWN_TOPIC_OR_PARTITION, souq.publisher.events=UNKNOWN_TOPIC_OR_PARTITION}
2026-02-28T17:10:14.629+01:00  WARN 42770 --- [notification-service] [ntainer#0-0-C-1] org.apache.kafka.clients.NetworkClient   : [Consumer clientId=consumer-notification-service-1, groupId=notification-service] Error while fetching metadata with correlation id 2393 : {souq.platform.events=UNKNOWN_TOPIC_OR_PARTITION, souq.publisher.events=UNKNOWN_TOPIC_OR_PARTITION}
2026-02-28T17:10:15.537+01:00  WARN 42770 --- [notification-service] [ntainer#0-0-C-1] org.apache.kafka.clients.NetworkClient   : [Consumer clientId=consumer-notification-service-1, groupId=notification-service] Error while fetching metadata with correlation id 2395 : {souq.platform.events=UNKNOWN_TOPIC_OR_PARTITION, souq.publisher.events=UNKNOWN_TOPIC_OR_PARTITION}
2026-02-28T17:10:16.538+01:00  WARN 42770 --- [notification-service] [ntainer#0-0-C-1] org.apache.kafka.clients.NetworkClient   : [Consumer clientId=consumer-notification-service-1, groupId=notification-service] Error while fetching metadata with correlation id 2396 : {souq.platform.events=UNKNOWN_TOPIC_OR_PARTITION, souq.publisher.events=UNKNOWN_TOPIC_OR_PARTITION}
2026-02-28T17:10:17.504+01:00  WARN 42770 --- [notification-service] [ntainer#0-0-C-1] org.apache.kafka.clients.NetworkClient   : [Consumer clientId=consumer-notification-service-1, groupId=notification-service] Error while fetching metadata with correlation id 2397 : {souq.platform.events=UNKNOWN_TOPIC_OR_PARTITION, souq.publisher.events=UNKNOWN_TOPIC_OR_PARTITION}
2026-02-28T17:10:18.438+01:00  WARN 42770 --- [notification-service] [ntainer#0-0-C-1] org.apache.kafka.clients.NetworkClient   : [Consumer clientId=consumer-notification-service-1, groupId=notification-service] Error while fetching metadata with correlation id 2399 : {souq.platform.events=UNKNOWN_TOPIC_OR_PARTITION, souq.publisher.events=UNKNOWN_TOPIC_OR_PARTITION}
2026-02-28T17:10:19.343+01:00  WARN 42770 --- [notification-service] [ntainer#0-0-C-1] org.apache.kafka.clients.NetworkClient   : [Consumer clientId=consumer-notification-service-1, groupId=notification-service] Error while fetching metadata with correlation id 2400 : {souq.platform.events=UNKNOWN_TOPIC_OR_PARTITION, souq.publisher.events=UNKNOWN_TOPIC_OR_PARTITION}
2026-02-28T17:10:20.248+01:00  WARN 42770 --- [notification-service] [ntainer#0-0-C-1] org.apache.kafka.clients.NetworkClient   : [Consumer clientId=consumer-notification-service-1, groupId=notification-service] Error while fetching metadata with correlation id 2401 : {souq.platform.events=UNKNOWN_TOPIC_OR_PARTITION, souq.publisher.events=UNKNOWN_TOPIC_OR_PARTITION}
2026-02-28T17:10:21.238+01:00  WARN 42770 --- [notification-service] [ntainer#0-0-C-1] org.apache.kafka.clients.NetworkClient   : [Consumer clientId=consumer-notification-service-1, groupId=notification-service] Error while fetching metadata with correlation id 2403 : {souq.platform.events=UNKNOWN_TOPIC_OR_PARTITION, souq.publisher.events=UNKNOWN_TOPIC_OR_PARTITION}
2026-02-28T17:10:22.147+01:00  WARN 42770 --- [notification-service] [ntainer#0-0-C-1] org.apache.kafka.clients.NetworkClient   : [Consumer clientId=consumer-notification-service-1, groupId=notification-service] Error while fetching metadata with correlation id 2404 : {souq.platform.events=UNKNOWN_TOPIC_OR_PARTITION, souq.publisher.events=UNKNOWN_TOPIC_OR_PARTITION}
2026-02-28T17:10:23.148+01:00  WARN 42770 --- [notification-service] [ntainer#0-0-C-1] org.apache.kafka.clients.NetworkClient   : [Consumer clientId=consumer-notification-service-1, groupId=notification-service] Error while fetching metadata with correlation id 2405 : {souq.platform.events=UNKNOWN_TOPIC_OR_PARTITION, souq.publisher.events=UNKNOWN_TOPIC_OR_PARTITION}
2026-02-28T17:10:24.036+01:00  WARN 42770 --- [notification-service] [ntainer#0-0-C-1] org.apache.kafka.clients.NetworkClient   : [Consumer clientId=consumer-notification-service-1, groupId=notification-service] Error while fetching metadata with correlation id 2407 : {souq.platform.events=UNKNOWN_TOPIC_OR_PARTITION, souq.publisher.events=UNKNOWN_TOPIC_OR_PARTITION}
2026-02-28T17:10:25.037+01:00  WARN 42770 --- [notification-service] [ntainer#0-0-C-1] org.apache.kafka.clients.NetworkClient   : [Consumer clientId=consumer-notification-service-1, groupId=notification-service] Error while fetching metadata with correlation id 2408 : {souq.platform.events=UNKNOWN_TOPIC_OR_PARTITION, souq.publisher.events=UNKNOWN_TOPIC_OR_PARTITION}
2026-02-28T17:10:25.985+01:00  WARN 42770 --- [notification-service] [ntainer#0-0-C-1] org.apache.kafka.clients.NetworkClient   : [Consumer clientId=consumer-notification-service-1, groupId=notification-service] Error while fetching metadata with correlation id 2409 : {souq.platform.events=UNKNOWN_TOPIC_OR_PARTITION, souq.publisher.events=UNKNOWN_TOPIC_OR_PARTITION}
2026-02-28T17:10:26.935+01:00  WARN 42770 --- [notification-service] [ntainer#0-0-C-1] org.apache.kafka.clients.NetworkClient   : [Consumer clientId=consumer-notification-service-1, groupId=notification-service] Error while fetching metadata with correlation id 2411 : {souq.platform.events=UNKNOWN_TOPIC_OR_PARTITION, souq.publisher.events=UNKNOWN_TOPIC_OR_PARTITION}
2026-02-28T17:10:27.936+01:00  WARN 42770 --- [notification-service] [ntainer#0-0-C-1] org.apache.kafka.clients.NetworkClient   : [Consumer clientId=consumer-notification-service-1, groupId=notification-service] Error while fetching metadata with correlation id 2412 : {souq.platform.events=UNKNOWN_TOPIC_OR_PARTITION, souq.publisher.events=UNKNOWN_TOPIC_OR_PARTITION}
2026-02-28T17:10:28.936+01:00  WARN 42770 --- [notification-service] [ntainer#0-0-C-1] org.apache.kafka.clients.NetworkClient   : [Consumer clientId=consumer-notification-service-1, groupId=notification-service] Error while fetching metadata with correlation id 2413 : {souq.platform.events=UNKNOWN_TOPIC_OR_PARTITION, souq.publisher.events=UNKNOWN_TOPIC_OR_PARTITION}
2026-02-28T17:10:29.835+01:00  WARN 42770 --- [notification-service] [ntainer#0-0-C-1] org.apache.kafka.clients.NetworkClient   : [Consumer clientId=consumer-notification-service-1, groupId=notification-service] Error while fetching metadata with correlation id 2414 : {souq.platform.events=UNKNOWN_TOPIC_OR_PARTITION, souq.publisher.events=UNKNOWN_TOPIC_OR_PARTITION}
2026-02-28T17:10:30.835+01:00  WARN 42770 --- [notification-service] [ntainer#0-0-C-1] org.apache.kafka.clients.NetworkClient   : [Consumer clientId=consumer-notification-service-1, groupId=notification-service] Error while fetching metadata with correlation id 2416 : {souq.platform.events=UNKNOWN_TOPIC_OR_PARTITION, souq.publisher.events=UNKNOWN_TOPIC_OR_PARTITION}
2026-02-28T17:10:31.809+01:00  WARN 42770 --- [notification-service] [ntainer#0-0-C-1] org.apache.kafka.clients.NetworkClient   : [Consumer clientId=consumer-notification-service-1, groupId=notification-service] Error while fetching metadata with correlation id 2417 : {souq.platform.events=UNKNOWN_TOPIC_OR_PARTITION, souq.publisher.events=UNKNOWN_TOPIC_OR_PARTITION}
2026-02-28T17:10:32.714+01:00  WARN 42770 --- [notification-service] [ntainer#0-0-C-1] org.apache.kafka.clients.NetworkClient   : [Consumer clientId=consumer-notification-service-1, groupId=notification-service] Error while fetching metadata with correlation id 2418 : {souq.platform.events=UNKNOWN_TOPIC_OR_PARTITION, souq.publisher.events=UNKNOWN_TOPIC_OR_PARTITION}
2026-02-28T17:10:33.714+01:00  WARN 42770 --- [notification-service] [ntainer#0-0-C-1] org.apache.kafka.clients.NetworkClient   : [Consumer clientId=consumer-notification-service-1, groupId=notification-service] Error while fetching metadata with correlation id 2420 : {souq.platform.events=UNKNOWN_TOPIC_OR_PARTITION, souq.publisher.events=UNKNOWN_TOPIC_OR_PARTITION}
2026-02-28T17:10:34.715+01:00  WARN 42770 --- [notification-service] [ntainer#0-0-C-1] org.apache.kafka.clients.NetworkClient   : [Consumer clientId=consumer-notification-service-1, groupId=notification-service] Error while fetching metadata with correlation id 2421 : {souq.platform.events=UNKNOWN_TOPIC_OR_PARTITION, souq.publisher.events=UNKNOWN_TOPIC_OR_PARTITION}
2026-02-28T17:10:35.620+01:00  WARN 42770 --- [notification-service] [ntainer#0-0-C-1] org.apache.kafka.clients.NetworkClient   : [Consumer clientId=consumer-notification-service-1, groupId=notification-service] Error while fetching metadata with correlation id 2422 : {souq.platform.events=UNKNOWN_TOPIC_OR_PARTITION, souq.publisher.events=UNKNOWN_TOPIC_OR_PARTITION}
2026-02-28T17:10:36.621+01:00  WARN 42770 --- [notification-service] [ntainer#0-0-C-1] org.apache.kafka.clients.NetworkClient   : [Consumer clientId=consumer-notification-service-1, groupId=notification-service] Error while fetching metadata with correlation id 2424 : {souq.platform.events=UNKNOWN_TOPIC_OR_PARTITION, souq.publisher.events=UNKNOWN_TOPIC_OR_PARTITION}
2026-02-28T17:10:37.622+01:00  WARN 42770 --- [notification-service] [ntainer#0-0-C-1] org.apache.kafka.clients.NetworkClient   : [Consumer clientId=consumer-notification-service-1, groupId=notification-service] Error while fetching metadata with correlation id 2425 : {souq.platform.events=UNKNOWN_TOPIC_OR_PARTITION, souq.publisher.events=UNKNOWN_TOPIC_OR_PARTITION}
2026-02-28T17:10:38.599+01:00  WARN 42770 --- [notification-service] [ntainer#0-0-C-1] org.apache.kafka.clients.NetworkClient   : [Consumer clientId=consumer-notification-service-1, groupId=notification-service] Error while fetching metadata with correlation id 2426 : {souq.platform.events=UNKNOWN_TOPIC_OR_PARTITION, souq.publisher.events=UNKNOWN_TOPIC_OR_PARTITION}
2026-02-28T17:10:39.438+01:00  WARN 42770 --- [notification-service] [ntainer#0-0-C-1] org.apache.kafka.clients.NetworkClient   : [Consumer clientId=consumer-notification-service-1, groupId=notification-service] Error while fetching metadata with correlation id 2428 : {souq.platform.events=UNKNOWN_TOPIC_OR_PARTITION, souq.publisher.events=UNKNOWN_TOPIC_OR_PARTITION}
2026-02-28T17:10:40.342+01:00  WARN 42770 --- [notification-service] [ntainer#0-0-C-1] org.apache.kafka.clients.NetworkClient   : [Consumer clientId=consumer-notification-service-1, groupId=notification-service] Error while fetching metadata with correlation id 2429 : {souq.platform.events=UNKNOWN_TOPIC_OR_PARTITION, souq.publisher.events=UNKNOWN_TOPIC_OR_PARTITION}
2026-02-28T17:10:41.244+01:00  WARN 42770 --- [notification-service] [ntainer#0-0-C-1] org.apache.kafka.clients.NetworkClient   : [Consumer clientId=consumer-notification-service-1, groupId=notification-service] Error while fetching metadata with correlation id 2430 : {souq.platform.events=UNKNOWN_TOPIC_OR_PARTITION, souq.publisher.events=UNKNOWN_TOPIC_OR_PARTITION}
2026-02-28T17:10:42.237+01:00  WARN 42770 --- [notification-service] [ntainer#0-0-C-1] org.apache.kafka.clients.NetworkClient   : [Consumer clientId=consumer-notification-service-1, groupId=notification-service] Error while fetching metadata with correlation id 2432 : {souq.platform.events=UNKNOWN_TOPIC_OR_PARTITION, souq.publisher.events=UNKNOWN_TOPIC_OR_PARTITION}
2026-02-28T17:10:43.142+01:00  WARN 42770 --- [notification-service] [ntainer#0-0-C-1] org.apache.kafka.clients.NetworkClient   : [Consumer clientId=consumer-notification-service-1, groupId=notification-service] Error while fetching metadata with correlation id 2433 : {souq.platform.events=UNKNOWN_TOPIC_OR_PARTITION, souq.publisher.events=UNKNOWN_TOPIC_OR_PARTITION}
2026-02-28T17:10:44.047+01:00  WARN 42770 --- [notification-service] [ntainer#0-0-C-1] org.apache.kafka.clients.NetworkClient   : [Consumer clientId=consumer-notification-service-1, groupId=notification-service] Error while fetching metadata with correlation id 2434 : {souq.platform.events=UNKNOWN_TOPIC_OR_PARTITION, souq.publisher.events=UNKNOWN_TOPIC_OR_PARTITION}
2026-02-28T17:10:44.925+01:00  WARN 42770 --- [notification-service] [ntainer#0-0-C-1] org.apache.kafka.clients.NetworkClient   : [Consumer clientId=consumer-notification-service-1, groupId=notification-service] Error while fetching metadata with correlation id 2436 : {souq.platform.events=UNKNOWN_TOPIC_OR_PARTITION, souq.publisher.events=UNKNOWN_TOPIC_OR_PARTITION}
2026-02-28T17:10:45.877+01:00  WARN 42770 --- [notification-service] [ntainer#0-0-C-1] org.apache.kafka.clients.NetworkClient   : [Consumer clientId=consumer-notification-service-1, groupId=notification-service] Error while fetching metadata with correlation id 2437 : {souq.platform.events=UNKNOWN_TOPIC_OR_PARTITION, souq.publisher.events=UNKNOWN_TOPIC_OR_PARTITION}
2026-02-28T17:10:46.878+01:00  WARN 42770 --- [notification-service] [ntainer#0-0-C-1] org.apache.kafka.clients.NetworkClient   : [Consumer clientId=consumer-notification-service-1, groupId=notification-service] Error while fetching metadata with correlation id 2438 : {souq.platform.events=UNKNOWN_TOPIC_OR_PARTITION, souq.publisher.events=UNKNOWN_TOPIC_OR_PARTITION}
2026-02-28T17:10:47.834+01:00  WARN 42770 --- [notification-service] [ntainer#0-0-C-1] org.apache.kafka.clients.NetworkClient   : [Consumer clientId=consumer-notification-service-1, groupId=notification-service] Error while fetching metadata with correlation id 2439 : {souq.platform.events=UNKNOWN_TOPIC_OR_PARTITION, souq.publisher.events=UNKNOWN_TOPIC_OR_PARTITION}
2026-02-28T17:10:48.835+01:00  WARN 42770 --- [notification-service] [ntainer#0-0-C-1] org.apache.kafka.clients.NetworkClient   : [Consumer clientId=consumer-notification-service-1, groupId=notification-service] Error while fetching metadata with correlation id 2441 : {souq.platform.events=UNKNOWN_TOPIC_OR_PARTITION, souq.publisher.events=UNKNOWN_TOPIC_OR_PARTITION}
2026-02-28T17:10:49.836+01:00  WARN 42770 --- [notification-service] [ntainer#0-0-C-1] org.apache.kafka.clients.NetworkClient   : [Consumer clientId=consumer-notification-service-1, groupId=notification-service] Error while fetching metadata with correlation id 2442 : {souq.platform.events=UNKNOWN_TOPIC_OR_PARTITION, souq.publisher.events=UNKNOWN_TOPIC_OR_PARTITION}
2026-02-28T17:10:50.821+01:00  WARN 42770 --- [notification-service] [ntainer#0-0-C-1] org.apache.kafka.clients.NetworkClient   : [Consumer clientId=consumer-notification-service-1, groupId=notification-service] Error while fetching metadata with correlation id 2443 : {souq.platform.events=UNKNOWN_TOPIC_OR_PARTITION, souq.publisher.events=UNKNOWN_TOPIC_OR_PARTITION}
2026-02-28T17:10:51.803+01:00  WARN 42770 --- [notification-service] [ntainer#0-0-C-1] org.apache.kafka.clients.NetworkClient   : [Consumer clientId=consumer-notification-service-1, groupId=notification-service] Error while fetching metadata with correlation id 2445 : {souq.platform.events=UNKNOWN_TOPIC_OR_PARTITION, souq.publisher.events=UNKNOWN_TOPIC_OR_PARTITION}
2026-02-28T17:10:52.694+01:00  WARN 42770 --- [notification-service] [ntainer#0-0-C-1] org.apache.kafka.clients.NetworkClient   : [Consumer clientId=consumer-notification-service-1, groupId=notification-service] Error while fetching metadata with correlation id 2446 : {souq.platform.events=UNKNOWN_TOPIC_OR_PARTITION, souq.publisher.events=UNKNOWN_TOPIC_OR_PARTITION}
2026-02-28T17:10:53.550+01:00  WARN 42770 --- [notification-service] [ntainer#0-0-C-1] org.apache.kafka.clients.NetworkClient   : [Consumer clientId=consumer-notification-service-1, groupId=notification-service] Error while fetching metadata with correlation id 2447 : {souq.platform.events=UNKNOWN_TOPIC_OR_PARTITION, souq.publisher.events=UNKNOWN_TOPIC_OR_PARTITION}
2026-02-28T17:10:54.539+01:00  WARN 42770 --- [notification-service] [ntainer#0-0-C-1] org.apache.kafka.clients.NetworkClient   : [Consumer clientId=consumer-notification-service-1, groupId=notification-service] Error while fetching metadata with correlation id 2449 : {souq.platform.events=UNKNOWN_TOPIC_OR_PARTITION, souq.publisher.events=UNKNOWN_TOPIC_OR_PARTITION}
2026-02-28T17:10:55.444+01:00  WARN 42770 --- [notification-service] [ntainer#0-0-C-1] org.apache.kafka.clients.NetworkClient   : [Consumer clientId=consumer-notification-service-1, groupId=notification-service] Error while fetching metadata with correlation id 2450 : {souq.platform.events=UNKNOWN_TOPIC_OR_PARTITION, souq.publisher.events=UNKNOWN_TOPIC_OR_PARTITION}
2026-02-28T17:10:56.445+01:00  WARN 42770 --- [notification-service] [ntainer#0-0-C-1] org.apache.kafka.clients.NetworkClient   : [Consumer clientId=consumer-notification-service-1, groupId=notification-service] Error while fetching metadata with correlation id 2451 : {souq.platform.events=UNKNOWN_TOPIC_OR_PARTITION, souq.publisher.events=UNKNOWN_TOPIC_OR_PARTITION}
2026-02-28T17:10:57.411+01:00  WARN 42770 --- [notification-service] [ntainer#0-0-C-1] org.apache.kafka.clients.NetworkClient   : [Consumer clientId=consumer-notification-service-1, groupId=notification-service] Error while fetching metadata with correlation id 2453 : {souq.platform.events=UNKNOWN_TOPIC_OR_PARTITION, souq.publisher.events=UNKNOWN_TOPIC_OR_PARTITION}
2026-02-28T17:10:58.241+01:00  WARN 42770 --- [notification-service] [ntainer#0-0-C-1] org.apache.kafka.clients.NetworkClient   : [Consumer clientId=consumer-notification-service-1, groupId=notification-service] Error while fetching metadata with correlation id 2454 : {souq.platform.events=UNKNOWN_TOPIC_OR_PARTITION, souq.publisher.events=UNKNOWN_TOPIC_OR_PARTITION}
2026-02-28T17:10:59.241+01:00  WARN 42770 --- [notification-service] [ntainer#0-0-C-1] org.apache.kafka.clients.NetworkClient   : [Consumer clientId=consumer-notification-service-1, groupId=notification-service] Error while fetching metadata with correlation id 2455 : {souq.platform.events=UNKNOWN_TOPIC_OR_PARTITION, souq.publisher.events=UNKNOWN_TOPIC_OR_PARTITION}
2026-02-28T17:11:00.238+01:00  WARN 42770 --- [notification-service] [ntainer#0-0-C-1] org.apache.kafka.clients.NetworkClient   : [Consumer clientId=consumer-notification-service-1, groupId=notification-service] Error while fetching metadata with correlation id 2457 : {souq.platform.events=UNKNOWN_TOPIC_OR_PARTITION, souq.publisher.events=UNKNOWN_TOPIC_OR_PARTITION}
2026-02-28T17:11:01.043+01:00  WARN 42770 --- [notification-service] [ntainer#0-0-C-1] org.apache.kafka.clients.NetworkClient   : [Consumer clientId=consumer-notification-service-1, groupId=notification-service] Error while fetching metadata with correlation id 2458 : {souq.platform.events=UNKNOWN_TOPIC_OR_PARTITION, souq.publisher.events=UNKNOWN_TOPIC_OR_PARTITION}
2026-02-28T17:11:02.043+01:00  WARN 42770 --- [notification-service] [ntainer#0-0-C-1] org.apache.kafka.clients.NetworkClient   : [Consumer clientId=consumer-notification-service-1, groupId=notification-service] Error while fetching metadata with correlation id 2459 : {souq.platform.events=UNKNOWN_TOPIC_OR_PARTITION, souq.publisher.events=UNKNOWN_TOPIC_OR_PARTITION}
2026-02-28T17:11:03.044+01:00  WARN 42770 --- [notification-service] [ntainer#0-0-C-1] org.apache.kafka.clients.NetworkClient   : [Consumer clientId=consumer-notification-service-1, groupId=notification-service] Error while fetching metadata with correlation id 2461 : {souq.platform.events=UNKNOWN_TOPIC_OR_PARTITION, souq.publisher.events=UNKNOWN_TOPIC_OR_PARTITION}
2026-02-28T17:11:04.006+01:00  WARN 42770 --- [notification-service] [ntainer#0-0-C-1] org.apache.kafka.clients.NetworkClient   : [Consumer clientId=consumer-notification-service-1, groupId=notification-service] Error while fetching metadata with correlation id 2462 : {souq.platform.events=UNKNOWN_TOPIC_OR_PARTITION, souq.publisher.events=UNKNOWN_TOPIC_OR_PARTITION}
2026-02-28T17:11:05.007+01:00  WARN 42770 --- [notification-service] [ntainer#0-0-C-1] org.apache.kafka.clients.NetworkClient   : [Consumer clientId=consumer-notification-service-1, groupId=notification-service] Error while fetching metadata with correlation id 2463 : {souq.platform.events=UNKNOWN_TOPIC_OR_PARTITION, souq.publisher.events=UNKNOWN_TOPIC_OR_PARTITION}
2026-02-28T17:11:05.835+01:00  WARN 42770 --- [notification-service] [ntainer#0-0-C-1] org.apache.kafka.clients.NetworkClient   : [Consumer clientId=consumer-notification-service-1, groupId=notification-service] Error while fetching metadata with correlation id 2465 : {souq.platform.events=UNKNOWN_TOPIC_OR_PARTITION, souq.publisher.events=UNKNOWN_TOPIC_OR_PARTITION}
2026-02-28T17:11:06.804+01:00  WARN 42770 --- [notification-service] [ntainer#0-0-C-1] org.apache.kafka.clients.NetworkClient   : [Consumer clientId=consumer-notification-service-1, groupId=notification-service] Error while fetching metadata with correlation id 2466 : {souq.platform.events=UNKNOWN_TOPIC_OR_PARTITION, souq.publisher.events=UNKNOWN_TOPIC_OR_PARTITION}
2026-02-28T17:11:07.709+01:00  WARN 42770 --- [notification-service] [ntainer#0-0-C-1] org.apache.kafka.clients.NetworkClient   : [Consumer clientId=consumer-notification-service-1, groupId=notification-service] Error while fetching metadata with correlation id 2467 : {souq.platform.events=UNKNOWN_TOPIC_OR_PARTITION, souq.publisher.events=UNKNOWN_TOPIC_OR_PARTITION}
2026-02-28T17:11:08.614+01:00  WARN 42770 --- [notification-service] [ntainer#0-0-C-1] org.apache.kafka.clients.NetworkClient   : [Consumer clientId=consumer-notification-service-1, groupId=notification-service] Error while fetching metadata with correlation id 2468 : {souq.platform.events=UNKNOWN_TOPIC_OR_PARTITION, souq.publisher.events=UNKNOWN_TOPIC_OR_PARTITION}
2026-02-28T17:11:09.615+01:00  WARN 42770 --- [notification-service] [ntainer#0-0-C-1] org.apache.kafka.clients.NetworkClient   : [Consumer clientId=consumer-notification-service-1, groupId=notification-service] Error while fetching metadata with correlation id 2470 : {souq.platform.events=UNKNOWN_TOPIC_OR_PARTITION, souq.publisher.events=UNKNOWN_TOPIC_OR_PARTITION}
2026-02-28T17:11:10.551+01:00  WARN 42770 --- [notification-service] [ntainer#0-0-C-1] org.apache.kafka.clients.NetworkClient   : [Consumer clientId=consumer-notification-service-1, groupId=notification-service] Error while fetching metadata with correlation id 2471 : {souq.platform.events=UNKNOWN_TOPIC_OR_PARTITION, souq.publisher.events=UNKNOWN_TOPIC_OR_PARTITION}
2026-02-28T17:11:11.552+01:00  WARN 42770 --- [notification-service] [ntainer#0-0-C-1] org.apache.kafka.clients.NetworkClient   : [Consumer clientId=consumer-notification-service-1, groupId=notification-service] Error while fetching metadata with correlation id 2472 : {souq.platform.events=UNKNOWN_TOPIC_OR_PARTITION, souq.publisher.events=UNKNOWN_TOPIC_OR_PARTITION}
2026-02-28T17:11:12.552+01:00  WARN 42770 --- [notification-service] [ntainer#0-0-C-1] org.apache.kafka.clients.NetworkClient   : [Consumer clientId=consumer-notification-service-1, groupId=notification-service] Error while fetching metadata with correlation id 2474 : {souq.platform.events=UNKNOWN_TOPIC_OR_PARTITION, souq.publisher.events=UNKNOWN_TOPIC_OR_PARTITION}
2026-02-28T17:11:13.458+01:00  WARN 42770 --- [notification-service] [ntainer#0-0-C-1] org.apache.kafka.clients.NetworkClient   : [Consumer clientId=consumer-notification-service-1, groupId=notification-service] Error while fetching metadata with correlation id 2475 : {souq.platform.events=UNKNOWN_TOPIC_OR_PARTITION, souq.publisher.events=UNKNOWN_TOPIC_OR_PARTITION}
2026-02-28T17:11:14.408+01:00  WARN 42770 --- [notification-service] [ntainer#0-0-C-1] org.apache.kafka.clients.NetworkClient   : [Consumer clientId=consumer-notification-service-1, groupId=notification-service] Error while fetching metadata with correlation id 2476 : {souq.platform.events=UNKNOWN_TOPIC_OR_PARTITION, souq.publisher.events=UNKNOWN_TOPIC_OR_PARTITION}
2026-02-28T17:11:15.409+01:00  WARN 42770 --- [notification-service] [ntainer#0-0-C-1] org.apache.kafka.clients.NetworkClient   : [Consumer clientId=consumer-notification-service-1, groupId=notification-service] Error while fetching metadata with correlation id 2478 : {souq.platform.events=UNKNOWN_TOPIC_OR_PARTITION, souq.publisher.events=UNKNOWN_TOPIC_OR_PARTITION}
2026-02-28T17:11:16.410+01:00  WARN 42770 --- [notification-service] [ntainer#0-0-C-1] org.apache.kafka.clients.NetworkClient   : [Consumer clientId=consumer-notification-service-1, groupId=notification-service] Error while fetching metadata with correlation id 2479 : {souq.platform.events=UNKNOWN_TOPIC_OR_PARTITION, souq.publisher.events=UNKNOWN_TOPIC_OR_PARTITION}
2026-02-28T17:11:17.308+01:00  WARN 42770 --- [notification-service] [ntainer#0-0-C-1] org.apache.kafka.clients.NetworkClient   : [Consumer clientId=consumer-notification-service-1, groupId=notification-service] Error while fetching metadata with correlation id 2480 : {souq.platform.events=UNKNOWN_TOPIC_OR_PARTITION, souq.publisher.events=UNKNOWN_TOPIC_OR_PARTITION}
2026-02-28T17:11:18.239+01:00  WARN 42770 --- [notification-service] [ntainer#0-0-C-1] org.apache.kafka.clients.NetworkClient   : [Consumer clientId=consumer-notification-service-1, groupId=notification-service] Error while fetching metadata with correlation id 2482 : {souq.platform.events=UNKNOWN_TOPIC_OR_PARTITION, souq.publisher.events=UNKNOWN_TOPIC_OR_PARTITION}
2026-02-28T17:11:19.240+01:00  WARN 42770 --- [notification-service] [ntainer#0-0-C-1] org.apache.kafka.clients.NetworkClient   : [Consumer clientId=consumer-notification-service-1, groupId=notification-service] Error while fetching metadata with correlation id 2483 : {souq.platform.events=UNKNOWN_TOPIC_OR_PARTITION, souq.publisher.events=UNKNOWN_TOPIC_OR_PARTITION}
2026-02-28T17:11:20.101+01:00  WARN 42770 --- [notification-service] [ntainer#0-0-C-1] org.apache.kafka.clients.NetworkClient   : [Consumer clientId=consumer-notification-service-1, groupId=notification-service] Error while fetching metadata with correlation id 2484 : {souq.platform.events=UNKNOWN_TOPIC_OR_PARTITION, souq.publisher.events=UNKNOWN_TOPIC_OR_PARTITION}
2026-02-28T17:11:21.102+01:00  WARN 42770 --- [notification-service] [ntainer#0-0-C-1] org.apache.kafka.clients.NetworkClient   : [Consumer clientId=consumer-notification-service-1, groupId=notification-service] Error while fetching metadata with correlation id 2486 : {souq.platform.events=UNKNOWN_TOPIC_OR_PARTITION, souq.publisher.events=UNKNOWN_TOPIC_OR_PARTITION}
2026-02-28T17:11:22.006+01:00  WARN 42770 --- [notification-service] [ntainer#0-0-C-1] org.apache.kafka.clients.NetworkClient   : [Consumer clientId=consumer-notification-service-1, groupId=notification-service] Error while fetching metadata with correlation id 2487 : {souq.platform.events=UNKNOWN_TOPIC_OR_PARTITION, souq.publisher.events=UNKNOWN_TOPIC_OR_PARTITION}
2026-02-28T17:11:23.007+01:00  WARN 42770 --- [notification-service] [ntainer#0-0-C-1] org.apache.kafka.clients.NetworkClient   : [Consumer clientId=consumer-notification-service-1, groupId=notification-service] Error while fetching metadata with correlation id 2488 : {souq.platform.events=UNKNOWN_TOPIC_OR_PARTITION, souq.publisher.events=UNKNOWN_TOPIC_OR_PARTITION}
2026-02-28T17:11:24.007+01:00  WARN 42770 --- [notification-service] [ntainer#0-0-C-1] org.apache.kafka.clients.NetworkClient   : [Consumer clientId=consumer-notification-service-1, groupId=notification-service] Error while fetching metadata with correlation id 2490 : {souq.platform.events=UNKNOWN_TOPIC_OR_PARTITION, souq.publisher.events=UNKNOWN_TOPIC_OR_PARTITION}
2026-02-28T17:11:25.005+01:00  WARN 42770 --- [notification-service] [ntainer#0-0-C-1] org.apache.kafka.clients.NetworkClient   : [Consumer clientId=consumer-notification-service-1, groupId=notification-service] Error while fetching metadata with correlation id 2491 : {souq.platform.events=UNKNOWN_TOPIC_OR_PARTITION, souq.publisher.events=UNKNOWN_TOPIC_OR_PARTITION}
2026-02-28T17:11:26.006+01:00  WARN 42770 --- [notification-service] [ntainer#0-0-C-1] org.apache.kafka.clients.NetworkClient   : [Consumer clientId=consumer-notification-service-1, groupId=notification-service] Error while fetching metadata with correlation id 2492 : {souq.platform.events=UNKNOWN_TOPIC_OR_PARTITION, souq.publisher.events=UNKNOWN_TOPIC_OR_PARTITION}
2026-02-28T17:11:26.937+01:00  WARN 42770 --- [notification-service] [ntainer#0-0-C-1] org.apache.kafka.clients.NetworkClient   : [Consumer clientId=consumer-notification-service-1, groupId=notification-service] Error while fetching metadata with correlation id 2494 : {souq.platform.events=UNKNOWN_TOPIC_OR_PARTITION, souq.publisher.events=UNKNOWN_TOPIC_OR_PARTITION}
2026-02-28T17:11:27.886+01:00  WARN 42770 --- [notification-service] [ntainer#0-0-C-1] org.apache.kafka.clients.NetworkClient   : [Consumer clientId=consumer-notification-service-1, groupId=notification-service] Error while fetching metadata with correlation id 2495 : {souq.platform.events=UNKNOWN_TOPIC_OR_PARTITION, souq.publisher.events=UNKNOWN_TOPIC_OR_PARTITION}
2026-02-28T17:11:28.886+01:00  WARN 42770 --- [notification-service] [ntainer#0-0-C-1] org.apache.kafka.clients.NetworkClient   : [Consumer clientId=consumer-notification-service-1, groupId=notification-service] Error while fetching metadata with correlation id 2496 : {souq.platform.events=UNKNOWN_TOPIC_OR_PARTITION, souq.publisher.events=UNKNOWN_TOPIC_OR_PARTITION}
2026-02-28T17:11:29.837+01:00  WARN 42770 --- [notification-service] [ntainer#0-0-C-1] org.apache.kafka.clients.NetworkClient   : [Consumer clientId=consumer-notification-service-1, groupId=notification-service] Error while fetching metadata with correlation id 2498 : {souq.platform.events=UNKNOWN_TOPIC_OR_PARTITION, souq.publisher.events=UNKNOWN_TOPIC_OR_PARTITION}
2026-02-28T17:11:30.815+01:00  WARN 42770 --- [notification-service] [ntainer#0-0-C-1] org.apache.kafka.clients.NetworkClient   : [Consumer clientId=consumer-notification-service-1, groupId=notification-service] Error while fetching metadata with correlation id 2499 : {souq.platform.events=UNKNOWN_TOPIC_OR_PARTITION, souq.publisher.events=UNKNOWN_TOPIC_OR_PARTITION}
2026-02-28T17:11:31.802+01:00  WARN 42770 --- [notification-service] [ntainer#0-0-C-1] org.apache.kafka.clients.NetworkClient   : [Consumer clientId=consumer-notification-service-1, groupId=notification-service] Error while fetching metadata with correlation id 2500 : {souq.platform.events=UNKNOWN_TOPIC_OR_PARTITION, souq.publisher.events=UNKNOWN_TOPIC_OR_PARTITION}
2026-02-28T17:11:32.803+01:00  WARN 42770 --- [notification-service] [ntainer#0-0-C-1] org.apache.kafka.clients.NetworkClient   : [Consumer clientId=consumer-notification-service-1, groupId=notification-service] Error while fetching metadata with correlation id 2501 : {souq.platform.events=UNKNOWN_TOPIC_OR_PARTITION, souq.publisher.events=UNKNOWN_TOPIC_OR_PARTITION}
2026-02-28T17:11:33.616+01:00  WARN 42770 --- [notification-service] [ntainer#0-0-C-1] org.apache.kafka.clients.NetworkClient   : [Consumer clientId=consumer-notification-service-1, groupId=notification-service] Error while fetching metadata with correlation id 2503 : {souq.platform.events=UNKNOWN_TOPIC_OR_PARTITION, souq.publisher.events=UNKNOWN_TOPIC_OR_PARTITION}
2026-02-28T17:11:34.521+01:00  WARN 42770 --- [notification-service] [ntainer#0-0-C-1] org.apache.kafka.clients.NetworkClient   : [Consumer clientId=consumer-notification-service-1, groupId=notification-service] Error while fetching metadata with correlation id 2504 : {souq.platform.events=UNKNOWN_TOPIC_OR_PARTITION, souq.publisher.events=UNKNOWN_TOPIC_OR_PARTITION}
2026-02-28T17:11:35.518+01:00  WARN 42770 --- [notification-service] [ntainer#0-0-C-1] org.apache.kafka.clients.NetworkClient   : [Consumer clientId=consumer-notification-service-1, groupId=notification-service] Error while fetching metadata with correlation id 2505 : {souq.platform.events=UNKNOWN_TOPIC_OR_PARTITION, souq.publisher.events=UNKNOWN_TOPIC_OR_PARTITION}
2026-02-28T17:11:36.441+01:00  WARN 42770 --- [notification-service] [ntainer#0-0-C-1] org.apache.kafka.clients.NetworkClient   : [Consumer clientId=consumer-notification-service-1, groupId=notification-service] Error while fetching metadata with correlation id 2507 : {souq.platform.events=UNKNOWN_TOPIC_OR_PARTITION, souq.publisher.events=UNKNOWN_TOPIC_OR_PARTITION}
2026-02-28T17:11:37.357+01:00  WARN 42770 --- [notification-service] [ntainer#0-0-C-1] org.apache.kafka.clients.NetworkClient   : [Consumer clientId=consumer-notification-service-1, groupId=notification-service] Error while fetching metadata with correlation id 2508 : {souq.platform.events=UNKNOWN_TOPIC_OR_PARTITION, souq.publisher.events=UNKNOWN_TOPIC_OR_PARTITION}
2026-02-28T17:11:38.260+01:00  WARN 42770 --- [notification-service] [ntainer#0-0-C-1] org.apache.kafka.clients.NetworkClient   : [Consumer clientId=consumer-notification-service-1, groupId=notification-service] Error while fetching metadata with correlation id 2509 : {souq.platform.events=UNKNOWN_TOPIC_OR_PARTITION, souq.publisher.events=UNKNOWN_TOPIC_OR_PARTITION}
2026-02-28T17:11:39.261+01:00  WARN 42770 --- [notification-service] [ntainer#0-0-C-1] org.apache.kafka.clients.NetworkClient   : [Consumer clientId=consumer-notification-service-1, groupId=notification-service] Error while fetching metadata with correlation id 2511 : {souq.platform.events=UNKNOWN_TOPIC_OR_PARTITION, souq.publisher.events=UNKNOWN_TOPIC_OR_PARTITION}
2026-02-28T17:11:40.164+01:00  WARN 42770 --- [notification-service] [ntainer#0-0-C-1] org.apache.kafka.clients.NetworkClient   : [Consumer clientId=consumer-notification-service-1, groupId=notification-service] Error while fetching metadata with correlation id 2512 : {souq.platform.events=UNKNOWN_TOPIC_OR_PARTITION, souq.publisher.events=UNKNOWN_TOPIC_OR_PARTITION}
2026-02-28T17:11:41.144+01:00  WARN 42770 --- [notification-service] [ntainer#0-0-C-1] org.apache.kafka.clients.NetworkClient   : [Consumer clientId=consumer-notification-service-1, groupId=notification-service] Error while fetching metadata with correlation id 2513 : {souq.platform.events=UNKNOWN_TOPIC_OR_PARTITION, souq.publisher.events=UNKNOWN_TOPIC_OR_PARTITION}
2026-02-28T17:11:42.145+01:00  WARN 42770 --- [notification-service] [ntainer#0-0-C-1] org.apache.kafka.clients.NetworkClient   : [Consumer clientId=consumer-notification-service-1, groupId=notification-service] Error while fetching metadata with correlation id 2516 : {souq.platform.events=UNKNOWN_TOPIC_OR_PARTITION, souq.publisher.events=UNKNOWN_TOPIC_OR_PARTITION}
2026-02-28T17:11:43.050+01:00  WARN 42770 --- [notification-service] [ntainer#0-0-C-1] org.apache.kafka.clients.NetworkClient   : [Consumer clientId=consumer-notification-service-1, groupId=notification-service] Error while fetching metadata with correlation id 2517 : {souq.platform.events=UNKNOWN_TOPIC_OR_PARTITION, souq.publisher.events=UNKNOWN_TOPIC_OR_PARTITION}
2026-02-28T17:11:43.854+01:00  WARN 42770 --- [notification-service] [ntainer#0-0-C-1] org.apache.kafka.clients.NetworkClient   : [Consumer clientId=consumer-notification-service-1, groupId=notification-service] Error while fetching metadata with correlation id 2518 : {souq.platform.events=UNKNOWN_TOPIC_OR_PARTITION, souq.publisher.events=UNKNOWN_TOPIC_OR_PARTITION}
2026-02-28T17:11:44.759+01:00  WARN 42770 --- [notification-service] [ntainer#0-0-C-1] org.apache.kafka.clients.NetworkClient   : [Consumer clientId=consumer-notification-service-1, groupId=notification-service] Error while fetching metadata with correlation id 2519 : {souq.platform.events=UNKNOWN_TOPIC_OR_PARTITION, souq.publisher.events=UNKNOWN_TOPIC_OR_PARTITION}
2026-02-28T17:11:45.645+01:00  WARN 42770 --- [notification-service] [ntainer#0-0-C-1] org.apache.kafka.clients.NetworkClient   : [Consumer clientId=consumer-notification-service-1, groupId=notification-service] Error while fetching metadata with correlation id 2521 : {souq.platform.events=UNKNOWN_TOPIC_OR_PARTITION, souq.publisher.events=UNKNOWN_TOPIC_OR_PARTITION}
2026-02-28T17:11:46.538+01:00  WARN 42770 --- [notification-service] [ntainer#0-0-C-1] org.apache.kafka.clients.NetworkClient   : [Consumer clientId=consumer-notification-service-1, groupId=notification-service] Error while fetching metadata with correlation id 2522 : {souq.platform.events=UNKNOWN_TOPIC_OR_PARTITION, souq.publisher.events=UNKNOWN_TOPIC_OR_PARTITION}
2026-02-28T17:11:47.507+01:00  WARN 42770 --- [notification-service] [ntainer#0-0-C-1] org.apache.kafka.clients.NetworkClient   : [Consumer clientId=consumer-notification-service-1, groupId=notification-service] Error while fetching metadata with correlation id 2523 : {souq.platform.events=UNKNOWN_TOPIC_OR_PARTITION, souq.publisher.events=UNKNOWN_TOPIC_OR_PARTITION}
2026-02-28T17:11:48.508+01:00  WARN 42770 --- [notification-service] [ntainer#0-0-C-1] org.apache.kafka.clients.NetworkClient   : [Consumer clientId=consumer-notification-service-1, groupId=notification-service] Error while fetching metadata with correlation id 2525 : {souq.platform.events=UNKNOWN_TOPIC_OR_PARTITION, souq.publisher.events=UNKNOWN_TOPIC_OR_PARTITION}
2026-02-28T17:11:49.509+01:00  WARN 42770 --- [notification-service] [ntainer#0-0-C-1] org.apache.kafka.clients.NetworkClient   : [Consumer clientId=consumer-notification-service-1, groupId=notification-service] Error while fetching metadata with correlation id 2526 : {souq.platform.events=UNKNOWN_TOPIC_OR_PARTITION, souq.publisher.events=UNKNOWN_TOPIC_OR_PARTITION}
2026-02-28T17:11:50.509+01:00  WARN 42770 --- [notification-service] [ntainer#0-0-C-1] org.apache.kafka.clients.NetworkClient   : [Consumer clientId=consumer-notification-service-1, groupId=notification-service] Error while fetching metadata with correlation id 2527 : {souq.platform.events=UNKNOWN_TOPIC_OR_PARTITION, souq.publisher.events=UNKNOWN_TOPIC_OR_PARTITION}
2026-02-28T17:11:51.438+01:00  WARN 42770 --- [notification-service] [ntainer#0-0-C-1] org.apache.kafka.clients.NetworkClient   : [Consumer clientId=consumer-notification-service-1, groupId=notification-service] Error while fetching metadata with correlation id 2529 : {souq.platform.events=UNKNOWN_TOPIC_OR_PARTITION, souq.publisher.events=UNKNOWN_TOPIC_OR_PARTITION}
2026-02-28T17:11:52.407+01:00  WARN 42770 --- [notification-service] [ntainer#0-0-C-1] org.apache.kafka.clients.NetworkClient   : [Consumer clientId=consumer-notification-service-1, groupId=notification-service] Error while fetching metadata with correlation id 2530 : {souq.platform.events=UNKNOWN_TOPIC_OR_PARTITION, souq.publisher.events=UNKNOWN_TOPIC_OR_PARTITION}
2026-02-28T17:11:53.408+01:00  WARN 42770 --- [notification-service] [ntainer#0-0-C-1] org.apache.kafka.clients.NetworkClient   : [Consumer clientId=consumer-notification-service-1, groupId=notification-service] Error while fetching metadata with correlation id 2531 : {souq.platform.events=UNKNOWN_TOPIC_OR_PARTITION, souq.publisher.events=UNKNOWN_TOPIC_OR_PARTITION}
2026-02-28T17:11:54.408+01:00  WARN 42770 --- [notification-service] [ntainer#0-0-C-1] org.apache.kafka.clients.NetworkClient   : [Consumer clientId=consumer-notification-service-1, groupId=notification-service] Error while fetching metadata with correlation id 2533 : {souq.platform.events=UNKNOWN_TOPIC_OR_PARTITION, souq.publisher.events=UNKNOWN_TOPIC_OR_PARTITION}
2026-02-28T17:11:55.314+01:00  WARN 42770 --- [notification-service] [ntainer#0-0-C-1] org.apache.kafka.clients.NetworkClient   : [Consumer clientId=consumer-notification-service-1, groupId=notification-service] Error while fetching metadata with correlation id 2534 : {souq.platform.events=UNKNOWN_TOPIC_OR_PARTITION, souq.publisher.events=UNKNOWN_TOPIC_OR_PARTITION}
2026-02-28T17:11:56.315+01:00  WARN 42770 --- [notification-service] [ntainer#0-0-C-1] org.apache.kafka.clients.NetworkClient   : [Consumer clientId=consumer-notification-service-1, groupId=notification-service] Error while fetching metadata with correlation id 2535 : {souq.platform.events=UNKNOWN_TOPIC_OR_PARTITION, souq.publisher.events=UNKNOWN_TOPIC_OR_PARTITION}
2026-02-28T17:11:57.244+01:00  WARN 42770 --- [notification-service] [ntainer#0-0-C-1] org.apache.kafka.clients.NetworkClient   : [Consumer clientId=consumer-notification-service-1, groupId=notification-service] Error while fetching metadata with correlation id 2537 : {souq.platform.events=UNKNOWN_TOPIC_OR_PARTITION, souq.publisher.events=UNKNOWN_TOPIC_OR_PARTITION}
2026-02-28T17:11:58.148+01:00  WARN 42770 --- [notification-service] [ntainer#0-0-C-1] org.apache.kafka.clients.NetworkClient   : [Consumer clientId=consumer-notification-service-1, groupId=notification-service] Error while fetching metadata with correlation id 2538 : {souq.platform.events=UNKNOWN_TOPIC_OR_PARTITION, souq.publisher.events=UNKNOWN_TOPIC_OR_PARTITION}
2026-02-28T17:11:59.149+01:00  WARN 42770 --- [notification-service] [ntainer#0-0-C-1] org.apache.kafka.clients.NetworkClient   : [Consumer clientId=consumer-notification-service-1, groupId=notification-service] Error while fetching metadata with correlation id 2539 : {souq.platform.events=UNKNOWN_TOPIC_OR_PARTITION, souq.publisher.events=UNKNOWN_TOPIC_OR_PARTITION}
2026-02-28T17:12:00.143+01:00  WARN 42770 --- [notification-service] [ntainer#0-0-C-1] org.apache.kafka.clients.NetworkClient   : [Consumer clientId=consumer-notification-service-1, groupId=notification-service] Error while fetching metadata with correlation id 2541 : {souq.platform.events=UNKNOWN_TOPIC_OR_PARTITION, souq.publisher.events=UNKNOWN_TOPIC_OR_PARTITION}
2026-02-28T17:12:01.049+01:00  WARN 42770 --- [notification-service] [ntainer#0-0-C-1] org.apache.kafka.clients.NetworkClient   : [Consumer clientId=consumer-notification-service-1, groupId=notification-service] Error while fetching metadata with correlation id 2542 : {souq.platform.events=UNKNOWN_TOPIC_OR_PARTITION, souq.publisher.events=UNKNOWN_TOPIC_OR_PARTITION}
2026-02-28T17:12:01.931+01:00  WARN 42770 --- [notification-service] [ntainer#0-0-C-1] org.apache.kafka.clients.NetworkClient   : [Consumer clientId=consumer-notification-service-1, groupId=notification-service] Error while fetching metadata with correlation id 2543 : {souq.platform.events=UNKNOWN_TOPIC_OR_PARTITION, souq.publisher.events=UNKNOWN_TOPIC_OR_PARTITION}
2026-02-28T17:12:02.841+01:00  WARN 42770 --- [notification-service] [ntainer#0-0-C-1] org.apache.kafka.clients.NetworkClient   : [Consumer clientId=consumer-notification-service-1, groupId=notification-service] Error while fetching metadata with correlation id 2544 : {souq.platform.events=UNKNOWN_TOPIC_OR_PARTITION, souq.publisher.events=UNKNOWN_TOPIC_OR_PARTITION}
2026-02-28T17:12:03.842+01:00  WARN 42770 --- [notification-service] [ntainer#0-0-C-1] org.apache.kafka.clients.NetworkClient   : [Consumer clientId=consumer-notification-service-1, groupId=notification-service] Error while fetching metadata with correlation id 2546 : {souq.platform.events=UNKNOWN_TOPIC_OR_PARTITION, souq.publisher.events=UNKNOWN_TOPIC_OR_PARTITION}
2026-02-28T17:12:04.824+01:00  WARN 42770 --- [notification-service] [ntainer#0-0-C-1] org.apache.kafka.clients.NetworkClient   : [Consumer clientId=consumer-notification-service-1, groupId=notification-service] Error while fetching metadata with correlation id 2547 : {souq.platform.events=UNKNOWN_TOPIC_OR_PARTITION, souq.publisher.events=UNKNOWN_TOPIC_OR_PARTITION}
2026-02-28T17:12:05.794+01:00  WARN 42770 --- [notification-service] [ntainer#0-0-C-1] org.apache.kafka.clients.NetworkClient   : [Consumer clientId=consumer-notification-service-1, groupId=notification-service] Error while fetching metadata with correlation id 2548 : {souq.platform.events=UNKNOWN_TOPIC_OR_PARTITION, souq.publisher.events=UNKNOWN_TOPIC_OR_PARTITION}
2026-02-28T17:12:06.794+01:00  WARN 42770 --- [notification-service] [ntainer#0-0-C-1] org.apache.kafka.clients.NetworkClient   : [Consumer clientId=consumer-notification-service-1, groupId=notification-service] Error while fetching metadata with correlation id 2550 : {souq.platform.events=UNKNOWN_TOPIC_OR_PARTITION, souq.publisher.events=UNKNOWN_TOPIC_OR_PARTITION}
2026-02-28T17:12:07.703+01:00  WARN 42770 --- [notification-service] [ntainer#0-0-C-1] org.apache.kafka.clients.NetworkClient   : [Consumer clientId=consumer-notification-service-1, groupId=notification-service] Error while fetching metadata with correlation id 2551 : {souq.platform.events=UNKNOWN_TOPIC_OR_PARTITION, souq.publisher.events=UNKNOWN_TOPIC_OR_PARTITION}
2026-02-28T17:12:08.704+01:00  WARN 42770 --- [notification-service] [ntainer#0-0-C-1] org.apache.kafka.clients.NetworkClient   : [Consumer clientId=consumer-notification-service-1, groupId=notification-service] Error while fetching metadata with correlation id 2552 : {souq.platform.events=UNKNOWN_TOPIC_OR_PARTITION, souq.publisher.events=UNKNOWN_TOPIC_OR_PARTITION}
2026-02-28T17:12:09.705+01:00  WARN 42770 --- [notification-service] [ntainer#0-0-C-1] org.apache.kafka.clients.NetworkClient   : [Consumer clientId=consumer-notification-service-1, groupId=notification-service] Error while fetching metadata with correlation id 2554 : {souq.platform.events=UNKNOWN_TOPIC_OR_PARTITION, souq.publisher.events=UNKNOWN_TOPIC_OR_PARTITION}
2026-02-28T17:12:10.610+01:00  WARN 42770 --- [notification-service] [ntainer#0-0-C-1] org.apache.kafka.clients.NetworkClient   : [Consumer clientId=consumer-notification-service-1, groupId=notification-service] Error while fetching metadata with correlation id 2555 : {souq.platform.events=UNKNOWN_TOPIC_OR_PARTITION, souq.publisher.events=UNKNOWN_TOPIC_OR_PARTITION}
2026-02-28T17:12:11.514+01:00  WARN 42770 --- [notification-service] [ntainer#0-0-C-1] org.apache.kafka.clients.NetworkClient   : [Consumer clientId=consumer-notification-service-1, groupId=notification-service] Error while fetching metadata with correlation id 2556 : {souq.platform.events=UNKNOWN_TOPIC_OR_PARTITION, souq.publisher.events=UNKNOWN_TOPIC_OR_PARTITION}
2026-02-28T17:12:12.514+01:00  WARN 42770 --- [notification-service] [ntainer#0-0-C-1] org.apache.kafka.clients.NetworkClient   : [Consumer clientId=consumer-notification-service-1, groupId=notification-service] Error while fetching metadata with correlation id 2558 : {souq.platform.events=UNKNOWN_TOPIC_OR_PARTITION, souq.publisher.events=UNKNOWN_TOPIC_OR_PARTITION}
2026-02-28T17:12:13.515+01:00  WARN 42770 --- [notification-service] [ntainer#0-0-C-1] org.apache.kafka.clients.NetworkClient   : [Consumer clientId=consumer-notification-service-1, groupId=notification-service] Error while fetching metadata with correlation id 2559 : {souq.platform.events=UNKNOWN_TOPIC_OR_PARTITION, souq.publisher.events=UNKNOWN_TOPIC_OR_PARTITION}
2026-02-28T17:12:14.420+01:00  WARN 42770 --- [notification-service] [ntainer#0-0-C-1] org.apache.kafka.clients.NetworkClient   : [Consumer clientId=consumer-notification-service-1, groupId=notification-service] Error while fetching metadata with correlation id 2560 : {souq.platform.events=UNKNOWN_TOPIC_OR_PARTITION, souq.publisher.events=UNKNOWN_TOPIC_OR_PARTITION}
2026-02-28T17:12:15.344+01:00  WARN 42770 --- [notification-service] [ntainer#0-0-C-1] org.apache.kafka.clients.NetworkClient   : [Consumer clientId=consumer-notification-service-1, groupId=notification-service] Error while fetching metadata with correlation id 2562 : {souq.platform.events=UNKNOWN_TOPIC_OR_PARTITION, souq.publisher.events=UNKNOWN_TOPIC_OR_PARTITION}
2026-02-28T17:12:16.345+01:00  WARN 42770 --- [notification-service] [ntainer#0-0-C-1] org.apache.kafka.clients.NetworkClient   : [Consumer clientId=consumer-notification-service-1, groupId=notification-service] Error while fetching metadata with correlation id 2563 : {souq.platform.events=UNKNOWN_TOPIC_OR_PARTITION, souq.publisher.events=UNKNOWN_TOPIC_OR_PARTITION}
2026-02-28T17:12:17.309+01:00  WARN 42770 --- [notification-service] [ntainer#0-0-C-1] org.apache.kafka.clients.NetworkClient   : [Consumer clientId=consumer-notification-service-1, groupId=notification-service] Error while fetching metadata with correlation id 2564 : {souq.platform.events=UNKNOWN_TOPIC_OR_PARTITION, souq.publisher.events=UNKNOWN_TOPIC_OR_PARTITION}
2026-02-28T17:12:18.310+01:00  WARN 42770 --- [notification-service] [ntainer#0-0-C-1] org.apache.kafka.clients.NetworkClient   : [Consumer clientId=consumer-notification-service-1, groupId=notification-service] Error while fetching metadata with correlation id 2566 : {souq.platform.events=UNKNOWN_TOPIC_OR_PARTITION, souq.publisher.events=UNKNOWN_TOPIC_OR_PARTITION}
2026-02-28T17:12:19.214+01:00  WARN 42770 --- [notification-service] [ntainer#0-0-C-1] org.apache.kafka.clients.NetworkClient   : [Consumer clientId=consumer-notification-service-1, groupId=notification-service] Error while fetching metadata with correlation id 2567 : {souq.platform.events=UNKNOWN_TOPIC_OR_PARTITION, souq.publisher.events=UNKNOWN_TOPIC_OR_PARTITION}
2026-02-28T17:12:20.215+01:00  WARN 42770 --- [notification-service] [ntainer#0-0-C-1] org.apache.kafka.clients.NetworkClient   : [Consumer clientId=consumer-notification-service-1, groupId=notification-service] Error while fetching metadata with correlation id 2568 : {souq.platform.events=UNKNOWN_TOPIC_OR_PARTITION, souq.publisher.events=UNKNOWN_TOPIC_OR_PARTITION}
2026-02-28T17:12:21.215+01:00  WARN 42770 --- [notification-service] [ntainer#0-0-C-1] org.apache.kafka.clients.NetworkClient   : [Consumer clientId=consumer-notification-service-1, groupId=notification-service] Error while fetching metadata with correlation id 2570 : {souq.platform.events=UNKNOWN_TOPIC_OR_PARTITION, souq.publisher.events=UNKNOWN_TOPIC_OR_PARTITION}
2026-02-28T17:12:22.110+01:00  WARN 42770 --- [notification-service] [ntainer#0-0-C-1] org.apache.kafka.clients.NetworkClient   : [Consumer clientId=consumer-notification-service-1, groupId=notification-service] Error while fetching metadata with correlation id 2571 : {souq.platform.events=UNKNOWN_TOPIC_OR_PARTITION, souq.publisher.events=UNKNOWN_TOPIC_OR_PARTITION}
2026-02-28T17:12:22.915+01:00  WARN 42770 --- [notification-service] [ntainer#0-0-C-1] org.apache.kafka.clients.NetworkClient   : [Consumer clientId=consumer-notification-service-1, groupId=notification-service] Error while fetching metadata with correlation id 2572 : {souq.platform.events=UNKNOWN_TOPIC_OR_PARTITION, souq.publisher.events=UNKNOWN_TOPIC_OR_PARTITION}
2026-02-28T17:12:23.820+01:00  WARN 42770 --- [notification-service] [ntainer#0-0-C-1] org.apache.kafka.clients.NetworkClient   : [Consumer clientId=consumer-notification-service-1, groupId=notification-service] Error while fetching metadata with correlation id 2573 : {souq.platform.events=UNKNOWN_TOPIC_OR_PARTITION, souq.publisher.events=UNKNOWN_TOPIC_OR_PARTITION}
2026-02-28T17:12:24.820+01:00  WARN 42770 --- [notification-service] [ntainer#0-0-C-1] org.apache.kafka.clients.NetworkClient   : [Consumer clientId=consumer-notification-service-1, groupId=notification-service] Error while fetching metadata with correlation id 2575 : {souq.platform.events=UNKNOWN_TOPIC_OR_PARTITION, souq.publisher.events=UNKNOWN_TOPIC_OR_PARTITION}
2026-02-28T17:12:25.792+01:00  WARN 42770 --- [notification-service] [ntainer#0-0-C-1] org.apache.kafka.clients.NetworkClient   : [Consumer clientId=consumer-notification-service-1, groupId=notification-service] Error while fetching metadata with correlation id 2576 : {souq.platform.events=UNKNOWN_TOPIC_OR_PARTITION, souq.publisher.events=UNKNOWN_TOPIC_OR_PARTITION}
2026-02-28T17:12:26.607+01:00  WARN 42770 --- [notification-service] [ntainer#0-0-C-1] org.apache.kafka.clients.NetworkClient   : [Consumer clientId=consumer-notification-service-1, groupId=notification-service] Error while fetching metadata with correlation id 2577 : {souq.platform.events=UNKNOWN_TOPIC_OR_PARTITION, souq.publisher.events=UNKNOWN_TOPIC_OR_PARTITION}
2026-02-28T17:12:27.607+01:00  WARN 42770 --- [notification-service] [ntainer#0-0-C-1] org.apache.kafka.clients.NetworkClient   : [Consumer clientId=consumer-notification-service-1, groupId=notification-service] Error while fetching metadata with correlation id 2579 : {souq.platform.events=UNKNOWN_TOPIC_OR_PARTITION, souq.publisher.events=UNKNOWN_TOPIC_OR_PARTITION}
2026-02-28T17:12:28.478+01:00  WARN 42770 --- [notification-service] [ntainer#0-0-C-1] org.apache.kafka.clients.NetworkClient   : [Consumer clientId=consumer-notification-service-1, groupId=notification-service] Error while fetching metadata with correlation id 2580 : {souq.platform.events=UNKNOWN_TOPIC_OR_PARTITION, souq.publisher.events=UNKNOWN_TOPIC_OR_PARTITION}
2026-02-28T17:12:29.479+01:00  WARN 42770 --- [notification-service] [ntainer#0-0-C-1] org.apache.kafka.clients.NetworkClient   : [Consumer clientId=consumer-notification-service-1, groupId=notification-service] Error while fetching metadata with correlation id 2581 : {souq.platform.events=UNKNOWN_TOPIC_OR_PARTITION, souq.publisher.events=UNKNOWN_TOPIC_OR_PARTITION}
2026-02-28T17:12:30.446+01:00  WARN 42770 --- [notification-service] [ntainer#0-0-C-1] org.apache.kafka.clients.NetworkClient   : [Consumer clientId=consumer-notification-service-1, groupId=notification-service] Error while fetching metadata with correlation id 2583 : {souq.platform.events=UNKNOWN_TOPIC_OR_PARTITION, souq.publisher.events=UNKNOWN_TOPIC_OR_PARTITION}
2026-02-28T17:12:31.251+01:00  WARN 42770 --- [notification-service] [ntainer#0-0-C-1] org.apache.kafka.clients.NetworkClient   : [Consumer clientId=consumer-notification-service-1, groupId=notification-service] Error while fetching metadata with correlation id 2584 : {souq.platform.events=UNKNOWN_TOPIC_OR_PARTITION, souq.publisher.events=UNKNOWN_TOPIC_OR_PARTITION}
2026-02-28T17:12:32.110+01:00  WARN 42770 --- [notification-service] [ntainer#0-0-C-1] org.apache.kafka.clients.NetworkClient   : [Consumer clientId=consumer-notification-service-1, groupId=notification-service] Error while fetching metadata with correlation id 2585 : {souq.platform.events=UNKNOWN_TOPIC_OR_PARTITION, souq.publisher.events=UNKNOWN_TOPIC_OR_PARTITION}
2026-02-28T17:12:33.043+01:00  WARN 42770 --- [notification-service] [ntainer#0-0-C-1] org.apache.kafka.clients.NetworkClient   : [Consumer clientId=consumer-notification-service-1, groupId=notification-service] Error while fetching metadata with correlation id 2587 : {souq.platform.events=UNKNOWN_TOPIC_OR_PARTITION, souq.publisher.events=UNKNOWN_TOPIC_OR_PARTITION}
2026-02-28T17:12:34.043+01:00  WARN 42770 --- [notification-service] [ntainer#0-0-C-1] org.apache.kafka.clients.NetworkClient   : [Consumer clientId=consumer-notification-service-1, groupId=notification-service] Error while fetching metadata with correlation id 2588 : {souq.platform.events=UNKNOWN_TOPIC_OR_PARTITION, souq.publisher.events=UNKNOWN_TOPIC_OR_PARTITION}
2026-02-28T17:12:35.043+01:00  WARN 42770 --- [notification-service] [ntainer#0-0-C-1] org.apache.kafka.clients.NetworkClient   : [Consumer clientId=consumer-notification-service-1, groupId=notification-service] Error while fetching metadata with correlation id 2589 : {souq.platform.events=UNKNOWN_TOPIC_OR_PARTITION, souq.publisher.events=UNKNOWN_TOPIC_OR_PARTITION}
2026-02-28T17:12:36.044+01:00  WARN 42770 --- [notification-service] [ntainer#0-0-C-1] org.apache.kafka.clients.NetworkClient   : [Consumer clientId=consumer-notification-service-1, groupId=notification-service] Error while fetching metadata with correlation id 2591 : {souq.platform.events=UNKNOWN_TOPIC_OR_PARTITION, souq.publisher.events=UNKNOWN_TOPIC_OR_PARTITION}
2026-02-28T17:12:37.010+01:00  WARN 42770 --- [notification-service] [ntainer#0-0-C-1] org.apache.kafka.clients.NetworkClient   : [Consumer clientId=consumer-notification-service-1, groupId=notification-service] Error while fetching metadata with correlation id 2592 : {souq.platform.events=UNKNOWN_TOPIC_OR_PARTITION, souq.publisher.events=UNKNOWN_TOPIC_OR_PARTITION}
2026-02-28T17:12:38.011+01:00  WARN 42770 --- [notification-service] [ntainer#0-0-C-1] org.apache.kafka.clients.NetworkClient   : [Consumer clientId=consumer-notification-service-1, groupId=notification-service] Error while fetching metadata with correlation id 2593 : {souq.platform.events=UNKNOWN_TOPIC_OR_PARTITION, souq.publisher.events=UNKNOWN_TOPIC_OR_PARTITION}
2026-02-28T17:12:38.844+01:00  WARN 42770 --- [notification-service] [ntainer#0-0-C-1] org.apache.kafka.clients.NetworkClient   : [Consumer clientId=consumer-notification-service-1, groupId=notification-service] Error while fetching metadata with correlation id 2594 : {souq.platform.events=UNKNOWN_TOPIC_OR_PARTITION, souq.publisher.events=UNKNOWN_TOPIC_OR_PARTITION}
2026-02-28T17:12:39.844+01:00  WARN 42770 --- [notification-service] [ntainer#0-0-C-1] org.apache.kafka.clients.NetworkClient   : [Consumer clientId=consumer-notification-service-1, groupId=notification-service] Error while fetching metadata with correlation id 2596 : {souq.platform.events=UNKNOWN_TOPIC_OR_PARTITION, souq.publisher.events=UNKNOWN_TOPIC_OR_PARTITION}
2026-02-28T17:12:40.761+01:00  WARN 42770 --- [notification-service] [ntainer#0-0-C-1] org.apache.kafka.clients.NetworkClient   : [Consumer clientId=consumer-notification-service-1, groupId=notification-service] Error while fetching metadata with correlation id 2597 : {souq.platform.events=UNKNOWN_TOPIC_OR_PARTITION, souq.publisher.events=UNKNOWN_TOPIC_OR_PARTITION}
2026-02-28T17:12:41.743+01:00  WARN 42770 --- [notification-service] [ntainer#0-0-C-1] org.apache.kafka.clients.NetworkClient   : [Consumer clientId=consumer-notification-service-1, groupId=notification-service] Error while fetching metadata with correlation id 2598 : {souq.platform.events=UNKNOWN_TOPIC_OR_PARTITION, souq.publisher.events=UNKNOWN_TOPIC_OR_PARTITION}
2026-02-28T17:12:42.670+01:00  WARN 42770 --- [notification-service] [ntainer#0-0-C-1] org.apache.kafka.clients.NetworkClient   : [Consumer clientId=consumer-notification-service-1, groupId=notification-service] Error while fetching metadata with correlation id 2600 : {souq.platform.events=UNKNOWN_TOPIC_OR_PARTITION, souq.publisher.events=UNKNOWN_TOPIC_OR_PARTITION}
2026-02-28T17:12:43.475+01:00  WARN 42770 --- [notification-service] [ntainer#0-0-C-1] org.apache.kafka.clients.NetworkClient   : [Consumer clientId=consumer-notification-service-1, groupId=notification-service] Error while fetching metadata with correlation id 2601 : {souq.platform.events=UNKNOWN_TOPIC_OR_PARTITION, souq.publisher.events=UNKNOWN_TOPIC_OR_PARTITION}
2026-02-28T17:12:44.381+01:00  WARN 42770 --- [notification-service] [ntainer#0-0-C-1] org.apache.kafka.clients.NetworkClient   : [Consumer clientId=consumer-notification-service-1, groupId=notification-service] Error while fetching metadata with correlation id 2602 : {souq.platform.events=UNKNOWN_TOPIC_OR_PARTITION, souq.publisher.events=UNKNOWN_TOPIC_OR_PARTITION}
2026-02-28T17:12:45.247+01:00  WARN 42770 --- [notification-service] [ntainer#0-0-C-1] org.apache.kafka.clients.NetworkClient   : [Consumer clientId=consumer-notification-service-1, groupId=notification-service] Error while fetching metadata with correlation id 2604 : {souq.platform.events=UNKNOWN_TOPIC_OR_PARTITION, souq.publisher.events=UNKNOWN_TOPIC_OR_PARTITION}
2026-02-28T17:12:46.051+01:00  WARN 42770 --- [notification-service] [ntainer#0-0-C-1] org.apache.kafka.clients.NetworkClient   : [Consumer clientId=consumer-notification-service-1, groupId=notification-service] Error while fetching metadata with correlation id 2605 : {souq.platform.events=UNKNOWN_TOPIC_OR_PARTITION, souq.publisher.events=UNKNOWN_TOPIC_OR_PARTITION}
2026-02-28T17:12:47.052+01:00  WARN 42770 --- [notification-service] [ntainer#0-0-C-1] org.apache.kafka.clients.NetworkClient   : [Consumer clientId=consumer-notification-service-1, groupId=notification-service] Error while fetching metadata with correlation id 2606 : {souq.platform.events=UNKNOWN_TOPIC_OR_PARTITION, souq.publisher.events=UNKNOWN_TOPIC_OR_PARTITION}
2026-02-28T17:12:47.941+01:00  WARN 42770 --- [notification-service] [ntainer#0-0-C-1] org.apache.kafka.clients.NetworkClient   : [Consumer clientId=consumer-notification-service-1, groupId=notification-service] Error while fetching metadata with correlation id 2608 : {souq.platform.events=UNKNOWN_TOPIC_OR_PARTITION, souq.publisher.events=UNKNOWN_TOPIC_OR_PARTITION}
2026-02-28T17:12:48.846+01:00  WARN 42770 --- [notification-service] [ntainer#0-0-C-1] org.apache.kafka.clients.NetworkClient   : [Consumer clientId=consumer-notification-service-1, groupId=notification-service] Error while fetching metadata with correlation id 2609 : {souq.platform.events=UNKNOWN_TOPIC_OR_PARTITION, souq.publisher.events=UNKNOWN_TOPIC_OR_PARTITION}
2026-02-28T17:12:49.847+01:00  WARN 42770 --- [notification-service] [ntainer#0-0-C-1] org.apache.kafka.clients.NetworkClient   : [Consumer clientId=consumer-notification-service-1, groupId=notification-service] Error while fetching metadata with correlation id 2610 : {souq.platform.events=UNKNOWN_TOPIC_OR_PARTITION, souq.publisher.events=UNKNOWN_TOPIC_OR_PARTITION}
2026-02-28T17:12:50.751+01:00  WARN 42770 --- [notification-service] [ntainer#0-0-C-1] org.apache.kafka.clients.NetworkClient   : [Consumer clientId=consumer-notification-service-1, groupId=notification-service] Error while fetching metadata with correlation id 2611 : {souq.platform.events=UNKNOWN_TOPIC_OR_PARTITION, souq.publisher.events=UNKNOWN_TOPIC_OR_PARTITION}
2026-02-28T17:12:51.752+01:00  WARN 42770 --- [notification-service] [ntainer#0-0-C-1] org.apache.kafka.clients.NetworkClient   : [Consumer clientId=consumer-notification-service-1, groupId=notification-service] Error while fetching metadata with correlation id 2613 : {souq.platform.events=UNKNOWN_TOPIC_OR_PARTITION, souq.publisher.events=UNKNOWN_TOPIC_OR_PARTITION}
2026-02-28T17:12:52.753+01:00  WARN 42770 --- [notification-service] [ntainer#0-0-C-1] org.apache.kafka.clients.NetworkClient   : [Consumer clientId=consumer-notification-service-1, groupId=notification-service] Error while fetching metadata with correlation id 2614 : {souq.platform.events=UNKNOWN_TOPIC_OR_PARTITION, souq.publisher.events=UNKNOWN_TOPIC_OR_PARTITION}
2026-02-28T17:12:53.754+01:00  WARN 42770 --- [notification-service] [ntainer#0-0-C-1] org.apache.kafka.clients.NetworkClient   : [Consumer clientId=consumer-notification-service-1, groupId=notification-service] Error while fetching metadata with correlation id 2615 : {souq.platform.events=UNKNOWN_TOPIC_OR_PARTITION, souq.publisher.events=UNKNOWN_TOPIC_OR_PARTITION}
2026-02-28T17:12:54.650+01:00  WARN 42770 --- [notification-service] [ntainer#0-0-C-1] org.apache.kafka.clients.NetworkClient   : [Consumer clientId=consumer-notification-service-1, groupId=notification-service] Error while fetching metadata with correlation id 2617 : {souq.platform.events=UNKNOWN_TOPIC_OR_PARTITION, souq.publisher.events=UNKNOWN_TOPIC_OR_PARTITION}
